ID,Ka_Sc vs Kl
Q0010,
Q0017,
Q0032,
Q0045,
Q0050,
Q0055,
Q0060,
Q0065,
Q0070,
Q0075,
Q0080,
Q0085,
Q0092,
Q0105,
Q0110,
Q0115,
Q0120,
Q0130,
Q0140,
Q0142,
Q0143,
Q0144,
Q0160,
Q0182,
Q0250,
Q0255,
Q0275,
Q0297,
R0020C,
R0040C,
snR10,
YAL001C,0.5423
YAL002W,0.8146
YAL003W,0.107
YAL004W,
YAL005C,0.2771
YAL007C,0.2344
YAL008W,0.8312
YAL009W,0.3928
YAL010C,0.4867
YAL011W,0.6979
YAL012W,0.1131
YAL013W,0.4252
YAL014C,0.7548
YAL015C,0.6297
YAL016C-A,
YAL016C-B,
YAL016W,0.2147
YAL017W,0.4174
YAL018C,0.7076
YAL019W,0.3677
YAL019W-A,
YAL020C,0.6471
YAL021C,0.3147
YAL022C,0.4487
YAL023C,0.1916
YAL024C,0.6002
YAL025C,0.2013
YAL026C,0.1957
YAL026C-A,
YAL027W,1.4711
YAL028W,1.2265
YAL029C,0.4803
YAL030W,0.1422
YAL031C,0.9174
YAL031W-A,
YAL032C,0.7284
YAL033W,0.4846
YAL034C,0.7343
YAL034C-B,
YAL034WA,
YAL034W-A,0.5452
YAL035C-A,
YAL035W,0.1713
YAL036C,0.0377
YAL037C-A,
YAL037C-B,
YAL037W,1.1662
YAL038W,0.0848
YAL039C,0.3707
YAL040C,0.8575
YAL041W,0.3328
YAL042C-A,
YAL042W,0.2456
YAL043C,0.6176
YAL043C-A,
YAL044C,0.3903
YAL044W-A,0.4537
YAL045C,
YAL046C,0.3684
YAL047C,1.3371
YAL047W-A,
YAL048C,0.2423
YAL049C,0.3779
YAL051W,0.8513
YAL053W,0.3079
YAL054C,0.1539
YAL055W,1.3206
YAL056C-A,
YAL056W,0.9311
YAL058C-A,
YAL058W,0.7937
YAL059C-A,
YAL059W,0.6379
YAL060W,0.3282
YAL061W,0.2978
YAL062W,0.1856
YAL063C,2.5492
YAL063C-A,
YAL064C-A,
YAL064W,
YAL064W-B,
YAL065C,
YAL065C-A,
YAL066W,
YAL067C,1.1773
YAL067W-A,
YAL068C,
YAL068W-A,
YAL069W,
YAR002CA,
YAR002C-A,0.4311
YAR002W,1.2499
YAR003W,0.353
YAR007C,0.2934
YAR008W,0.5549
YAR009C,0.6046
YAR010C,
YAR014C,0.838
YAR015W,0.1431
YAR018C,0.3282
YAR019C,0.6545
YAR019W-A,
YAR020C,
YAR023C,
YAR027W,
YAR028W,
YAR029W,
YAR030C,
YAR031W,
YAR033W,
YAR035C-A,
YAR035W,0.2918
YAR037W,
YAR040C,
YAR042W,0.3572
YAR043C,
YAR044W,
YAR047C,
YAR050W,2.1891
YAR052C,
YAR053W,
YAR060C,
YAR061W,
YAR062W,
YAR064W,
YAR066W,
YAR068W,
YAR069C,
YAR070C,
YAR071W,0.3974
YAR073W,
YAR074C,
YAR075W,
YBL001C,0.245
YBL002W,0.0331
YBL003C,0.0079
YBL004W,0.4204
YBL005W,1.1299
YBL005WA,
YBL005W-A,
YBL005W-B,0.678
YBL006C,1.208
YBL006W-A,
YBL007C,0.4549
YBL008W,0.3976
YBL008W-A,
YBL009W,1.0652
YBL010C,1.188
YBL011W,0.3223
YBL012C,
YBL013W,0.6016
YBL014C,1.0015
YBL015W,0.106
YBL016W,0.2211
YBL017C,0.5146
YBL018C,0.5304
YBL019W,0.4557
YBL020W,0.3422
YBL021C,0.159
YBL022C,0.2208
YBL023C,0.126
YBL024W,0.2211
YBL025W,0.5417
YBL026W,0.1247
YBL027W,0.1002
YBL028C,0.4067
YBL029C-A,0.3856
YBL029W,0.6708
YBL030C,0.0716
YBL031W,1.1313
YBL032W,0.6816
YBL033C,0.1689
YBL034C,0.9966
YBL035C,0.3639
YBL036C,0.2647
YBL037W,0.5428
YBL038W,0.1905
YBL039C,0.1287
YBL039C-A,
YBL039W-B,
YBL040C,0.3297
YBL041W,0.1034
YBL042C,0.352
YBL043W,1.6223
YBL044W,
YBL045C,0.3303
YBL046W,1.1083
YBL047C,0.5414
YBL048W,
YBL049W,0.3829
YBL050W,0.3165
YBL051C,0.4481
YBL052C,0.7382
YBL053W,
YBL054W,1.8837
YBL055C,0.5238
YBL056W,0.3111
YBL057C,0.2288
YBL058W,0.3681
YBL059C-A,0.3847
YBL059W,0.8342
YBL060W,0.8846
YBL061C,0.4688
YBL062W,
YBL063W,
YBL064C,0.248
YBL065W,
YBL066C,0.3759
YBL067C,0.5699
YBL068W,0.2738
YBL068W-A,
YBL069W,0.4431
YBL070C,
YBL071C,
YBL071C-B,
YBL071W-A,0.184
YBL072C,0.0686
YBL073W,
YBL074C,0.734
YBL075C,0.2481
YBL076C,0.1208
YBL077W,
YBL078C,0.0908
YBL079W,0.3293
YBL080C,0.3329
YBL081W,1.4072
YBL082C,0.4566
YBL083C,
YBL084C,0.5704
YBL085W,0.7117
YBL086C,0.6426
YBL087C,0.0387
YBL088C,0.86
YBL089W,0.751
YBL090W,0.8148
YBL091C,0.2132
YBL091CA,
YBL091C-A,0.8403
YBL092W,0.161
YBL093C,0.314
YBL094C,
YBL095W,0.505
YBL096C,
YBL097W,0.4948
YBL098W,
YBL099W,0.0699
YBL100C,
YBL100W-A,
YBL100W-B,0.6606
YBL100W-C,
YBL101C,0.665
YBL101WA,
YBL101W-A,
YBL101W-B,
YBL102W,0.1913
YBL103C,0.927
YBL104C,0.2602
YBL105C,0.2996
YBL106C,0.4004
YBL107C,0.5771
YBL107WA,
YBL107W-A,
YBL108C-A,
YBL108W,
YBL109W,
YBL111C,
YBL112C,
YBL113C,
YBL113W-A,
YBR001C,0.2077
YBR002C,0.3407
YBR003W,0.1818
YBR004C,0.4931
YBR005W,0.9875
YBR006W,0.1976
YBR007C,1.0026
YBR008C,
YBR009C,0.0321
YBR010W,0.0096
YBR011C,0.0953
YBR012C,
YBR012W-A,
YBR012W-B,0.683
YBR013C,
YBR014C,0.7027
YBR015C,0.3938
YBR016W,0.925
YBR017C,0.3807
YBR018C,0.2422
YBR019C,0.3556
YBR020W,0.3063
YBR021W,0.2987
YBR022W,
YBR023C,0.276
YBR024W,0.3509
YBR025C,0.0648
YBR026C,0.2559
YBR027C,
YBR028C,0.3224
YBR029C,0.2047
YBR030W,0.6693
YBR031W,0.092
YBR032W,
YBR033W,
YBR034C,0.1622
YBR035C,0.2275
YBR036C,
YBR037C,0.275
YBR038W,0.2305
YBR039W,0.2082
YBR040W,0.5903
YBR041W,0.3133
YBR042C,0.426
YBR043C,0.3344
YBR044C,0.5639
YBR045C,1.5556
YBR046C,0.2669
YBR047W,0.5416
YBR048W,0.0497
YBR049C,0.4532
YBR050C,1.2947
YBR051W,
YBR052C,0.3733
YBR053C,0.5324
YBR054W,
YBR055C,0.7644
YBR056C-B,
YBR056W,0.4627
YBR056W-A,
YBR057C,0.5993
YBR058C,0.4632
YBR058C-A,0.4566
YBR059C,0.5043
YBR060C,0.6788
YBR061C,0.1456
YBR062C,0.5491
YBR063C,
YBR064W,
YBR065C,1.0013
YBR066C,0.8695
YBR067C,
YBR068C,0.5939
YBR069C,0.6622
YBR070C,0.5122
YBR071W,1.1804
YBR072C-A,
YBR072W,0.5075
YBR073W,0.4428
YBR074W,0.5508
YBR075W,
YBR076C-A,
YBR076W,
YBR077C,0.5097
YBR078W,0.4106
YBR079C,0.4426
YBR080C,0.1045
YBR081C,0.4949
YBR082C,0.5984
YBR083W,1.0985
YBR084C-A,0.0986
YBR084W,0.1917
YBR085C-A,0.2929
YBR085W,0.1027
YBR086C,0.8094
YBR087W,0.2107
YBR088C,0.2265
YBR089CA,
YBR089C-A,0.1191
YBR089W,
YBR090C,
YBR090C-A,
YBR091C,0.2818
YBR092C,0.3894
YBR093C,
YBR094W,0.3636
YBR095C,0.4675
YBR096W,0.3945
YBR097W,0.5147
YBR098W,1.1593
YBR099C,
YBR100W,
YBR101C,0.2972
YBR102C,0.57
YBR103C-A,
YBR103W,0.554
YBR104W,0.2636
YBR105C,0.5564
YBR106W,0.1798
YBR107C,
YBR108W,1.3965
YBR109C,0.0382
YBR109W-A,
YBR110W,0.2998
YBR111C,0.2264
YBR111W-A,0.6603
YBR112C,0.4586
YBR113W,
YBR114W,0.2064
YBR115C,0.1845
YBR116C,
YBR117C,0.201
YBR118W,0.0213
YBR119W,0.8396
YBR120C,0.2955
YBR121C,0.1209
YBR121C-A,
YBR122C,0.3522
YBR123C,0.373
YBR124W,
YBR125C,0.324
YBR126C,0.1429
YBR126W-A,
YBR126W-B,
YBR127C,0.0487
YBR128C,1.1325
YBR129C,0.8181
YBR130C,1.1973
YBR131C-A,
YBR131W,0.9203
YBR132C,0.2695
YBR133C,0.4721
YBR134W,
YBR135W,0.1173
YBR136W,0.4562
YBR137W,
YBR138C,0.7398
YBR139W,0.3694
YBR140C,0.6747
YBR141C,0.5627
YBR141W-A,
YBR142W,0.3299
YBR143C,0.0727
YBR144C,
YBR145W,0.1895
YBR146W,0.2625
YBR147W,0.2852
YBR148W,2.1996
YBR149W,0.326
YBR150C,1.319
YBR151W,0.4411
YBR152W,1.4628
YBR153W,0.3744
YBR154C,0.1028
YBR155W,0.3974
YBR156C,0.9683
YBR157C,1.0406
YBR158W,0.9272
YBR159W,0.3028
YBR160W,0.0827
YBR161W,0.2999
YBR162C,0.3525
YBR162WA,
YBR162W-A,0.5941
YBR163W,0.8588
YBR164C,0.0594
YBR165W,0.9223
YBR166C,0.2012
YBR167C,0.5465
YBR168W,0.8097
YBR169C,1.0031
YBR170C,0.2949
YBR171W,0.3469
YBR172C,1.2194
YBR173C,0.3174
YBR174C,
YBR175W,0.3884
YBR176W,0.4436
YBR177C,0.3666
YBR178W,
YBR179C,0.453
YBR180W,0.4801
YBR181C,0.0825
YBR182C,0.957
YBR182C-A,
YBR183W,0.4227
YBR184W,
YBR185C,0.3449
YBR186W,0.9001
YBR187W,0.3903
YBR188C,
YBR189W,0.0493
YBR190W,
YBR191W,0.0341
YBR191W-A,
YBR192W,0.1598
YBR193C,0.3926
YBR194W,0.4672
YBR195C,0.391
YBR196C,0.0875
YBR196C-A,
YBR196C-B,
YBR197C,1.0394
YBR198C,0.3145
YBR199W,0.8215
YBR200W,0.3569
YBR200W-A,
YBR201C-A,
YBR201W,1.1064
YBR202W,0.2203
YBR203W,0.939
YBR204C,0.748
YBR205W,0.2755
YBR206W,
YBR207W,0.2951
YBR208C,0.1928
YBR209W,
YBR210W,0.3092
YBR211C,1.1237
YBR212W,0.6839
YBR213W,0.5784
YBR214W,0.282
YBR215W,0.8247
YBR216C,0.7948
YBR217W,0.589
YBR218C,0.0922
YBR219C,
YBR220C,0.3622
YBR221C,0.1031
YBR221W-A,
YBR222C,
YBR223C,1.0263
YBR223W-A,
YBR224W,
YBR225W,0.8289
YBR226C,
YBR227C,0.2531
YBR228W,0.5278
YBR229C,0.4237
YBR230C,1.1094
YBR230W-A,
YBR231C,0.4804
YBR232C,
YBR233W,0.5055
YBR233W-A,0.518
YBR234C,0.2491
YBR235W,0.2883
YBR236C,0.2128
YBR237W,0.4869
YBR238C,0.4846
YBR239C,0.4262
YBR240C,1.0168
YBR241C,1.2958
YBR242W,0.2949
YBR243C,0.2491
YBR244W,0.1712
YBR245C,0.1814
YBR246W,0.3977
YBR247C,0.2258
YBR248C,0.1993
YBR249C,0.0993
YBR250W,1.1925
YBR251W,0.2747
YBR252W,0.1679
YBR253W,0.7509
YBR254C,0.3379
YBR255C-A,0.2318
YBR255W,0.8924
YBR256C,0.2601
YBR257W,0.3908
YBR258C,0.6794
YBR259W,2.2006
YBR260C,0.3157
YBR261C,0.2578
YBR262C,0.6609
YBR263W,0.2488
YBR264C,0.5546
YBR265W,0.5134
YBR266C,
YBR267W,0.3595
YBR268W,0.5164
YBR269C,0.296
YBR270C,0.6039
YBR271W,0.4773
YBR272C,0.8387
YBR273C,0.6638
YBR274W,0.3901
YBR275C,1.108
YBR276C,0.6816
YBR277C,
YBR278W,1.0249
YBR279W,0.4676
YBR280C,0.4954
YBR281C,0.3974
YBR282W,0.4715
YBR283C,0.3539
YBR284W,
YBR285W,
YBR286W,0.2773
YBR287W,0.2579
YBR288C,0.746
YBR289W,0.5359
YBR290W,0.4381
YBR291C,0.1272
YBR292C,
YBR293W,0.9198
YBR294W,
YBR295W,1.0072
YBR296C,0.1596
YBR296C-A,
YBR297W,
YBR298C,1.223
YBR298C-A,
YBR299W,0.2911
YBR300C,
YBR301W,
YBR302C,
YCL001W,0.2412
YCL001W-A,
YCL001W-B,0.5087
YCL002C,0.5991
YCL003W,
YCL004W,0.3831
YCL005W,1.1772
YCL005W-A,
YCL006C,
YCL007C,
YCL008C,0.9413
YCL009C,0.2106
YCL010C,0.4506
YCL011C,0.5683
YCL012C,
YCL012W,
YCL013W,
YCL014W,0.6192
YCL016C,0.501
YCL017C,0.1531
YCL018W,0.0882
YCL019W,0.6519
YCL020W,
YCL021W,
YCL021W-A,
YCL022C,
YCL023C,
YCL024W,0.5287
YCL025C,0.608
YCL026C,
YCL026CA,
YCL026C-A,0.3204
YCL026C-B,0.2239
YCL027W,1.0704
YCL028W,
YCL029C,0.5587
YCL030C,0.214
YCL031C,0.3296
YCL032W,0.5774
YCL033C,0.39
YCL034W,0.6134
YCL035C,0.3202
YCL036W,0.7323
YCL037C,1.0618
YCL038C,0.3271
YCL039W,0.6546
YCL040W,0.3248
YCL041C,
YCL042W,
YCL043C,0.4279
YCL044C,0.5384
YCL045C,0.7521
YCL046W,
YCL047C,
YCL048W,0.6057
YCL048W-A,
YCL049C,
YCL050C,0.4225
YCL051W,0.9534
YCL052C,0.7536
YCL053C,
YCL054W,0.1508
YCL054W-A,
YCL055W,0.2395
YCL056C,1.1943
YCL057C-A,0.2307
YCL057W,0.3172
YCL058C,
YCL058W-A,
YCL059C,0.1041
YCL060C,
YCL061C,0.8762
YCL062W,
YCL063W,0.8436
YCL064C,0.3963
YCL065W,
YCL066W,1.0571
YCL067C,0.8935
YCL068C,
YCL069W,0.4635
YCL073C,0.4844
YCL074W,
YCL075W,
YCL076W,
YCR001W,
YCR002C,0.1424
YCR003W,0.2894
YCR004C,0.2492
YCR005C,0.1622
YCR006C,
YCR007C,
YCR008W,0.4017
YCR009C,0.1409
YCR010C,0.3115
YCR011C,0.2204
YCR012W,0.1441
YCR013C,
YCR014C,1.0212
YCR015C,0.7977
YCR016W,0.5756
YCR017C,0.3543
YCR018C,
YCR018C-A,
YCR019W,0.5025
YCR020C,0.5578
YCR020CA,
YCR020C-A,0.9021
YCR020WB,
YCR020W-B,
YCR021C,
YCR022C,
YCR023C,
YCR024C,0.5128
YCR024CA,
YCR024C-A,
YCR024C-B,
YCR025C,
YCR026C,0.8517
YCR027C,0.4929
YCR028C,0.3164
YCR028CA,
YCR028C-A,0.3047
YCR029C,
YCR029C-A,
YCR030C,1.2028
YCR031C,0.0802
YCR032W,0.9022
YCR033W,0.9059
YCR034W,0.1675
YCR035C,0.3225
YCR036W,0.4255
YCR037C,0.3155
YCR038C,0.9698
YCR038W-A,
YCR039C,
YCR040W,
YCR041W,
YCR042C,0.4464
YCR043C,0.5313
YCR044C,0.4604
YCR045C,0.6134
YCR045W-A,
YCR046C,0.357
YCR047C,0.1465
YCR047W-A,
YCR048W,0.5658
YCR049C,
YCR050C,
YCR051W,0.5571
YCR052W,0.7275
YCR053W,0.1194
YCR054C,0.8093
YCR055C,
YCR056W,
YCR057C,0.1904
YCR058C,
YCR059C,0.3225
YCR060W,0.742
YCR061W,0.4419
YCR062W,
YCR063W,0.2524
YCR064C,
YCR065W,0.897
YCR066W,0.6585
YCR067C,0.9892
YCR068W,0.3935
YCR069W,0.5687
YCR070W,
YCR071C,0.451
YCR072C,0.1256
YCR073C,0.4649
YCR073WA,
YCR073W-A,0.1964
YCR074C,
YCR075C,0.5702
YCR075W-A,
YCR076C,1.1058
YCR077C,0.3776
YCR079W,0.4187
YCR080W,
YCR081C-A,
YCR081W,0.6548
YCR082W,1.2683
YCR083W,0.4247
YCR084C,0.281
YCR085W,
YCR086W,0.434
YCR087C-A,0.4227
YCR087W,
YCR088W,0.4937
YCR089W,2.8063
YCR090C,0.5292
YCR091W,0.4376
YCR092C,0.4762
YCR093W,0.4331
YCR094W,0.3173
YCR095C,0.4615
YCR095W-A,
YCR096C,
YCR097W,
YCR097WA,
YCR097W-A,
YCR097WB,
YCR098C,0.8996
YCR099C,
YCR100C,
YCR101C,
YCR102C,0.4069
YCR102WA,
YCR102W-A,
YCR103C,
YCR104W,
YCR105W,1.158
YCR106W,1.1285
YCR107W,
YCR108C,
YDL001W,0.175
YDL002C,0.5718
YDL003W,0.6589
YDL004W,0.1928
YDL005C,0.8382
YDL006W,0.1299
YDL007C-A,
YDL007W,0.0483
YDL008W,0.5055
YDL009C,
YDL010W,0.7002
YDL011C,
YDL012C,0.3809
YDL013W,0.5519
YDL014W,0.0602
YDL015C,0.3731
YDL016C,
YDL017W,0.4057
YDL018C,0.5551
YDL019C,0.4102
YDL020C,1.1459
YDL021W,0.3443
YDL022C-A,
YDL022W,0.2204
YDL023C,
YDL024C,0.4249
YDL025C,0.5517
YDL025W-A,
YDL026W,
YDL027C,1.1565
YDL028C,0.608
YDL029W,0.0449
YDL030W,0.7012
YDL031W,0.2166
YDL032W,
YDL033C,0.3515
YDL034W,
YDL035C,0.6245
YDL036C,0.3332
YDL037C,0.7703
YDL038C,
YDL039C,
YDL040C,0.4033
YDL041W,
YDL042C,0.3805
YDL043C,0.4339
YDL044C,0.9482
YDL045C,0.4116
YDL045WA,
YDL045W-A,0.201
YDL046W,0.3866
YDL047W,0.0426
YDL048C,0.8742
YDL049C,0.5349
YDL050C,
YDL051W,0.5052
YDL052C,0.4114
YDL053C,1.0831
YDL054C,0.5672
YDL055C,0.0532
YDL056W,0.4329
YDL057W,0.587
YDL058W,0.7178
YDL059C,0.4314
YDL060W,0.2364
YDL061C,0.1679
YDL062W,
YDL063C,0.51
YDL064W,0.1233
YDL065C,0.526
YDL066W,0.128
YDL067C,0.2988
YDL068W,
YDL069C,1.1198
YDL070W,0.6188
YDL071C,
YDL072C,0.4638
YDL073W,0.8803
YDL074C,0.6018
YDL075W,0.0784
YDL076C,0.6141
YDL077C,0.8304
YDL078C,0.4303
YDL079C,0.4771
YDL080C,0.6226
YDL081C,0.246
YDL082W,0.0612
YDL083C,0.0233
YDL084W,0.0786
YDL085C-A,0.193
YDL085W,0.307
YDL086C-A,
YDL086W,0.3034
YDL087C,0.455
YDL088C,0.5911
YDL089W,0.8885
YDL090C,0.4294
YDL091C,0.5384
YDL092W,0.8134
YDL093W,
YDL094C,
YDL095W,0.305
YDL096C,
YDL097C,0.1954
YDL098C,0.4615
YDL099W,0.9791
YDL100C,0.0984
YDL101C,0.2107
YDL102W,0.1716
YDL103C,0.2566
YDL104C,0.3217
YDL105W,0.5258
YDL106C,0.5344
YDL107W,0.5188
YDL108W,0.1406
YDL109C,0.5267
YDL110C,0.6454
YDL111C,0.3047
YDL112W,0.6284
YDL113C,0.5245
YDL114W,1.1856
YDL114W-A,
YDL115C,0.6571
YDL116W,0.498
YDL117W,0.4978
YDL118W,
YDL119C,0.3052
YDL120W,0.458
YDL121C,0.7007
YDL122W,0.3804
YDL123W,0.3996
YDL124W,0.2917
YDL125C,0.2184
YDL126C,0.0745
YDL127W,0.5854
YDL128W,0.2178
YDL129W,0.9939
YDL130W,0.2156
YDL130WA,
YDL130W-A,0.7307
YDL131W,0.0694
YDL132W,0.331
YDL133CA,
YDL133C-A,
YDL133W,0.6824
YDL134C,0.8124
YDL134C-A,
YDL135C,0.1143
YDL136W,0.0693
YDL137W,0.0621
YDL138W,1.201
YDL139C,0.8181
YDL140C,0.08
YDL141W,0.3844
YDL142C,0.4657
YDL143W,0.0897
YDL144C,0.337
YDL145C,0.1942
YDL146W,0.504
YDL147W,0.1712
YDL148C,0.3541
YDL149W,0.4556
YDL150W,0.4859
YDL151C,
YDL152W,
YDL153C,0.3642
YDL154W,0.6248
YDL155W,0.5248
YDL156W,0.2197
YDL157C,0.3691
YDL158C,
YDL159C-B,
YDL159W,0.4228
YDL159W-A,
YDL160C,0.1228
YDL160C-A,0.7346
YDL161W,0.3444
YDL162C,
YDL163W,
YDL164C,0.2607
YDL165W,0.2035
YDL166C,0.2414
YDL167C,0.5653
YDL168W,0.1472
YDL169C,0.7738
YDL170W,0.5832
YDL171C,0.1256
YDL172C,
YDL173W,0.7684
YDL174C,1.1022
YDL175C,0.563
YDL176W,0.8615
YDL177C,0.3335
YDL178W,0.2086
YDL179W,0.5163
YDL180W,0.6908
YDL181W,0.426
YDL182W,0.0704
YDL183C,0.5769
YDL184C,
YDL185C-A,
YDL185W,0.2384
YDL186W,1.0186
YDL187C,
YDL188C,0.8062
YDL189W,1.2992
YDL190C,0.2795
YDL191W,0.0694
YDL192W,0.0653
YDL193W,0.333
YDL194W,1.1127
YDL195W,0.4526
YDL196W,
YDL197C,1.3568
YDL198C,0.0992
YDL199C,0.9208
YDL200C,0.7586
YDL201W,0.152
YDL202W,0.4294
YDL203C,0.451
YDL204W,0.8469
YDL205C,0.2211
YDL206W,0.723
YDL207W,0.5249
YDL208W,0.1142
YDL209C,0.3468
YDL210W,0.428
YDL211C,1.264
YDL212W,0.3644
YDL213C,0.3735
YDL214C,0.6363
YDL215C,0.263
YDL216C,0.6177
YDL217C,0.1618
YDL218W,2.4434
YDL219W,0.2826
YDL220C,1.3042
YDL221W,
YDL222C,0.4026
YDL223C,1.4333
YDL224C,0.6349
YDL225W,0.3067
YDL226C,0.3105
YDL227C,
YDL228C,
YDL229W,0.0513
YDL230W,0.453
YDL231C,0.4517
YDL232W,
YDL233W,0.751
YDL234C,0.4576
YDL235C,0.3362
YDL236W,0.2667
YDL237W,0.6583
YDL238C,0.4096
YDL239C,1.6127
YDL240C-A,
YDL240W,0.4727
YDL241W,
YDL242W,
YDL243C,
YDL244W,0.1345
YDL245C,1.0485
YDL246C,1.02
YDL247W,1.2761
YDL247W-A,
YDL248W,
YDR001C,0.2078
YDR002W,0.1398
YDR003W,0.9577
YDR003W-A,
YDR004W,0.4344
YDR005C,0.4799
YDR006C,0.4463
YDR007W,0.4573
YDR008C,
YDR009W,0.2952
YDR010C,
YDR011W,0.508
YDR012W,0.0908
YDR013W,0.2476
YDR014W,1.2626
YDR014W-A,
YDR015C,
YDR016C,0.4981
YDR017C,0.6005
YDR018C,0.6851
YDR019C,0.247
YDR020C,0.452
YDR021W,0.1281
YDR022C,1.1516
YDR023W,0.0902
YDR024W,
YDR025W,0.0492
YDR026C,0.6708
YDR027C,0.5356
YDR028C,0.548
YDR029W,
YDR030C,
YDR031W,
YDR032C,0.1122
YDR033W,
YDR034C,0.3304
YDR034CA,
YDR034C-A,
YDR034C-C,
YDR034C-D,0.6523
YDR034WB,
YDR034W-B,
YDR035W,0.125
YDR036C,0.4642
YDR037W,0.0856
YDR038C,0.8458
YDR039C,0.848
YDR040C,0.8527
YDR041W,0.345
YDR042C,
YDR043C,0.849
YDR044W,0.1491
YDR045C,0.1122
YDR046C,0.5919
YDR047W,0.1307
YDR048C,
YDR049W,0.477
YDR050C,0.1578
YDR051C,0.2858
YDR052C,0.7692
YDR053W,
YDR054C,0.2539
YDR055W,0.47
YDR056C,0.8042
YDR057W,1.1554
YDR058C,0.4091
YDR059C,0.5834
YDR060W,0.3247
YDR061W,0.3227
YDR062W,0.1659
YDR063W,0.2554
YDR064W,0.0705
YDR065W,0.9774
YDR066C,0.9128
YDR067C,0.3658
YDR068W,1.1597
YDR069C,0.475
YDR070C,0.7553
YDR071C,0.3623
YDR072C,0.4919
YDR073W,0.8609
YDR074W,0.2281
YDR075W,0.6699
YDR076W,0.7703
YDR077W,0.6291
YDR078C,0.704
YDR079C-A,0.187
YDR079W,0.1202
YDR080W,0.5
YDR081C,0.4478
YDR082W,1.178
YDR083W,0.183
YDR084C,0.3119
YDR085C,1.4775
YDR086C,0.2217
YDR087C,0.3982
YDR088C,1.0383
YDR089W,0.7615
YDR090C,0.3379
YDR091C,0.0666
YDR092W,0.08
YDR093W,0.2461
YDR094W,
YDR095C,
YDR096W,0.8
YDR097C,0.297
YDR098C,0.2663
YDR098C-A,
YDR098C-B,0.6644
YDR099W,0.0507
YDR100W,1.0108
YDR101C,0.3694
YDR102C,
YDR103W,0.9482
YDR104C,0.7356
YDR105C,0.2581
YDR106W,1.1144
YDR107C,0.2739
YDR108W,0.5254
YDR109C,0.3015
YDR110W,0.8039
YDR111C,0.2685
YDR112W,
YDR113C,0.9536
YDR114C,
YDR115W,0.622
YDR116C,0.3138
YDR117C,0.5275
YDR118W,1.4266
YDR118W-A,
YDR119W,0.948
YDR119W-A,
YDR120C,0.2476
YDR121W,0.5335
YDR122W,0.3502
YDR123C,0.8996
YDR124W,
YDR125C,0.5124
YDR126W,0.6324
YDR127W,0.1874
YDR128W,0.4417
YDR129C,0.1316
YDR130C,1.2977
YDR131C,0.849
YDR132C,0.6001
YDR133C,
YDR134C,
YDR135C,0.2181
YDR136C,
YDR137W,0.7569
YDR138W,1.1876
YDR139C,0.2218
YDR140W,0.3676
YDR141C,0.4886
YDR142C,0.2638
YDR143C,1.0804
YDR144C,0.569
YDR145W,0.5509
YDR146C,1.0072
YDR147W,0.7626
YDR148C,0.2517
YDR149C,
YDR150W,1.0756
YDR151C,0.6165
YDR152W,0.4354
YDR153C,0.4026
YDR154C,
YDR155C,0.0972
YDR156W,0.5828
YDR157W,
YDR158W,0.1082
YDR159W,0.6163
YDR160W,0.5147
YDR161W,0.3977
YDR162C,0.4056
YDR163W,0.8013
YDR164C,0.3911
YDR165W,0.4906
YDR166C,0.4785
YDR167W,0.2779
YDR168W,0.4137
YDR169C,0.768
YDR169C-A,
YDR170C,0.2701
YDR170W-A,
YDR171W,0.5356
YDR172W,0.2268
YDR173C,0.4576
YDR174W,0.1819
YDR175C,0.3401
YDR176W,0.3727
YDR177W,0.1861
YDR178W,0.3885
YDR179C,0.9724
YDR179WA,
YDR179W-A,0.8425
YDR180W,0.8443
YDR181C,0.8165
YDR182W,0.3716
YDR182W-A,
YDR183C-A,
YDR183W,0.647
YDR184C,1.2756
YDR185C,0.4387
YDR186C,0.5536
YDR187C,
YDR188W,1.5522
YDR189W,0.2918
YDR190C,0.0757
YDR191W,0.476
YDR192C,1.1798
YDR193W,
YDR194C,0.561
YDR194W-A,
YDR195W,0.674
YDR196C,0.4234
YDR197W,0.7214
YDR198C,0.5281
YDR199W,
YDR200C,0.4803
YDR201W,0.6097
YDR202C,0.5197
YDR203W,
YDR204W,0.2747
YDR205W,0.4312
YDR206W,0.9877
YDR207C,1.3916
YDR208W,0.4081
YDR209C,
YDR210C-C,
YDR210C-D,0.6586
YDR210W,
YDR210W-A,
YDR210W-B,0.6525
YDR211W,0.2678
YDR212W,0.0796
YDR213W,0.4149
YDR214W,0.3474
YDR215C,
YDR216W,1.0
YDR217C,1.0283
YDR218C,0.5633
YDR219C,1.6771
YDR220C,
YDR221W,0.8154
YDR222W,0.7633
YDR223W,1.1603
YDR224C,0.0278
YDR225W,0.0081
YDR226W,0.1325
YDR227W,1.5774
YDR228C,0.5554
YDR229W,0.6323
YDR230W,
YDR231C,0.4222
YDR232W,0.183
YDR233C,0.4798
YDR234W,0.1484
YDR235W,0.5644
YDR236C,0.4017
YDR237W,0.2239
YDR238C,0.2464
YDR239C,0.8286
YDR240C,0.8773
YDR241W,
YDR242W,1.0352
YDR243C,0.3813
YDR244W,0.4819
YDR245W,0.2602
YDR246W,0.3085
YDR246W-A,
YDR247W,0.5493
YDR248C,0.5168
YDR249C,0.9917
YDR250C,
YDR251W,0.8993
YDR252W,0.6355
YDR253C,0.4814
YDR254W,0.7921
YDR255C,0.5324
YDR256C,0.1445
YDR257C,0.6285
YDR258C,0.1649
YDR259C,1.9362
YDR260C,0.8145
YDR261C,
YDR261C-C,
YDR261C-D,0.7146
YDR261W-A,
YDR261W-B,0.6549
YDR262W,0.7808
YDR263C,0.463
YDR264C,0.5115
YDR265W,0.5112
YDR266C,0.6029
YDR267C,0.2782
YDR268W,0.2791
YDR269C,
YDR270W,0.4309
YDR271C,
YDR272W,0.3549
YDR273W,1.7031
YDR274C,
YDR275W,
YDR276C,
YDR277C,0.354
YDR278C,
YDR279W,0.6165
YDR280W,0.1331
YDR281C,
YDR282C,0.3948
YDR283C,0.2692
YDR284C,0.3359
YDR285W,1.0728
YDR286C,0.6937
YDR287W,
YDR288W,0.8337
YDR289C,0.6959
YDR290W,
YDR291W,0.235
YDR292C,0.3076
YDR293C,0.2794
YDR294C,0.3035
YDR295C,0.6648
YDR296W,0.3747
YDR297W,0.3196
YDR298C,0.3512
YDR299W,0.3487
YDR300C,0.1399
YDR301W,0.4133
YDR302W,0.3644
YDR303C,
YDR304C,0.2504
YDR305C,0.4205
YDR306C,0.3378
YDR307W,1.0178
YDR308C,0.3238
YDR309C,0.662
YDR310C,0.8449
YDR311W,0.3454
YDR312W,0.1886
YDR313C,0.5331
YDR314C,
YDR315C,0.7797
YDR316W,0.2938
YDR316W-A,
YDR316W-B,0.6617
YDR317W,0.9819
YDR318W,1.0927
YDR319C,0.7182
YDR320C,0.7569
YDR320C-A,0.3399
YDR320W-B,
YDR321W,0.2274
YDR322CA,
YDR322C-A,0.3396
YDR322W,0.3283
YDR323C,0.6033
YDR324C,0.3177
YDR325W,0.4252
YDR326C,0.7673
YDR327W,
YDR328C,0.1088
YDR329C,0.4767
YDR330W,0.376
YDR331W,0.2623
YDR332W,0.4754
YDR333C,0.4975
YDR334W,0.3494
YDR335W,0.2233
YDR336W,0.61
YDR337W,0.3331
YDR338C,0.3101
YDR339C,0.0654
YDR340W,
YDR341C,0.1145
YDR342C,1.1268
YDR343C,1.1283
YDR344C,
YDR345C,1.082
YDR346C,0.347
YDR347W,0.3907
YDR348C,0.6587
YDR349C,0.7354
YDR350C,1.1356
YDR351W,0.8723
YDR352W,0.4941
YDR353W,0.0729
YDR354C-A,
YDR354W,0.2893
YDR355C,
YDR356W,1.5396
YDR357C,0.6496
YDR358W,0.4484
YDR359C,0.5634
YDR360W,
YDR361C,0.2051
YDR362C,0.6808
YDR363W,1.0968
YDR363WA,
YDR363W-A,0.9798
YDR364C,0.3626
YDR365C,0.2875
YDR365W-B,0.6733
YDR366C,
YDR367W,0.5712
YDR368W,0.3256
YDR369C,1.5059
YDR370C,1.0505
YDR371C-A,
YDR371W,0.5502
YDR372C,0.1638
YDR373W,0.1138
YDR374C,0.9629
YDR374W-A,
YDR375C,0.2589
YDR376W,0.3749
YDR377W,
YDR378C,0.3597
YDR379C-A,0.2581
YDR379W,0.8662
YDR380W,0.4669
YDR381C-A,0.4238
YDR381W,0.45
YDR382W,0.3022
YDR383C,1.8261
YDR384C,0.3515
YDR385W,0.0367
YDR386W,0.5864
YDR387C,1.4667
YDR388W,0.2233
YDR389W,0.4685
YDR390C,0.3585
YDR391C,0.4677
YDR392W,0.1717
YDR393W,0.5254
YDR394W,0.0701
YDR395W,0.4358
YDR396W,
YDR397C,0.2201
YDR398W,0.4694
YDR399W,0.1015
YDR400W,0.3732
YDR401W,
YDR402C,0.4471
YDR403W,0.3293
YDR404C,0.1617
YDR405W,0.3935
YDR406W,0.6586
YDR406W-A,
YDR407C,0.6808
YDR408C,0.2413
YDR409W,0.8233
YDR410C,0.4289
YDR411C,0.6319
YDR412W,0.3396
YDR413C,
YDR414C,0.7048
YDR415C,0.2866
YDR416W,0.8435
YDR417C,
YDR418W,0.0358
YDR419W,0.4256
YDR420W,2.7781
YDR421W,0.5177
YDR422C,
YDR423C,0.9529
YDR424C,0.2175
YDR425W,0.6509
YDR426C,
YDR427W,0.2932
YDR428C,
YDR429C,0.3871
YDR430C,0.2803
YDR431W,
YDR432W,0.3468
YDR433W,
YDR434W,0.3696
YDR435C,0.5041
YDR436W,1.0748
YDR437W,0.7408
YDR438W,0.5834
YDR439W,1.0708
YDR440W,0.675
YDR441C,0.3789
YDR442W,
YDR443C,0.5612
YDR444W,0.4454
YDR445C,
YDR446W,1.1264
YDR447C,0.0852
YDR448W,0.153
YDR449C,0.2876
YDR450W,0.0549
YDR451C,0.8522
YDR452W,0.428
YDR453C,0.0987
YDR454C,0.148
YDR455C,
YDR456W,0.2067
YDR457W,0.4405
YDR458C,0.9468
YDR459C,0.5523
YDR460W,0.1903
YDR461C-A,
YDR461W,
YDR462W,0.4206
YDR463W,0.7073
YDR464C-A,
YDR464W,1.2244
YDR465C,0.2719
YDR466W,0.4766
YDR467C,
YDR468C,0.6082
YDR469W,0.7882
YDR470C,0.5797
YDR471W,0.0464
YDR472W,0.3972
YDR473C,0.6144
YDR474C,
YDR475C,0.9678
YDR476C,0.7722
YDR477W,0.1651
YDR478W,0.7649
YDR479C,0.5023
YDR480W,1.4401
YDR481C,0.3444
YDR482C,0.7485
YDR483W,0.4689
YDR484W,0.417
YDR485C,0.6983
YDR486C,0.3008
YDR487C,0.2528
YDR488C,0.9455
YDR489W,0.4491
YDR490C,0.5947
YDR491C,
YDR492W,0.3873
YDR493W,0.4218
YDR494W,1.0268
YDR495C,0.8461
YDR496C,0.2621
YDR497C,1.2624
YDR498C,0.973
YDR499W,0.9114
YDR500C,0.1138
YDR501W,0.6112
YDR502C,0.0773
YDR503C,0.6504
YDR504C,
YDR505C,0.6981
YDR506C,0.6227
YDR507C,0.3851
YDR508C,0.5719
YDR509W,
YDR510C-A,
YDR510W,0.1157
YDR511W,0.3437
YDR512C,0.32
YDR513W,0.3887
YDR514C,0.8164
YDR515W,1.2783
YDR516C,0.328
YDR517W,0.4191
YDR518W,0.5951
YDR519W,0.4922
YDR520C,0.3531
YDR521W,
YDR522C,0.6509
YDR523C,0.6911
YDR524C,
YDR524C-A,
YDR524C-B,
YDR524W-C,
YDR525W,
YDR525WA,
YDR525W-A,0.2524
YDR526C,
YDR527W,0.3928
YDR528W,1.061
YDR529C,0.2205
YDR530C,0.4271
YDR531W,0.2814
YDR532C,1.3127
YDR533C,0.2082
YDR534C,
YDR535C,
YDR536W,1.0108
YDR537C,
YDR538W,
YDR539W,
YDR540C,
YDR541C,0.6265
YDR542W,
YDR543C,
YDR544C,
YDR545C-A,
YDR545W,
YEL001C,0.8488
YEL002C,0.5129
YEL003W,0.3002
YEL004W,0.6242
YEL005C,1.5242
YEL006W,0.4272
YEL007W,1.0096
YEL008C-A,
YEL008W,
YEL009C,0.5501
YEL009C-A,
YEL010W,
YEL011W,0.1666
YEL012W,0.1597
YEL013W,0.1966
YEL014C,
YEL015W,0.8477
YEL016C,0.8775
YEL017CA,
YEL017C-A,
YEL017W,0.8571
YEL018C-A,
YEL018W,0.8273
YEL019C,0.9148
YEL020C,
YEL020C-B,
YEL020WA,
YEL020W-A,0.0929
YEL021W,0.1322
YEL022W,0.3539
YEL023C,0.5018
YEL024W,0.0961
YEL025C,
YEL026W,0.0238
YEL027W,0.0145
YEL028W,
YEL029C,0.3585
YEL030C-A,
YEL030W,0.4027
YEL031W,0.1669
YEL032C-A,
YEL032W,0.2342
YEL033W,
YEL034C-A,
YEL034W,0.0731
YEL035C,
YEL036C,0.1978
YEL037C,0.4937
YEL038W,0.3309
YEL039C,0.158
YEL040W,0.507
YEL041W,0.4445
YEL042W,0.2577
YEL043W,0.8572
YEL044W,0.4891
YEL045C,
YEL046C,0.1335
YEL047C,0.3381
YEL048C,0.8563
YEL049W,
YEL050C,0.221
YEL050W-A,
YEL051W,0.0766
YEL052W,0.2429
YEL053C,0.5964
YEL053W-A,
YEL054C,0.0353
YEL055C,0.4872
YEL056W,0.364
YEL057C,
YEL058W,0.4407
YEL059CA,
YEL059C-A,0.47
YEL059W,
YEL060C,0.2867
YEL061C,0.4491
YEL062W,0.4361
YEL063C,0.7907
YEL064C,0.3866
YEL065W,0.5735
YEL066W,
YEL067C,
YEL068C,
YEL069C,0.9981
YEL070W,
YEL071W,0.3217
YEL072W,
YEL073C,
YEL074W,
YEL075C,
YEL075W-A,
YEL076C,
YEL076C-A,
YEL076W-C,
YEL077C,
YEL077W-A,
YER001W,0.6987
YER002W,0.3416
YER003C,0.179
YER004W,0.3856
YER005W,0.4019
YER006C-A,
YER006W,0.1917
YER007CA,
YER007C-A,0.1415
YER007W,0.9601
YER008C,0.6668
YER009W,0.0616
YER010C,0.3428
YER011W,
YER012W,0.1043
YER013W,0.2662
YER014C-A,
YER014W,0.4724
YER015W,0.3841
YER016W,0.3976
YER017C,0.3079
YER018C,1.5347
YER019CA,
YER019C-A,0.1868
YER019W,0.3317
YER020W,0.3663
YER021W,0.366
YER022W,0.5802
YER023C-A,
YER023W,0.2538
YER024W,0.3968
YER025W,0.0643
YER026C,0.2204
YER027C,0.3711
YER028C,0.8849
YER029C,0.6425
YER030W,0.5097
YER031C,0.4013
YER032W,1.0423
YER033C,0.9752
YER034W,0.7127
YER035W,1.4549
YER036C,0.0761
YER037W,0.4838
YER038C,0.9855
YER038W-A,
YER039C,0.1773
YER039CA,
YER039C-A,
YER040W,1.5014
YER041W,0.8978
YER042W,0.2397
YER043C,0.059
YER044C,0.2512
YER044CA,
YER044C-A,
YER045C,1.2739
YER046W,0.5326
YER046W-A,
YER047C,0.404
YER048C,0.5491
YER048WA,
YER048W-A,0.3444
YER049W,0.2753
YER050C,0.5001
YER051W,0.4316
YER052C,0.2027
YER053C,
YER053C-A,
YER054C,1.4177
YER055C,0.1463
YER056C,0.2591
YER056CA,
YER056C-A,0.1051
YER057C,0.1784
YER058W,0.2465
YER059W,0.5826
YER060W,0.2989
YER060w-A,
YER060W-A,0.2784
YER061C,0.5283
YER062C,0.1597
YER063W,0.7931
YER064C,0.7856
YER065C,0.2114
YER066C-A,
YER066W,
YER067C-A,
YER067W,0.2795
YER068C-A,
YER068W,0.4031
YER069W,0.1439
YER070W,0.1356
YER071C,0.8636
YER072W,0.0796
YER073W,0.1424
YER074W,0.0515
YER074W-A,
YER075C,0.5988
YER076C,
YER076W-A,
YER077C,0.8737
YER078C,0.2927
YER078W-A,
YER079C-A,
YER079W,1.1351
YER080W,0.3157
YER081W,0.1092
YER082C,0.1906
YER083C,0.5929
YER084W,
YER084W-A,
YER085C,
YER086W,0.1441
YER087C-A,
YER087C-B,0.3146
YER087W,0.3644
YER088C,0.8998
YER088C-A,
YER088W-B,
YER089C,0.3744
YER090C-A,
YER090W,0.1725
YER091C,0.1637
YER091C-A,
YER092W,0.918
YER093C,0.6094
YER093CA,
YER093C-A,0.6008
YER094C,0.0603
YER095W,0.0902
YER096W,0.7083
YER097W,
YER098W,0.4998
YER099C,0.2757
YER100W,0.3204
YER101C,0.469
YER102W,0.0681
YER103W,0.2673
YER104W,2.1195
YER105C,0.5203
YER106W,1.8157
YER107C,0.2111
YER107W-A,
YER108C,
YER109C,1.4285
YER110C,0.2075
YER111C,0.6688
YER112W,0.7645
YER113C,0.4957
YER114C,0.5083
YER115C,1.283
YER116C,1.0646
YER117W,0.0384
YER118C,0.3763
YER119C,0.7897
YER119CA,
YER119C-A,
YER120W,0.6821
YER121W,
YER122C,0.4844
YER123W,0.2839
YER124C,0.9644
YER125W,0.1012
YER126C,0.0457
YER127W,0.4028
YER128W,0.6463
YER129W,0.6197
YER130C,1.0488
YER131W,0.0493
YER132C,0.647
YER133W,0.0352
YER133W-A,
YER134C,0.3755
YER135C,
YER136W,0.1064
YER137C,0.7857
YER137W-A,
YER138C,0.6745
YER138WA,
YER138W-A,
YER139C,0.4078
YER140W,0.5786
YER141W,0.2973
YER142C,0.4671
YER143W,0.4139
YER144C,0.5683
YER145C,0.2329
YER145C-A,
YER146W,0.2995
YER147C,0.7365
YER147C-A,
YER148W,0.0978
YER148W-A,
YER149C,0.9386
YER150W,0.6959
YER151C,0.5281
YER152C,0.3756
YER152W-A,
YER153C,1.179
YER154W,0.4435
YER155C,0.4613
YER156C,0.2893
YER157W,0.5859
YER158C,1.7646
YER158W-A,
YER159C,0.3204
YER160C,0.6765
YER161C,0.6317
YER162C,0.5409
YER163C,0.4767
YER164W,0.2643
YER165C-A,
YER165W,0.1909
YER166W,0.2271
YER167W,1.3005
YER168C,0.4826
YER169W,0.4098
YER170W,0.277
YER171W,0.0775
YER172C,0.4541
YER172C-A,
YER173W,0.664
YER174C,0.2448
YER175C,0.6552
YER175W-A,
YER176W,
YER177W,0.0522
YER178W,0.1108
YER179W,0.1432
YER180C,1.6932
YER180C-A,0.7866
YER181C,
YER182W,0.4657
YER183C,0.4783
YER184C,
YER185W,0.5257
YER186C,
YER187W,
YER188C-A,
YER188W,
YER189W,
YER190C-A,
YER190C-B,
YER190W,
YFL001W,0.3178
YFL002C,0.2367
YFL002W-A,0.6547
YFL002W-B,
YFL003C,0.5186
YFL004W,0.3667
YFL005W,2.4131
YFL006W,
YFL007W,0.5165
YFL008W,0.4299
YFL009W,0.3906
YFL010C,0.8197
YFL010W-A,
YFL011W,0.9896
YFL011W-A,
YFL012W,
YFL012W-A,
YFL013C,0.729
YFL013W-A,
YFL014W,0.3538
YFL015C,
YFL015W-A,
YFL016C,0.4002
YFL017C,0.4185
YFL017WA,
YFL017W-A,0.3816
YFL018C,0.131
YFL018W-A,
YFL019C,
YFL020C,
YFL021C-A,
YFL021W,1.1735
YFL022C,0.1744
YFL023W,0.84
YFL024C,0.4909
YFL025C,0.5431
YFL026W,0.5028
YFL027C,0.8407
YFL028C,0.3587
YFL029C,0.8184
YFL030W,0.4316
YFL031C-A,
YFL031W,0.9086
YFL032W,
YFL033C,0.5816
YFL034CA,
YFL034C-A,0.1195
YFL034CB,
YFL034C-B,0.1663
YFL034W,0.3741
YFL035C,
YFL035C-A,
YFL035C-B,
YFL036W,0.3313
YFL037W,0.0655
YFL038C,0.1377
YFL039C,0.0196
YFL040W,0.823
YFL041W,0.3076
YFL041W-A,
YFL042C,0.8572
YFL043C,
YFL044C,0.5393
YFL045C,0.1328
YFL046W,0.1591
YFL047W,0.3727
YFL048C,0.5295
YFL049W,0.5765
YFL050C,0.4011
YFL051C,
YFL052W,
YFL053W,
YFL054C,1.1234
YFL055W,0.8704
YFL056C,
YFL057C,
YFL058W,0.1343
YFL059W,0.1477
YFL060C,0.3081
YFL061W,
YFL062W,
YFL063W,
YFL064C,
YFL065C,
YFL066C,
YFL067W,
YFL068W,
YFL-TYA,
YFL-TYB,
YFR001W,0.2488
YFR002W,0.3636
YFR003C,0.4311
YFR004W,0.0896
YFR005C,0.6388
YFR006W,0.3612
YFR007W,0.4684
YFR008W,1.1891
YFR009W,0.1242
YFR009W-A,
YFR010W,0.3137
YFR010W-A,
YFR011C,0.5683
YFR012W,0.9548
YFR012W-A,
YFR013W,0.5805
YFR014C,0.3616
YFR015C,0.1558
YFR016C,0.8945
YFR017C,1.5196
YFR018C,0.6374
YFR019W,0.4183
YFR020W,
YFR021W,0.3159
YFR022W,0.6742
YFR023W,0.6184
YFR024C,
YFR024CA,
YFR024C-A,0.2544
YFR025C,0.5216
YFR026C,
YFR027W,0.548
YFR028C,0.1964
YFR029W,0.3899
YFR030W,0.3045
YFR031C,0.3375
YFR031CA,
YFR031C-A,0.0345
YFR032C,0.718
YFR032CA,
YFR032C-A,0.1913
YFR032C-B,
YFR033C,0.4065
YFR034C,0.8737
YFR034W-A,
YFR035C,
YFR036W,1.3287
YFR036W-A,
YFR037C,0.3846
YFR038W,0.3113
YFR039C,1.2372
YFR040W,0.3645
YFR041C,0.5024
YFR042W,0.5717
YFR043C,0.9581
YFR044C,0.2194
YFR045W,0.4685
YFR046C,1.6688
YFR047C,
YFR048W,0.2608
YFR049W,0.4972
YFR050C,0.2232
YFR051C,0.3932
YFR052C-A,
YFR052W,0.4313
YFR053C,0.2047
YFR054C,
YFR055W,
YFR056C,
YFR057W,
YGL001C,0.1411
YGL002W,0.4569
YGL003C,0.2762
YGL004C,0.8222
YGL005C,0.8298
YGL006W,0.292
YGL006W-A,
YGL007C-A,
YGL007W,
YGL008C,0.0783
YGL009C,0.1576
YGL010W,0.5172
YGL011C,0.1688
YGL012W,0.1794
YGL013C,1.1282
YGL014C-A,
YGL014W,0.7008
YGL015C,
YGL016W,0.5107
YGL017W,0.5125
YGL018C,0.5198
YGL019W,0.1767
YGL020C,0.8351
YGL021W,0.9177
YGL022W,0.1706
YGL023C,0.8801
YGL024W,
YGL025C,0.9598
YGL026C,0.1447
YGL027C,0.4034
YGL028C,0.4569
YGL029W,0.2609
YGL030W,0.0437
YGL031C,0.082
YGL032C,
YGL033W,0.841
YGL034C,
YGL035C,1.2063
YGL036W,0.9279
YGL037C,0.5219
YGL038C,0.4027
YGL039W,0.5647
YGL040C,0.1492
YGL041C,
YGL041C-B,
YGL041W-A,
YGL042C,
YGL043W,0.3079
YGL044C,0.3718
YGL045W,0.5771
YGL046W,
YGL047W,0.6569
YGL048C,0.0576
YGL049C,0.5789
YGL050W,
YGL051W,
YGL052W,
YGL053W,
YGL054C,0.1292
YGL055W,0.2129
YGL056C,0.277
YGL057C,1.3161
YGL058W,0.0384
YGL059W,0.2709
YGL060W,0.7922
YGL061C,0.8392
YGL062W,0.0906
YGL063C-A,
YGL063W,0.6124
YGL064C,0.4081
YGL065C,0.4254
YGL066W,0.5191
YGL067W,0.4526
YGL068W,0.3162
YGL069C,
YGL070C,0.0605
YGL071W,0.9992
YGL072C,
YGL073W,0.9539
YGL074C,
YGL075C,1.45
YGL076C,0.0973
YGL077C,0.2131
YGL078C,0.1431
YGL079W,0.6801
YGL080W,0.2002
YGL081W,1.6612
YGL082W,0.4911
YGL083W,0.4381
YGL084C,0.3354
YGL085W,0.3513
YGL086W,0.5762
YGL087C,0.1183
YGL088W,
YGL089C,0.4084
YGL090W,
YGL091C,0.1097
YGL092W,0.7464
YGL093W,1.0479
YGL094C,0.3995
YGL095C,0.3593
YGL096W,1.3664
YGL097W,0.2005
YGL098W,0.7085
YGL099W,0.1655
YGL100W,0.23
YGL101W,0.3019
YGL102C,
YGL103W,0.0524
YGL104C,1.2588
YGL105W,0.2174
YGL106W,0.3108
YGL107C,0.6044
YGL108C,0.5836
YGL109W,
YGL110C,0.4925
YGL111W,0.5014
YGL112C,0.2668
YGL113W,0.9304
YGL114W,0.2263
YGL115W,0.157
YGL116W,0.3247
YGL117W,1.2515
YGL118C,
YGL119W,0.2564
YGL120C,0.0672
YGL121C,
YGL122C,0.4973
YGL123C-A,
YGL123W,0.0895
YGL124C,0.9156
YGL125W,0.262
YGL126W,0.7383
YGL127C,0.3321
YGL128C,1.0317
YGL129C,0.4563
YGL130W,0.22
YGL131C,0.7292
YGL132W,
YGL133W,0.5511
YGL134W,1.3973
YGL135W,0.0479
YGL136C,0.2708
YGL137W,0.2214
YGL138C,1.1241
YGL139W,0.3734
YGL140C,0.3525
YGL141W,0.79
YGL142C,0.4006
YGL143C,0.2627
YGL144C,0.3958
YGL145W,0.9499
YGL146C,1.0864
YGL147C,0.1285
YGL148W,0.0935
YGL149W,
YGL150C,0.3045
YGL151W,0.6493
YGL152C,
YGL153W,0.5744
YGL154C,0.7417
YGL155W,0.4562
YGL156W,
YGL157W,0.5518
YGL158W,0.655
YGL159W,0.596
YGL160W,0.6794
YGL161C,0.9722
YGL162W,0.8077
YGL163C,0.2219
YGL164C,
YGL165C,
YGL166W,0.5669
YGL167C,0.189
YGL168W,
YGL169W,0.2977
YGL170C,1.4845
YGL171W,0.1933
YGL172W,0.6247
YGL173C,0.3253
YGL174W,0.8613
YGL175C,0.8954
YGL176C,1.1529
YGL177W,
YGL178W,0.5059
YGL179C,0.6189
YGL180W,0.3423
YGL181W,0.7231
YGL182C,
YGL183C,0.7025
YGL184C,0.288
YGL185C,0.5734
YGL186C,0.8855
YGL187C,0.1766
YGL188C,
YGL188C-A,
YGL189C,0.0537
YGL190C,0.1049
YGL191W,0.1995
YGL192W,0.4121
YGL193C,
YGL194C,0.1334
YGL194C-A,
YGL195W,0.3207
YGL196W,0.5133
YGL197W,0.6579
YGL198W,0.4599
YGL199C,
YGL200C,0.2203
YGL201C,0.2585
YGL202W,0.3088
YGL203C,0.4439
YGL204C,
YGL205W,0.257
YGL206C,0.1476
YGL207W,0.1994
YGL208W,0.445
YGL209W,1.0312
YGL210W,0.508
YGL211W,0.1256
YGL212W,1.1632
YGL213C,0.4338
YGL214W,
YGL215W,0.8646
YGL216W,0.4676
YGL217C,
YGL218W,
YGL219C,0.4539
YGL220W,0.4223
YGL221C,0.3213
YGL222C,0.9122
YGL223C,1.5377
YGL224C,0.3388
YGL225W,0.1609
YGL226CA,
YGL226C-A,
YGL226W,0.831
YGL227W,0.6157
YGL228W,1.0051
YGL229C,0.5023
YGL230C,
YGL231C,0.5979
YGL232W,0.4292
YGL233W,0.4164
YGL234W,0.2215
YGL235W,
YGL236C,0.3157
YGL237C,0.8453
YGL238W,0.2783
YGL239C,
YGL240W,0.6289
YGL241W,0.9021
YGL242C,0.307
YGL243W,0.5511
YGL244W,0.305
YGL245W,0.1335
YGL246C,0.297
YGL247W,0.784
YGL248W,0.6997
YGL249W,1.5477
YGL250W,0.7608
YGL251C,0.4696
YGL252C,0.2116
YGL253W,0.1872
YGL254W,0.6309
YGL255W,0.6662
YGL256W,0.1892
YGL257C,0.8728
YGL258W,
YGL258W-A,
YGL259W,
YGL260W,
YGL261C,
YGL262W,0.6495
YGL263W,
YGR001C,0.1907
YGR002C,0.2997
YGR003W,0.907
YGR004W,0.4595
YGR005C,0.2538
YGR006W,0.7497
YGR007W,0.4509
YGR008C,0.2415
YGR009C,0.4471
YGR010W,0.1992
YGR011W,
YGR012W,0.2523
YGR013W,0.8595
YGR014W,1.217
YGR015C,0.571
YGR016W,0.6195
YGR017W,
YGR018C,
YGR019W,0.1708
YGR020C,0.16
YGR021W,0.4497
YGR022C,
YGR023W,0.9989
YGR024C,0.1863
YGR025W,
YGR026W,0.5625
YGR027C,0.0796
YGR027W-A,
YGR027W-B,0.6687
YGR028W,0.222
YGR029W,0.2832
YGR030C,0.7936
YGR031C-A,
YGR031W,0.501
YGR032W,0.11
YGR033C,0.3771
YGR034W,0.0521
YGR035C,
YGR035W-A,
YGR036C,0.408
YGR037C,0.2507
YGR038C-A,
YGR038C-B,0.6651
YGR038W,0.1614
YGR039W,
YGR040W,0.1739
YGR041W,1.2558
YGR042W,1.1531
YGR043C,0.2064
YGR044C,0.9035
YGR045C,
YGR046W,0.337
YGR047C,0.3132
YGR048W,0.197
YGR049W,1.1972
YGR050C,
YGR051C,
YGR052W,0.7772
YGR053C,0.7736
YGR054W,0.3069
YGR055W,0.1993
YGR056W,0.4769
YGR057C,0.413
YGR058W,0.5335
YGR059W,0.6314
YGR060W,0.0995
YGR061C,0.1478
YGR062C,0.4147
YGR063C,0.1445
YGR064W,
YGR065C,0.2001
YGR066C,0.9531
YGR067C,1.2102
YGR068C,0.5234
YGR068W-A,
YGR069W,
YGR070W,0.4553
YGR071C,
YGR072W,0.9739
YGR073C,
YGR074W,0.3912
YGR075C,0.5029
YGR076C,0.3416
YGR077C,1.0665
YGR078C,0.2253
YGR079W,1.2196
YGR080W,0.7731
YGR081C,0.5602
YGR082W,0.3764
YGR083C,0.2923
YGR084C,0.7543
YGR085C,0.0628
YGR086C,0.1031
YGR087C,
YGR088W,0.2377
YGR089W,0.6053
YGR090W,0.2739
YGR091W,0.7094
YGR092W,0.2015
YGR093W,0.5812
YGR094W,0.1385
YGR095C,0.4016
YGR096W,0.4874
YGR097W,0.583
YGR098C,0.7609
YGR099W,0.7513
YGR100W,0.2799
YGR101W,0.4384
YGR102C,0.5698
YGR103W,0.1874
YGR104C,0.5077
YGR105W,0.311
YGR106C,1.0233
YGR107W,
YGR108W,0.3782
YGR109C,0.6901
YGR109W-A,
YGR109W-B,
YGR110W,0.4708
YGR111W,0.617
YGR112W,0.3499
YGR113W,0.8698
YGR114C,
YGR115C,
YGR116W,0.2008
YGR117C,0.8199
YGR118W,0.0116
YGR119C,0.5098
YGR120C,0.8942
YGR121C,0.1893
YGR121W-A,
YGR122C-A,
YGR122W,1.0437
YGR123C,0.2646
YGR124W,0.1092
YGR125W,0.4042
YGR126W,0.7814
YGR127W,0.4792
YGR128C,0.475
YGR129W,0.8807
YGR130C,1.0341
YGR131W,0.4393
YGR132C,0.1797
YGR133W,0.656
YGR134W,0.8982
YGR135W,0.1052
YGR136W,0.5538
YGR137W,
YGR138C,0.9799
YGR139W,
YGR140W,0.933
YGR141W,0.3186
YGR142W,1.1363
YGR143W,0.3352
YGR144W,0.1975
YGR145W,0.1732
YGR146C,0.905
YGR146C-A,
YGR147C,0.4761
YGR148C,0.0837
YGR149W,0.3749
YGR150C,0.7781
YGR151C,
YGR152C,0.2543
YGR153W,
YGR154C,0.4829
YGR155W,0.1659
YGR156W,0.505
YGR157W,0.5062
YGR158C,0.5044
YGR159C,0.3399
YGR160W,
YGR161C,1.4042
YGR161C-D,0.6734
YGR161W-A,
YGR161W-B,0.6547
YGR161W-C,
YGR162W,0.536
YGR163W,0.1715
YGR164W,
YGR165W,0.2597
YGR166W,0.8738
YGR167W,0.6228
YGR168C,1.3014
YGR169C,0.4807
YGR169C-A,
YGR170W,0.5051
YGR171C,0.3871
YGR172C,0.3781
YGR173W,0.0731
YGR174C,0.3127
YGR174W-A,
YGR175C,0.1772
YGR176W,
YGR177C,0.7546
YGR178C,0.544
YGR179C,1.2333
YGR180C,0.3609
YGR181W,0.233
YGR182C,
YGR183C,0.1673
YGR184C,0.4629
YGR185C,0.135
YGR186W,0.3863
YGR187C,0.2256
YGR188C,0.5119
YGR189C,0.5347
YGR190C,
YGR191W,0.2594
YGR192C,0.1228
YGR193C,0.5507
YGR194C,0.3483
YGR195W,0.1581
YGR196C,1.3603
YGR197C,0.4753
YGR198W,0.695
YGR199W,0.3624
YGR200C,0.288
YGR201C,
YGR202C,0.2802
YGR203W,0.3917
YGR204C-A,
YGR204W,0.2434
YGR205W,0.5041
YGR206W,1.0244
YGR207C,0.3136
YGR208W,0.4046
YGR209C,0.2031
YGR210C,0.1215
YGR211W,0.1778
YGR212W,0.9941
YGR213C,0.6207
YGR214W,0.1036
YGR215W,0.2413
YGR216C,0.6066
YGR217W,0.4684
YGR218W,0.1668
YGR219W,
YGR220C,0.3174
YGR221C,1.0707
YGR222W,0.84
YGR223C,0.6602
YGR224W,0.6044
YGR225W,0.5865
YGR226C,
YGR227W,0.363
YGR228W,
YGR229C,0.5396
YGR230W,0.6225
YGR231C,0.1689
YGR232W,0.5211
YGR233C,0.5005
YGR234W,0.2633
YGR235C,0.5461
YGR236C,
YGR237C,0.7585
YGR238C,0.6843
YGR239C,1.0172
YGR240C,0.1753
YGR240C-A,
YGR241C,0.5995
YGR242W,
YGR243W,0.2141
YGR244C,0.2369
YGR245C,0.2027
YGR246C,0.186
YGR247W,0.4872
YGR248W,0.4827
YGR249W,0.8654
YGR250C,1.0475
YGR251W,0.4807
YGR252W,0.1416
YGR253C,0.0882
YGR254W,0.0698
YGR255C,0.2796
YGR256W,0.0998
YGR257C,0.2947
YGR258C,0.4308
YGR259C,
YGR260W,1.0583
YGR261C,0.5632
YGR262C,0.2447
YGR263C,
YGR264C,0.2322
YGR265W,
YGR266W,0.3975
YGR267C,0.0989
YGR268C,0.6247
YGR269W,
YGR270C-A,
YGR270W,0.3573
YGR271C-A,
YGR271W,0.1959
YGR272C,
YGR273C,0.5519
YGR274C,0.3811
YGR275W,1.1187
YGR276C,0.5232
YGR277C,0.5053
YGR278W,0.7753
YGR279C,0.3913
YGR280C,0.2846
YGR281W,0.3171
YGR282C,0.2042
YGR283C,0.56
YGR284C,0.2778
YGR285C,0.1459
YGR286C,0.1811
YGR287C,0.3072
YGR288W,
YGR289C,1.2584
YGR290W,
YGR291C,
YGR292W,0.2886
YGR293C,
YGR294W,
YGR295C,
YGR296C-A,
YGR296C-B,
YGR296W,
YHL001W,0.1083
YHL002C-A,
YHL002W,0.4315
YHL003C,0.2682
YHL004W,0.3932
YHL005C,
YHL006C,1.032
YHL006W-A,
YHL007C,0.4496
YHL008C,0.501
YHL009C,1.0415
YHL009W-A,
YHL009W-B,1.1386
YHL010C,0.4868
YHL011C,0.0477
YHL012W,0.6157
YHL013C,0.3327
YHL014C,0.2874
YHL015W,0.1168
YHL015W-A,
YHL016C,0.2652
YHL017W,0.5158
YHL018W,0.5942
YHL019C,0.5355
YHL019W-A,
YHL020C,0.6627
YHL021C,0.7239
YHL022C,0.9077
YHL023C,0.4592
YHL024W,0.8577
YHL025W,0.9938
YHL026C,
YHL027W,0.849
YHL028W,0.7509
YHL029C,0.4755
YHL030W,0.5932
YHL030W-A,
YHL031C,0.3214
YHL032C,0.2455
YHL033C,0.0917
YHL034C,0.5271
YHL034W-A,
YHL035C,0.4117
YHL036W,0.5052
YHL037C,
YHL038C,
YHL039W,0.7414
YHL040C,0.3375
YHL041W,
YHL042W,
YHL043W,
YHL044W,
YHL045W,
YHL046C,
YHL046W-A,
YHL047C,0.2849
YHL048C-A,
YHL048W,
YHL049C,
YHL050C,
YHL050W-A,
YHR001W,0.1606
YHR001WA,
YHR001W-A,0.3846
YHR002W,0.2182
YHR003C,0.3818
YHR004C,0.5173
YHR005C,0.2623
YHR005CA,
YHR005C-A,0.1475
YHR006W,0.8765
YHR007C,0.1697
YHR007C-A,
YHR008C,0.1846
YHR009C,0.3642
YHR010W,0.0506
YHR011W,0.337
YHR012W,0.3797
YHR013C,0.1976
YHR014W,1.0173
YHR015W,0.7317
YHR016C,0.261
YHR017W,0.7875
YHR018C,0.1165
YHR019C,0.1835
YHR020W,0.1336
YHR021C,0.017
YHR021WA,
YHR021W-A,
YHR022C,0.7852
YHR022C-A,
YHR023W,0.5515
YHR024C,0.1802
YHR025W,0.1368
YHR026W,0.1546
YHR027C,0.2483
YHR028C,0.3643
YHR028W-A,
YHR029C,0.2349
YHR030C,0.173
YHR031C,0.5811
YHR032C-A,
YHR032W,0.3217
YHR032W-A,
YHR033W,0.2425
YHR034C,0.6862
YHR035W,0.9351
YHR036W,0.6308
YHR037W,0.1773
YHR038W,0.4633
YHR039C,0.2163
YHR039CA,
YHR039C-A,0.3451
YHR039C-B,
YHR040W,0.5493
YHR041C,0.5934
YHR042W,0.2852
YHR043C,
YHR044C,0.399
YHR045W,0.4735
YHR046C,
YHR047C,0.2521
YHR048W,
YHR049CA,
YHR049C-A,
YHR049W,0.2071
YHR050W,0.2444
YHR050W-A,
YHR051W,0.1872
YHR052W,0.4339
YHR052W-A,
YHR053C,
YHR054C,
YHR054W-A,
YHR055C,
YHR056C,
YHR056W-A,
YHR057C,0.347
YHR058C,0.4957
YHR059W,0.4155
YHR060W,0.5821
YHR061C,0.8211
YHR062C,0.3004
YHR063C,0.5047
YHR063W-A,
YHR064C,0.1725
YHR065C,0.0951
YHR066W,0.1906
YHR067W,0.7476
YHR068W,0.1248
YHR069C,0.2586
YHR069C-A,
YHR070C-A,
YHR070W,0.4105
YHR071C-A,
YHR071W,0.7843
YHR072W,0.2218
YHR072W-A,0.1883
YHR073C-B,
YHR073W,0.6012
YHR073W-A,
YHR074W,0.1278
YHR075C,0.4375
YHR076W,0.3788
YHR077C,0.5351
YHR078W,0.5153
YHR079C,0.4631
YHR079C-A,
YHR079C-B,
YHR080C,0.9622
YHR081W,0.4845
YHR082C,0.4161
YHR083W,0.8661
YHR084W,0.7094
YHR085W,0.5459
YHR086W,0.5716
YHR086W-A,
YHR087W,0.4654
YHR088W,0.1116
YHR089C,0.1568
YHR090C,0.5904
YHR091C,0.3626
YHR092C,1.1077
YHR093W,
YHR094C,1.0949
YHR095W,
YHR096C,1.0878
YHR097C,0.549
YHR098C,0.4045
YHR099W,0.269
YHR100C,0.3995
YHR101C,0.7114
YHR102W,0.4342
YHR103W,0.7793
YHR104W,0.2446
YHR105W,
YHR106W,0.1435
YHR107C,0.5685
YHR108W,0.3023
YHR109W,0.9637
YHR110W,0.56
YHR111W,0.2875
YHR112C,0.2621
YHR113W,0.2261
YHR114W,0.5423
YHR115C,0.3966
YHR116W,0.4577
YHR117W,0.4659
YHR118C,0.5938
YHR119W,0.5395
YHR120W,0.4018
YHR121W,0.4862
YHR122W,0.2311
YHR123W,0.3665
YHR124W,0.7377
YHR125W,
YHR126C,
YHR127W,1.5451
YHR128W,0.1089
YHR129C,0.3025
YHR130C,
YHR131C,0.8777
YHR131W-A,
YHR132C,0.3063
YHR132W-A,0.3024
YHR133C,0.6635
YHR134W,0.3578
YHR135C,0.3279
YHR136C,1.0897
YHR137C-A,
YHR137W,0.4563
YHR138C,
YHR139C,
YHR139C-A,
YHR140W,0.5947
YHR141C,0.0876
YHR142W,0.339
YHR143W,1.0248
YHR143WA,
YHR143W-A,0.0682
YHR144C,0.3907
YHR145C,
YHR146W,1.0148
YHR147C,0.2607
YHR148W,0.0882
YHR149C,0.8999
YHR150W,0.671
YHR151C,0.6691
YHR152W,0.6726
YHR153C,1.7151
YHR154W,0.7977
YHR155W,1.0176
YHR156C,1.1275
YHR157W,
YHR158C,0.5553
YHR159W,1.7023
YHR160C,1.4179
YHR161C,0.588
YHR162W,0.2273
YHR163W,0.4007
YHR164C,0.6514
YHR165C,0.183
YHR165W-A,
YHR166C,0.4507
YHR167W,1.1042
YHR168W,0.3504
YHR169W,0.1771
YHR170W,0.1131
YHR171W,0.4051
YHR172W,0.9254
YHR173C,
YHR174W,0.0804
YHR175W,0.6099
YHR175W-A,
YHR176W,0.6401
YHR177W,1.0198
YHR178W,0.3882
YHR179W,0.1916
YHR180C-B,
YHR180W,
YHR180W-A,
YHR181W,0.2967
YHR182C-A,
YHR182W,1.227
YHR183W,0.0748
YHR184W,1.2774
YHR185C,1.1069
YHR186C,0.2815
YHR187W,0.4484
YHR188C,0.4086
YHR189W,0.6416
YHR190W,0.2278
YHR191C,0.4713
YHR192W,0.7598
YHR193C,0.3472
YHR193C-A,
YHR194W,0.2498
YHR195W,1.1308
YHR196W,0.6799
YHR197W,0.6063
YHR198C,
YHR199C,0.531
YHR199C-A,
YHR200W,0.2236
YHR201C,0.6703
YHR202W,0.4765
YHR203C,0.0409
YHR204W,0.5313
YHR205W,0.2172
YHR206W,0.4798
YHR207C,0.6195
YHR208W,0.1528
YHR209W,
YHR210C,0.6596
YHR211W,2.033
YHR212C,
YHR212W-A,
YHR213W,
YHR213W-A,
YHR213W-B,
YHR214C-B,0.6722
YHR214C-C,
YHR214C-D,
YHR214C-E,
YHR214W,
YHR214WA,
YHR214W-A,
YHR215W,0.3968
YHR216W,
YHR217C,
YHR218W,
YHR218W-A,
YHR219C-A,
YHR219W,
YIL001W,0.448
YIL002C,0.3723
YIL002W-A,
YIL003W,0.2344
YIL004C,0.395
YIL005W,0.6531
YIL006W,0.3711
YIL007C,0.7801
YIL008W,0.29
YIL009C-A,0.7613
YIL009W,
YIL010W,0.3549
YIL011W,
YIL012W,
YIL013C,0.7913
YIL014C-A,
YIL014W,0.9149
YIL015C-A,
YIL015W,0.7282
YIL016W,1.2522
YIL017C,0.9999
YIL017W,
YIL018W,0.0347
YIL019W,0.5661
YIL020C,0.2536
YIL020C-A,
YIL021C-A,
YIL021W,0.1642
YIL022W,0.167
YIL023C,0.6724
YIL024C,0.8991
YIL025C,
YIL026C,0.6588
YIL027C,0.5938
YIL028W,
YIL029C,
YIL029W-A,
YIL030C,0.7301
YIL030W-A,
YIL031W,1.1909
YIL032C,
YIL033C,0.2646
YIL034C,0.4371
YIL035C,0.1817
YIL036W,0.7958
YIL037C,1.4277
YIL038C,0.5076
YIL039W,0.3212
YIL040W,1.4269
YIL041W,0.4332
YIL042C,0.4868
YIL043C,0.3441
YIL044C,0.6052
YIL045W,1.3473
YIL046W,0.3019
YIL046W-A,
YIL047C,0.5952
YIL047C-A,
YIL048W,0.1916
YIL049W,0.7001
YIL050W,0.4554
YIL051C,0.1741
YIL052C,0.1123
YIL053W,0.1497
YIL054W,
YIL055C,1.3669
YIL056W,0.5579
YIL057C,0.2539
YIL058W,
YIL059C,
YIL060W,
YIL061C,0.6
YIL062C,0.2425
YIL063C,0.618
YIL064W,0.328
YIL065C,0.3477
YIL066C,0.1557
YIL066W-A,
YIL067C,0.4072
YIL068C,0.4186
YIL068W-A,
YIL069C,0.052
YIL070C,0.5368
YIL071C,1.1564
YIL071W-A,
YIL072W,0.5899
YIL073C,0.7736
YIL074C,0.1092
YIL075C,0.25
YIL076W,0.5783
YIL077C,0.6745
YIL078W,0.0991
YIL079C,0.537
YIL080W,
YIL082W,
YIL082WA,
YIL082W-A,
YIL083C,0.2708
YIL084C,0.3431
YIL085C,0.4648
YIL086C,
YIL087C,0.6049
YIL088C,0.4144
YIL089W,
YIL090W,0.3864
YIL091C,0.2579
YIL092W,
YIL093C,0.3622
YIL094C,0.1359
YIL095W,0.502
YIL096C,0.4099
YIL097W,0.5695
YIL098C,0.7738
YIL099W,0.7015
YIL100C-A,
YIL100W,
YIL101C,0.8761
YIL102C,
YIL102C-A,
YIL103W,0.1696
YIL104C,0.3431
YIL105C,0.3832
YIL105W-A,
YIL106W,0.2345
YIL107C,0.3683
YIL108W,0.3554
YIL109C,0.2626
YIL110W,0.4219
YIL111W,0.2332
YIL112W,0.6149
YIL113W,0.5645
YIL114C,0.4349
YIL115C,1.117
YIL115W-A,
YIL116W,0.3055
YIL117C,1.1778
YIL118W,0.1363
YIL119C,
YIL120W,0.5845
YIL121W,0.5246
YIL122W,1.9378
YIL123W,0.2549
YIL124W,0.3495
YIL125W,0.1318
YIL126W,0.2642
YIL127C,0.5241
YIL128W,0.5099
YIL129C,0.3183
YIL130W,0.4888
YIL131C,0.5022
YIL132C,0.8795
YIL133C,0.1402
YIL134C-A,
YIL134W,0.3867
YIL135C,1.1956
YIL136W,0.7884
YIL137C,0.5459
YIL138C,0.3087
YIL139C,0.6787
YIL140W,0.504
YIL141W,
YIL142C-A,
YIL142W,0.0765
YIL143C,0.1194
YIL144W,0.5893
YIL145C,0.3184
YIL146C,0.9468
YIL147C,0.3369
YIL148W,0.0266
YIL149C,1.464
YIL150C,0.6782
YIL151C,0.5226
YIL152W,
YIL153W,0.4494
YIL154C,0.5881
YIL155C,0.2687
YIL156W,0.4885
YIL156W-A,
YIL156W-B,
YIL157C,0.3732
YIL158W,0.6868
YIL159W,0.7965
YIL160C,0.2527
YIL161W,1.1174
YIL162W,0.4137
YIL163C,
YIL164C,
YIL165C,
YIL166C,0.5503
YIL167W,
YIL168W,
YIL169C,
YIL170W,
YIL171W,
YIL171W-A,
YIL172C,0.3093
YIL173W,
YIL174W,
YIL175W,
YIL176C,
YIL177C,
YIL177W-A,
YIR001C,0.7582
YIR002C,0.3884
YIR003W,1.5797
YIR004W,0.266
YIR005W,0.3754
YIR006C,0.5375
YIR007W,0.3851
YIR008C,0.231
YIR009W,0.407
YIR010W,0.8871
YIR011C,0.7061
YIR012W,0.2335
YIR013C,
YIR014W,1.1143
YIR015W,0.6261
YIR016W,1.0415
YIR017C,0.6951
YIR017W-A,
YIR018C-A,
YIR018W,1.0151
YIR019C,1.3982
YIR020C,
YIR020C-B,
YIR020W-A,
YIR021W,1.5406
YIR021W-A,
YIR022W,0.2326
YIR023C-A,
YIR023W,0.4822
YIR024C,0.9901
YIR025W,1.6443
YIR026C,0.2683
YIR027C,0.3072
YIR028W,1.1061
YIR029W,0.3297
YIR030C,0.9571
YIR030W-A,
YIR031C,
YIR032C,0.4123
YIR033W,0.6659
YIR034C,0.169
YIR035C,0.5781
YIR036C,0.5661
YIR036W-A,
YIR037W,0.3983
YIR038C,0.2597
YIR039C,0.8935
YIR040C,
YIR041W,
YIR042C,0.4308
YIR043C,
YIR044C,
YJL001W,0.0722
YJL002C,0.601
YJL003W,0.2011
YJL004C,0.2704
YJL005W,0.43
YJL006C,0.3806
YJL007C,
YJL008C,1.5693
YJL009W,
YJL010C,1.5861
YJL011C,0.512
YJL012C,0.1748
YJL012C-A,
YJL013C,0.8373
YJL014W,0.0505
YJL015C,
YJL016W,0.9239
YJL017W,
YJL018W,
YJL019W,0.7624
YJL020C,0.8829
YJL020W-A,
YJL021C,
YJL022W,
YJL023C,1.0283
YJL024C,0.2114
YJL025W,0.6001
YJL026C-A,
YJL026W,0.1291
YJL027C,
YJL028W,
YJL029C,0.5372
YJL030W,0.2217
YJL031C,0.428
YJL032W,
YJL033W,0.1519
YJL034W,0.0953
YJL035C,0.3144
YJL036W,0.4132
YJL037W,
YJL038C,
YJL039C,0.463
YJL041W,0.6385
YJL042W,0.5562
YJL043W,
YJL044C,0.9413
YJL045W,0.1183
YJL046W,0.4868
YJL047C,1.4022
YJL047C-A,
YJL048C,0.9185
YJL049W,1.0198
YJL050W,0.1187
YJL051W,1.0786
YJL052C-A,
YJL052W,0.1284
YJL053W,0.233
YJL054W,0.5905
YJL055W,
YJL056C,1.1337
YJL057C,0.5863
YJL058C,0.6169
YJL059W,0.3486
YJL060W,0.2225
YJL061W,1.0676
YJL062W,0.4743
YJL062W-A,0.3179
YJL063C,0.548
YJL064W,
YJL065C,0.6972
YJL066C,0.8455
YJL067W,
YJL068C,0.2684
YJL069C,0.2682
YJL070C,
YJL071W,0.475
YJL072C,0.3795
YJL073W,0.8636
YJL074C,0.4452
YJL075C,
YJL076W,1.0368
YJL077C,
YJL077W-A,
YJL077W-B,
YJL078C,2.1249
YJL079C,0.6351
YJL080C,0.4526
YJL081C,0.3073
YJL082W,0.3026
YJL083W,1.0236
YJL084C,0.5353
YJL085W,0.4017
YJL086C,
YJL087C,0.5268
YJL088W,0.1729
YJL089W,0.8608
YJL090C,0.7175
YJL091C,0.5503
YJL092W,0.6651
YJL093C,0.5931
YJL094C,0.4666
YJL095W,0.43
YJL096W,0.2805
YJL097W,0.3373
YJL098W,0.5542
YJL099W,0.6271
YJL100W,0.4139
YJL101C,0.2863
YJL102W,0.3705
YJL103C,0.6349
YJL104W,0.2805
YJL105W,0.7837
YJL106W,0.5374
YJL107C,
YJL108C,0.1491
YJL109C,0.3319
YJL110C,1.1895
YJL111W,0.0697
YJL112W,0.545
YJL113W,1.1317
YJL114W,
YJL115W,0.3012
YJL116C,0.3193
YJL117W,0.4626
YJL118W,
YJL119C,
YJL120W,
YJL121C,0.244
YJL122W,0.4407
YJL123C,0.5005
YJL124C,0.2386
YJL125C,0.2436
YJL126W,0.302
YJL127C,0.427
YJL127C-B,
YJL127W-A,
YJL128C,0.2779
YJL129C,0.3549
YJL130C,0.1109
YJL131C,0.7023
YJL132W,0.8482
YJL133C-A,0.5425
YJL133W,0.2437
YJL134W,0.629
YJL135W,
YJL136C,0.0874
YJL136W-A,
YJL137C,0.6027
YJL138C,0.9172
YJL139C,0.6712
YJL140W,0.1991
YJL141C,0.3966
YJL142C,
YJL143W,0.0614
YJL144W,
YJL145W,0.4872
YJL146W,0.7855
YJL147C,1.0372
YJL148W,0.6125
YJL149W,0.3829
YJL150W,
YJL151C,
YJL152W,
YJL153C,0.1929
YJL154C,0.3282
YJL155C,0.234
YJL156C,0.4639
YJL156W-A,
YJL157C,1.284
YJL158C,0.3663
YJL159W,0.1817
YJL160C,0.4945
YJL161W,0.8728
YJL162C,1.1181
YJL163C,0.6894
YJL164C,0.1977
YJL165C,0.6161
YJL166W,0.238
YJL167W,0.1836
YJL168C,0.3694
YJL169W,
YJL170C,0.9619
YJL171C,0.2886
YJL172W,0.511
YJL173C,0.4182
YJL174W,0.5387
YJL175W,
YJL176C,0.6666
YJL177W,0.0443
YJL178C,0.5225
YJL179W,0.4836
YJL180C,0.3449
YJL181W,1.2447
YJL182C,
YJL183W,0.4822
YJL184W,0.5235
YJL185C,
YJL186W,0.6841
YJL187C,0.4706
YJL188C,
YJL189W,0.1619
YJL190C,0.0175
YJL191W,0.0243
YJL192C,0.5876
YJL193W,0.4298
YJL194W,0.5512
YJL195C,
YJL196C,0.3796
YJL197C-A,
YJL197W,0.5889
YJL198W,0.3212
YJL199C,
YJL200C,0.1199
YJL201W,0.4476
YJL202C,
YJL203W,1.1487
YJL204C,0.4906
YJL205C,
YJL206C,0.5749
YJL206C-A,
YJL207C,0.8903
YJL208C,0.2573
YJL209W,
YJL210W,0.9519
YJL211C,
YJL212C,0.102
YJL213W,
YJL214W,1.0328
YJL215C,
YJL216C,0.3218
YJL217W,
YJL218W,0.5361
YJL219W,1.0151
YJL220W,
YJL221C,0.3093
YJL222W,
YJL222W-A,
YJL222W-B,
YJL223C,
YJL225C,
YJL225W-A,
YJR001W,0.3074
YJR002W,0.4498
YJR003C,0.8322
YJR004C,1.0025
YJR005C-A,
YJR005W,0.4596
YJR006W,0.374
YJR007W,0.127
YJR008W,0.4221
YJR009C,0.121
YJR010CA,
YJR010C-A,0.7548
YJR010W,0.1836
YJR011C,1.4986
YJR012C,1.0892
YJR013W,0.3862
YJR014W,0.2076
YJR015W,0.5317
YJR016C,0.109
YJR017C,0.2418
YJR018W,
YJR019C,0.4521
YJR020W,
YJR021C,0.9617
YJR022W,0.8673
YJR023C,
YJR024C,0.4951
YJR025C,
YJR026W,
YJR027W,0.6668
YJR028W,
YJR029W,0.6682
YJR030C,1.004
YJR031C,0.468
YJR032W,0.3741
YJR033C,0.4231
YJR034W,0.1629
YJR035W,0.3175
YJR036C,0.6444
YJR037W,
YJR038C,
YJR039W,
YJR040W,0.3646
YJR041C,0.9265
YJR042W,0.5387
YJR043C,0.7478
YJR044C,0.3227
YJR045C,0.4115
YJR046W,0.6885
YJR047C,0.0587
YJR048W,0.1336
YJR049C,0.4229
YJR050W,0.4878
YJR051W,0.3366
YJR052W,0.4656
YJR053W,0.8601
YJR054W,0.6007
YJR055W,0.579
YJR056C,
YJR057W,0.3816
YJR058C,0.2412
YJR059W,0.865
YJR060W,0.9798
YJR061W,0.9063
YJR062C,0.4791
YJR063W,0.221
YJR064W,0.1048
YJR065C,0.0763
YJR066W,0.2349
YJR067C,0.646
YJR068W,0.2324
YJR069C,0.2727
YJR070C,0.2355
YJR071W,
YJR072C,0.1651
YJR073C,0.33
YJR074W,0.4671
YJR075W,0.417
YJR076C,0.1817
YJR077C,0.1268
YJR078W,
YJR079W,
YJR080C,0.8859
YJR082C,0.8591
YJR083C,1.2492
YJR084W,0.8532
YJR085C,0.3209
YJR086W,0.4237
YJR087W,
YJR088C,0.7176
YJR089W,1.4086
YJR090C,0.5478
YJR091C,0.3931
YJR092W,1.0286
YJR093C,0.9238
YJR094C,1.1916
YJR094WA,
YJR094W-A,0.0944
YJR095W,0.1372
YJR096W,0.2344
YJR097W,0.5527
YJR098C,0.4041
YJR099W,0.4901
YJR100C,0.2517
YJR101W,0.3515
YJR102C,0.5996
YJR103W,0.1478
YJR104C,0.2346
YJR105W,0.2216
YJR106W,0.7994
YJR107W,0.3708
YJR108W,
YJR109C,0.1169
YJR110W,0.387
YJR111C,0.4385
YJR112W,0.8574
YJR112W-A,0.3967
YJR113C,0.3604
YJR114W,
YJR115W,2.6595
YJR116W,0.5015
YJR117W,0.2613
YJR118C,0.4988
YJR119C,0.5418
YJR120W,
YJR121W,0.0471
YJR122W,0.7283
YJR123W,0.0644
YJR124C,0.3468
YJR125C,0.3928
YJR126C,0.4946
YJR127C,0.6127
YJR128W,
YJR129C,0.7537
YJR130C,0.2674
YJR131W,0.3646
YJR132W,0.4179
YJR133W,0.1623
YJR134C,1.122
YJR135C,1.1768
YJR135W-A,0.227
YJR136C,0.8358
YJR137C,0.2919
YJR138W,0.4524
YJR139C,0.1031
YJR140C,0.6632
YJR140W-A,
YJR141W,1.0882
YJR142W,0.4252
YJR143C,0.2991
YJR144W,0.3913
YJR145C,0.0409
YJR146W,
YJR147W,1.2556
YJR148W,0.1687
YJR149W,
YJR150C,
YJR151C,4.067
YJR151W-A,
YJR152W,1.2679
YJR153W,
YJR154W,
YJR155W,
YJR156C,0.1361
YJR157W,
YJR158W,1.0507
YJR159W,1.0144
YJR160C,1.3065
YJR161C,
YJR162C,
YKL001C,0.0897
YKL002W,0.1469
YKL003C,0.2847
YKL004W,0.2348
YKL005C,
YKL006CA,
YKL006C-A,0.2939
YKL006W,0.1077
YKL007W,0.6695
YKL008C,0.2747
YKL009W,0.1167
YKL010C,0.5761
YKL011C,1.1745
YKL012W,0.6466
YKL013C,0.0785
YKL014C,0.7205
YKL015W,0.4149
YKL016C,0.1855
YKL017C,0.3799
YKL018C-A,1.2309
YKL018W,0.2048
YKL019W,0.4443
YKL020C,0.7168
YKL021C,0.2375
YKL022C,0.4464
YKL023C-A,
YKL023W,1.7959
YKL024C,0.2296
YKL025C,0.5479
YKL026C,0.5764
YKL027W,0.3048
YKL028W,0.4227
YKL029C,0.1668
YKL030W,
YKL031W,
YKL032C,1.1204
YKL033W,0.9226
YKL033WA,
YKL033W-A,0.3052
YKL034W,0.3578
YKL035W,0.092
YKL036C,
YKL037W,
YKL038W,0.7108
YKL039W,0.3896
YKL040C,0.2942
YKL041W,0.2667
YKL042W,1.0949
YKL043W,0.7751
YKL044W,
YKL045W,0.3263
YKL046C,0.2365
YKL047W,0.9244
YKL048C,0.7275
YKL049C,0.3234
YKL050C,1.1048
YKL051W,0.2769
YKL052C,0.7455
YKL053CA,
YKL053C-A,0.2275
YKL053W,
YKL054C,1.0266
YKL055C,0.6984
YKL056C,0.097
YKL057C,0.7095
YKL058W,0.2049
YKL059C,0.338
YKL060C,0.175
YKL061W,1.4455
YKL062W,1.2714
YKL063C,0.9623
YKL064W,0.3465
YKL065C,0.5876
YKL065W-A,
YKL066W,
YKL067W,0.2178
YKL068W,0.8641
YKL068W-A,
YKL069W,0.2349
YKL070W,0.4021
YKL071W,
YKL072W,0.6692
YKL073W,0.6373
YKL074C,0.9877
YKL075C,0.3392
YKL076C,
YKL077W,0.3163
YKL078W,0.2908
YKL079W,
YKL080W,0.2319
YKL081W,0.3004
YKL082C,0.3683
YKL083W,
YKL084W,0.3162
YKL085W,0.1461
YKL086W,0.43
YKL087C,0.3099
YKL088W,0.6725
YKL089W,0.5367
YKL090W,1.054
YKL091C,0.3042
YKL092C,0.5833
YKL093W,1.3063
YKL094W,0.4564
YKL095W,0.5019
YKL096C-B,
YKL096W,3.2882
YKL096WA,
YKL096W-A,
YKL097C,
YKL097W-A,
YKL098W,0.8347
YKL099C,0.3594
YKL100C,
YKL100W-A,
YKL101W,0.5735
YKL102C,
YKL103C,0.3479
YKL104C,0.1064
YKL105C,1.2677
YKL106C-A,
YKL106W,0.304
YKL107W,0.4621
YKL108W,1.2561
YKL109W,2.5272
YKL110C,0.354
YKL111C,
YKL112W,0.6394
YKL113C,0.2556
YKL114C,0.2585
YKL115C,
YKL116C,0.5647
YKL117W,0.4818
YKL118W,
YKL119C,0.6876
YKL120W,0.2028
YKL121W,0.8966
YKL122C,0.676
YKL123W,
YKL124W,0.3555
YKL125W,0.2961
YKL126W,0.2653
YKL127W,0.1929
YKL128C,0.5864
YKL129C,0.2349
YKL130C,0.6704
YKL131W,
YKL132C,0.6308
YKL133C,0.7948
YKL134C,0.4101
YKL135C,0.3596
YKL136W,
YKL137W,0.4356
YKL138C,0.5037
YKL138C-A,
YKL139W,0.4729
YKL140W,
YKL141W,0.4251
YKL142W,0.6011
YKL143W,0.3113
YKL144C,0.1459
YKL145W,0.084
YKL145W-A,
YKL146W,0.4346
YKL147C,
YKL148C,0.0858
YKL149C,0.5261
YKL150W,0.2874
YKL151C,0.5511
YKL152C,0.1043
YKL153W,
YKL154W,0.5325
YKL155C,0.3702
YKL156C-A,
YKL156W,0.0248
YKL157W,0.2295
YKL158W,
YKL159C,0.9632
YKL160W,0.237
YKL161C,0.4093
YKL162C,0.7905
YKL162C-A,
YKL163W,0.2275
YKL164C,0.2647
YKL165C,0.2122
YKL165C-A,
YKL166C,0.1799
YKL167C,0.483
YKL168C,0.7935
YKL169C,
YKL170W,0.1836
YKL171W,0.8883
YKL172W,0.3177
YKL173W,0.4725
YKL174C,0.3196
YKL175W,0.5062
YKL176C,0.6754
YKL177W,
YKL178C,0.3855
YKL179C,0.4719
YKL180W,0.0456
YKL181W,0.0936
YKL182W,0.1633
YKL183C-A,
YKL183W,0.5734
YKL184W,0.2681
YKL185W,0.735
YKL186C,0.2817
YKL187C,0.6098
YKL188C,0.3502
YKL189W,0.3249
YKL190W,0.1185
YKL191W,0.3926
YKL192C,0.3773
YKL193C,0.2779
YKL194C,0.3116
YKL195W,1.0957
YKL196C,0.1266
YKL197C,0.5697
YKL198C,0.7547
YKL199C,
YKL200C,
YKL201C,0.92
YKL202W,
YKL203C,0.1917
YKL204W,2.0727
YKL205W,0.5307
YKL206C,0.7713
YKL207W,0.5271
YKL208W,1.0729
YKL209C,0.4776
YKL210W,0.1408
YKL211C,0.195
YKL212W,0.2843
YKL213C,0.3693
YKL214C,1.0318
YKL215C,0.1854
YKL216W,0.2086
YKL217W,0.3395
YKL218C,
YKL219W,
YKL220C,0.9789
YKL221W,1.1348
YKL222C,1.0246
YKL223W,
YKL224C,
YKL225W,
YKR001C,0.1237
YKR002W,0.2048
YKR003W,0.2459
YKR004C,0.9189
YKR005C,1.2374
YKR006C,0.623
YKR007W,0.6484
YKR008W,0.5124
YKR009C,0.2212
YKR010C,1.3279
YKR011C,0.9791
YKR012C,
YKR013W,0.5847
YKR014C,0.254
YKR015C,
YKR016W,0.7536
YKR017C,0.5417
YKR018C,0.2636
YKR019C,1.0489
YKR020W,0.7512
YKR021W,0.5618
YKR022C,1.5205
YKR023W,0.547
YKR024C,0.2919
YKR025W,0.5402
YKR026C,0.1414
YKR027W,0.6414
YKR028W,0.4888
YKR029C,0.47
YKR030W,0.3217
YKR031C,0.4224
YKR032W,
YKR033C,
YKR034W,0.6309
YKR035C,
YKR035W-A,0.1581
YKR036C,0.7302
YKR037C,0.6588
YKR038C,0.1008
YKR039W,0.4605
YKR040C,
YKR041W,
YKR042W,0.3276
YKR043C,0.1685
YKR044W,
YKR045C,
YKR046C,0.9101
YKR047W,
YKR048C,0.4182
YKR049C,0.698
YKR050W,0.4743
YKR051W,0.4839
YKR052C,0.2299
YKR053C,0.6451
YKR054C,0.7474
YKR055W,0.2909
YKR056W,0.2859
YKR057W,0.068
YKR058W,0.6869
YKR059W,0.9176
YKR060W,0.4112
YKR061W,0.7442
YKR062W,0.3343
YKR063C,0.833
YKR064W,0.9578
YKR065C,0.4906
YKR066C,0.2838
YKR067W,0.376
YKR068C,0.1442
YKR069W,0.3525
YKR070W,0.3523
YKR071C,0.4241
YKR072C,0.4318
YKR073C,
YKR074W,0.2293
YKR075C,0.6463
YKR075W-A,
YKR076W,0.2654
YKR077W,1.3167
YKR078W,1.3841
YKR079C,0.4121
YKR080W,0.1718
YKR081C,0.2001
YKR082W,0.7399
YKR083C,0.7005
YKR084C,0.3607
YKR085C,0.6233
YKR086W,0.4066
YKR087C,0.2732
YKR088C,0.4376
YKR089C,0.3738
YKR090W,0.9511
YKR091W,1.2147
YKR092C,1.7889
YKR093W,0.2977
YKR094C,0.0288
YKR095W,1.0262
YKR095W-A,
YKR096W,0.522
YKR097W,0.1164
YKR098C,0.6051
YKR099W,0.7328
YKR100C,0.881
YKR101W,
YKR102W,1.8169
YKR103W,1.0332
YKR104W,0.6037
YKR105C,0.4747
YKR106W,0.4859
YLL001W,0.1869
YLL002W,0.4939
YLL003W,1.1836
YLL004W,0.5696
YLL005C,0.7438
YLL006W,0.3756
YLL006W-A,
YLL007C,1.0073
YLL008W,0.2172
YLL009C,0.5292
YLL010C,0.4978
YLL011W,0.1491
YLL012W,0.437
YLL013C,0.5945
YLL014W,0.5682
YLL015W,0.3351
YLL016W,
YLL017W,
YLL018C,0.1141
YLL018CA,
YLL018C-A,0.3149
YLL019C,0.4228
YLL019W-A,
YLL020C,
YLL021W,0.9445
YLL022C,2.0835
YLL023C,0.7542
YLL024C,0.2804
YLL025W,
YLL026W,0.1498
YLL027W,0.4905
YLL028W,0.2537
YLL029W,0.3017
YLL030C,
YLL031C,0.2915
YLL032C,0.9438
YLL033W,0.8134
YLL034C,0.1912
YLL035W,0.6378
YLL036C,0.8799
YLL037W,
YLL038C,0.5582
YLL039C,0.0059
YLL040C,0.5129
YLL041C,0.1132
YLL042C,0.9471
YLL043W,0.4727
YLL044W,
YLL045C,0.0851
YLL046C,0.8894
YLL047W,
YLL048C,0.2735
YLL049W,
YLL050C,0.0907
YLL051C,1.0862
YLL052C,2.3775
YLL053C,0.4047
YLL054C,1.2836
YLL055W,1.1493
YLL056C,
YLL057C,0.2512
YLL058W,
YLL059C,
YLL060C,
YLL061W,0.6015
YLL062C,0.2956
YLL063C,
YLL064C,
YLL065W,
YLL066C,
YLL066W-A,
YLL066W-B,
YLL067C,
YLL067W-A,
YLR001C,0.5999
YLR002C,0.2646
YLR003C,0.3927
YLR004C,1.2327
YLR005W,0.1824
YLR006C,0.8138
YLR007W,0.7242
YLR008C,0.2647
YLR009W,0.1561
YLR010C,
YLR011W,
YLR012C,
YLR013W,
YLR014C,0.546
YLR015W,0.387
YLR016C,0.4584
YLR017W,0.184
YLR018C,0.7899
YLR019W,0.4692
YLR020C,0.3378
YLR021W,0.4894
YLR022C,0.1733
YLR023C,0.4975
YLR024C,0.5904
YLR025W,0.429
YLR026C,0.3727
YLR027C,0.2315
YLR028C,0.0918
YLR029C,0.0449
YLR030W,
YLR031W,1.1382
YLR032W,0.516
YLR033W,0.5372
YLR034C,0.2088
YLR035C,1.086
YLR035C-A,0.682
YLR036C,
YLR037C,
YLR038C,0.1256
YLR039C,0.7409
YLR040C,0.7262
YLR041W,
YLR042C,
YLR043C,0.2783
YLR044C,0.0977
YLR045C,0.8657
YLR046C,0.9215
YLR047C,0.434
YLR048W,0.108
YLR049C,
YLR050C,0.9394
YLR051C,0.4724
YLR052W,1.2135
YLR053C,
YLR054C,0.8965
YLR055C,0.4477
YLR056W,0.2977
YLR057W,1.0411
YLR058C,0.0877
YLR059C,0.4265
YLR060W,0.1674
YLR061W,0.0641
YLR062C,
YLR063W,0.369
YLR064W,0.6868
YLR065C,0.6316
YLR066W,0.574
YLR067C,0.7293
YLR068W,0.4851
YLR069C,0.1233
YLR070C,1.1094
YLR071C,0.4709
YLR072W,0.8974
YLR073C,0.7136
YLR074C,0.307
YLR075W,0.0807
YLR076C,
YLR077W,0.5333
YLR078C,0.4457
YLR079W,0.7165
YLR080W,0.5614
YLR081W,1.1863
YLR082C,
YLR083C,0.2233
YLR084C,0.6615
YLR085C,0.2831
YLR086W,0.4272
YLR087C,0.7999
YLR088W,0.3242
YLR089C,0.2033
YLR090W,0.641
YLR091W,1.1191
YLR092W,0.3245
YLR093C,0.5402
YLR094C,0.919
YLR095C,0.6947
YLR096W,0.4217
YLR097C,0.4251
YLR098C,0.3364
YLR099C,0.5587
YLR099W-A,0.9293
YLR100W,0.2167
YLR101C,
YLR102C,1.5018
YLR103C,0.2375
YLR104W,0.4443
YLR105C,0.4162
YLR106C,0.389
YLR107W,0.4382
YLR108C,0.8097
YLR109W,0.4727
YLR110C,0.2229
YLR111W,
YLR112W,
YLR113W,0.1079
YLR114C,0.4645
YLR115W,0.5056
YLR116W,0.5524
YLR117C,0.4961
YLR118C,0.4537
YLR119W,0.8826
YLR120C,0.4978
YLR120W-A,
YLR121C,0.8025
YLR122C,
YLR123C,
YLR124W,
YLR125W,
YLR126C,
YLR127C,0.8899
YLR128W,0.7682
YLR129W,0.2605
YLR130C,0.2986
YLR131C,1.086
YLR132C,1.0556
YLR133W,0.4842
YLR134W,
YLR135W,1.1532
YLR136C,0.6045
YLR137W,0.5607
YLR138W,0.3397
YLR139C,1.0912
YLR140W,
YLR141W,0.9811
YLR142W,0.3516
YLR143W,0.4744
YLR144C,0.6484
YLR145W,0.6904
YLR146C,0.289
YLR146W-A,
YLR147C,0.2342
YLR148W,0.7143
YLR149C,0.5216
YLR149C-A,
YLR150W,
YLR151C,0.4193
YLR152C,0.4104
YLR153C,0.1019
YLR154C,
YLR154C-G,
YLR154C-H,
YLR154W-A,
YLR154W-B,
YLR154W-C,0.1351
YLR154W-E,
YLR154W-F,
YLR155C,
YLR156C-A,
YLR156W,
YLR157C,
YLR157C-B,0.6687
YLR157C-C,
YLR157W-D,
YLR157W-E,
YLR158C,
YLR159C-A,
YLR159W,
YLR160C,
YLR161W,
YLR162W,
YLR162W-A,
YLR163C,0.1493
YLR163W-A,
YLR164W,0.3859
YLR165C,0.6489
YLR166C,0.5158
YLR167W,0.0851
YLR168C,0.3132
YLR169W,
YLR170C,0.233
YLR171W,
YLR172C,0.1126
YLR173W,0.9766
YLR174W,0.1442
YLR175W,0.0766
YLR176C,1.0119
YLR177W,0.4644
YLR178C,0.5908
YLR179C,0.8252
YLR180W,0.0767
YLR181C,0.8976
YLR182W,0.5707
YLR183C,0.7288
YLR184W,
YLR185W,0.1544
YLR186W,0.0429
YLR187W,0.6274
YLR188W,0.2262
YLR189C,0.4647
YLR190W,1.546
YLR191W,0.4892
YLR192C,0.28
YLR193C,0.3266
YLR194C,1.1828
YLR195C,0.2579
YLR196W,0.2061
YLR197W,0.0754
YLR198C,
YLR199C,0.8334
YLR200W,0.4045
YLR201C,0.3789
YLR202C,
YLR203C,0.1747
YLR204W,1.2399
YLR205C,0.3312
YLR206W,0.3537
YLR207W,0.7603
YLR208W,0.1166
YLR209C,0.275
YLR210W,0.5384
YLR211C,0.8365
YLR212C,0.3587
YLR213C,0.4511
YLR214W,0.5093
YLR215C,0.378
YLR216C,0.2123
YLR217W,
YLR218C,0.2835
YLR219W,0.9976
YLR220W,0.3193
YLR221C,0.935
YLR222C,0.2353
YLR222C-A,
YLR223C,0.5115
YLR224W,
YLR225C,0.7759
YLR226W,0.436
YLR227C,1.3035
YLR227W-B,0.6689
YLR228C,0.458
YLR229C,0.0202
YLR230W,
YLR231C,
YLR232W,
YLR233C,0.9872
YLR234W,0.3417
YLR235C,
YLR236C,
YLR237W,0.7585
YLR238W,0.5683
YLR239C,0.3337
YLR240W,0.3078
YLR241W,0.2245
YLR242C,0.5367
YLR243W,0.1041
YLR244C,0.1552
YLR245C,0.4841
YLR246W,0.5508
YLR247C,0.8425
YLR248W,0.3502
YLR249W,0.0848
YLR250W,0.4071
YLR251W,0.3362
YLR252W,
YLR253W,0.2681
YLR254C,
YLR255C,
YLR256W,0.4495
YLR256W-A,
YLR257W,0.6454
YLR258W,0.1496
YLR259C,0.0738
YLR260W,0.326
YLR261C,
YLR262C,0.1275
YLR262CA,
YLR262C-A,
YLR263W,1.0503
YLR264C-A,
YLR264W,0.0727
YLR265C,1.5168
YLR266C,1.2844
YLR267W,
YLR268W,0.2047
YLR269C,
YLR270W,0.2702
YLR271W,0.7349
YLR272C,0.3364
YLR273C,2.3576
YLR274W,0.1822
YLR275W,0.2367
YLR276C,0.1832
YLR277C,0.1975
YLR278C,0.4328
YLR279W,
YLR280C,
YLR281C,0.5045
YLR282C,
YLR283W,0.5267
YLR284C,0.4826
YLR285C-A,
YLR285W,0.2807
YLR286C,0.4294
YLR286W-A,
YLR287C,0.9962
YLR287C-A,0.1163
YLR288C,0.5065
YLR289W,0.1616
YLR290C,0.4019
YLR291C,0.2012
YLR292C,0.5725
YLR293C,0.0057
YLR294C,
YLR295C,0.519
YLR296W,
YLR297W,
YLR298C,0.6199
YLR299C-A,
YLR299W,0.3616
YLR300W,0.2912
YLR301W,0.4667
YLR302C,
YLR303W,0.0972
YLR304C,0.0877
YLR305C,0.4435
YLR306W,0.5356
YLR307C-A,
YLR307W,0.3804
YLR308W,0.3274
YLR309C,0.6987
YLR310C,0.7716
YLR311C,
YLR312C,
YLR312WA,
YLR312W-A,0.6687
YLR313C,1.0974
YLR314C,0.3922
YLR315W,1.4078
YLR316C,0.4836
YLR317W,
YLR318W,0.7028
YLR319C,0.4453
YLR320W,1.0132
YLR321C,0.4895
YLR322W,
YLR323C,0.6213
YLR324W,0.441
YLR325C,0.1807
YLR326W,0.4412
YLR327C,0.1995
YLR328W,0.1991
YLR329W,0.8817
YLR330W,0.5369
YLR331C,
YLR332W,0.8574
YLR333C,0.0906
YLR334C,
YLR335W,0.8139
YLR336C,0.4438
YLR337C,0.7715
YLR338W,
YLR339C,
YLR340W,0.0821
YLR341W,1.4922
YLR342W,0.1043
YLR342W-A,
YLR343W,0.5944
YLR344W,0.0552
YLR345W,0.3167
YLR346C,
YLR347C,0.2061
YLR347W-A,
YLR348C,
YLR349W,
YLR350W,0.2659
YLR351C,0.2339
YLR352W,0.3414
YLR353W,1.0734
YLR354C,0.1611
YLR355C,0.0999
YLR356W,0.9172
YLR357W,0.461
YLR358C,
YLR359W,0.0657
YLR360W,0.9549
YLR361C,0.4512
YLR361C-A,
YLR362W,0.3109
YLR363C,0.6223
YLR363W-A,0.1661
YLR364C-A,
YLR364W,0.3862
YLR365W,
YLR366W,
YLR367W,0.0394
YLR368W,1.3826
YLR369W,0.189
YLR370C,0.1407
YLR371W,0.2735
YLR372W,0.2346
YLR373C,
YLR374C,
YLR375W,0.4826
YLR376C,1.0838
YLR377C,0.1779
YLR378C,0.1225
YLR379W,
YLR380W,0.478
YLR381W,1.0891
YLR382C,0.3354
YLR383W,0.7341
YLR384C,0.2147
YLR385C,0.8223
YLR386W,0.3973
YLR387C,0.4503
YLR388W,0.1451
YLR389C,0.3358
YLR390W,0.5405
YLR390WA,
YLR390W-A,1.0031
YLR391W,
YLR392C,
YLR393W,0.5253
YLR394W,0.8477
YLR395C,0.4551
YLR396C,0.7283
YLR397C,0.2578
YLR398C,0.3542
YLR399C,0.3286
YLR399W-A,
YLR400W,
YLR401C,0.2563
YLR402W,
YLR403W,0.7535
YLR404W,1.1204
YLR405W,0.2345
YLR406C,0.075
YLR406C-A,
YLR407W,0.9632
YLR408C,0.6817
YLR409C,0.2315
YLR410W,0.1893
YLR410W-A,
YLR410W-B,0.653
YLR411W,
YLR412C-A,
YLR412W,0.5532
YLR413W,0.7495
YLR414C,0.5826
YLR415C,
YLR416C,
YLR417W,0.46
YLR418C,0.3436
YLR419W,0.3531
YLR420W,0.2245
YLR421C,0.537
YLR422W,0.6319
YLR423C,0.7426
YLR424W,1.1079
YLR425W,0.5412
YLR426W,0.5917
YLR427W,0.5422
YLR428C,
YLR429W,0.3163
YLR430W,0.4631
YLR431C,1.2603
YLR432W,0.1221
YLR433C,1.6788
YLR434C,
YLR435W,0.2898
YLR436C,1.2945
YLR437C,0.8292
YLR437C-A,
YLR438CA,
YLR438C-A,0.2811
YLR438W,0.2268
YLR439W,0.4569
YLR440C,0.9302
YLR441C,0.0477
YLR442C,1.0046
YLR443W,0.6775
YLR444C,
YLR445W,0.7997
YLR446W,
YLR447C,0.1626
YLR448W,0.224
YLR449W,0.2927
YLR450W,0.3409
YLR451W,0.3543
YLR452C,0.4733
YLR453C,1.3775
YLR454W,0.7137
YLR455W,0.6827
YLR456W,0.4861
YLR457C,1.0531
YLR458W,
YLR459W,0.3516
YLR460C,0.4128
YLR461W,
YLR462W,
YLR463C,
YLR464W,
YLR465C,
YLR466C-A,
YLR466C-B,
YLR466W,
YLR467C-A,
YLR467W,
YML001W,0.0963
YML002W,
YML003W,0.8575
YML004C,0.2946
YML005W,
YML006C,0.6567
YML007C-A,
YML007W,0.9215
YML008C,0.1795
YML009C,0.1777
YML009C-A,
YML009W-B,
YML010C-B,
YML010W,0.2165
YML010W-A,
YML010W-B,
YML011C,0.6223
YML012C-A,
YML012W,0.1998
YML013C-A,
YML013W,0.8154
YML014W,0.2804
YML015C,0.541
YML016C,0.9689
YML017W,0.746
YML018C,0.3535
YML019W,0.6926
YML020W,0.432
YML021C,0.3953
YML022W,0.2421
YML023C,1.0388
YML024W,0.0915
YML025C,0.2826
YML026C,0.0544
YML027W,0.9768
YML028W,0.0652
YML029W,0.937
YML030W,0.2996
YML031C-A,
YML031W,0.7075
YML032C,0.3889
YML032C-A,
YML033W,
YML034C-A,
YML034W,0.8781
YML035C,0.2224
YML035C-A,
YML036W,0.5687
YML037C,2.4114
YML038C,0.5694
YML039W,0.6745
YML040W,
YML041C,0.4873
YML042W,0.3561
YML043C,0.7496
YML045W,0.6733
YML045W-A,
YML046W,0.6253
YML047C,0.5819
YML047W-A,
YML048W,0.4119
YML048W-A,
YML049C,0.7528
YML050W,0.6825
YML051W,0.3147
YML052W,0.6604
YML053C,
YML054C,0.2632
YML054C-A,
YML055W,0.5956
YML056C,0.1207
YML057C-A,
YML057W,1.5318
YML058C-A,
YML058W,1.0483
YML058W-A,
YML059C,0.4201
YML060W,0.4855
YML061C,0.5687
YML062C,1.4997
YML063W,0.043
YML064C,0.2192
YML065W,0.4731
YML066C,1.0445
YML067C,0.304
YML068W,
YML069W,0.1694
YML070W,0.2198
YML071C,0.5544
YML072C,0.4275
YML073C,0.1474
YML074C,0.2581
YML075C,0.3014
YML076C,0.719
YML077W,0.5485
YML078W,0.1502
YML079W,0.4094
YML080W,0.187
YML081CA,
YML081C-A,0.2456
YML081W,0.553
YML082W,0.3547
YML083C,
YML084W,
YML085C,0.0583
YML086C,0.1954
YML087C,0.4873
YML088W,0.5964
YML089C,
YML090W,
YML091C,0.6374
YML092C,0.0689
YML093W,0.3722
YML094C-A,
YML094W,0.1986
YML095C,0.5053
YML095C-A,
YML096W,0.3546
YML097C,0.5306
YML098W,0.4141
YML099C,0.4178
YML099W-A,
YML100W,0.8971
YML100WA,
YML100W-A,
YML101C,1.0622
YML101C-A,
YML102C-A,
YML102W,0.4372
YML103C,0.6687
YML104C,0.7451
YML105C,0.2977
YML106W,0.1072
YML107C,1.1574
YML108W,0.3854
YML109W,0.9354
YML110C,0.2037
YML111W,0.532
YML112W,0.6564
YML113W,
YML114C,1.0851
YML115C,0.2847
YML116W,0.7225
YML116W-A,
YML117W,0.9288
YML117W-A,
YML118W,0.5668
YML119W,1.0587
YML120C,0.1761
YML121W,0.1292
YML122C,
YML123C,0.3559
YML124C,0.0829
YML125C,0.3151
YML126C,0.1364
YML127W,0.456
YML128C,0.753
YML129C,0.2954
YML130C,0.3685
YML131W,
YML132W,
YML133C,
YML133W-A,
YML133W-B,
YMR001C,0.2376
YMR001C-A,
YMR002W,0.258
YMR003W,1.0675
YMR004W,0.4639
YMR005W,0.4549
YMR006C,
YMR007W,
YMR008C,0.2942
YMR009W,0.3515
YMR010W,0.3179
YMR011W,1.0321
YMR012W,0.5565
YMR013C,0.8149
YMR013C-A,
YMR013W-A,
YMR014W,0.6846
YMR015C,0.1614
YMR016C,1.1373
YMR017W,0.8993
YMR018W,1.0989
YMR019W,
YMR020W,0.4948
YMR021C,0.5606
YMR022W,0.1248
YMR023C,0.4445
YMR024W,0.3743
YMR025W,1.6336
YMR026C,0.9068
YMR027W,0.462
YMR028W,0.4962
YMR029C,0.8192
YMR030W,
YMR030W-A,
YMR031C,0.8314
YMR031WA,
YMR031W-A,
YMR032W,0.803
YMR033W,0.4297
YMR034C,0.3141
YMR035W,0.4018
YMR036C,1.0653
YMR037C,1.391
YMR038C,0.3778
YMR039C,0.9866
YMR040W,0.6029
YMR041C,0.4038
YMR042W,
YMR043W,0.3568
YMR044W,0.724
YMR045C,0.6828
YMR046C,
YMR046W-A,
YMR047C,0.6626
YMR048W,0.8606
YMR049C,0.1395
YMR050C,0.6692
YMR051C,
YMR052C-A,
YMR052W,0.9073
YMR053C,0.6721
YMR054W,0.2658
YMR055C,0.2918
YMR056C,
YMR057C,
YMR058W,0.2596
YMR059W,0.5546
YMR060C,0.5978
YMR061W,0.4694
YMR062C,0.1686
YMR063W,0.8961
YMR064W,1.1552
YMR065W,1.0338
YMR066W,1.0491
YMR067C,0.8389
YMR068W,0.6237
YMR069W,1.124
YMR070W,1.4837
YMR071C,0.3947
YMR072W,0.765
YMR073C,0.5891
YMR074C,0.5435
YMR075CA,
YMR075C-A,
YMR075W,0.7642
YMR076C,0.5303
YMR077C,0.5333
YMR078C,0.4907
YMR079W,0.1485
YMR080C,0.2092
YMR081C,1.7897
YMR082C,
YMR083W,0.1396
YMR084W,0.3405
YMR085W,
YMR086C-A,
YMR086W,1.175
YMR087W,0.579
YMR088C,0.384
YMR089C,0.226
YMR090W,0.3457
YMR091C,0.4189
YMR092C,0.3222
YMR093W,0.1833
YMR094W,1.0026
YMR095C,0.3489
YMR096W,0.1504
YMR097C,0.4641
YMR098C,0.9098
YMR099C,0.2282
YMR100W,0.6532
YMR101C,0.5143
YMR102C,0.7054
YMR103C,
YMR104C,0.3039
YMR105C,0.1887
YMR105W-A,
YMR106C,0.8326
YMR107W,0.7062
YMR108W,0.1865
YMR109W,0.1868
YMR110C,0.4231
YMR111C,0.7521
YMR112C,0.6069
YMR113W,0.4085
YMR114C,0.6015
YMR115W,0.4719
YMR116C,0.2486
YMR117C,1.3625
YMR118C,0.4736
YMR119W,0.7501
YMR119WA,
YMR119W-A,
YMR120C,0.0748
YMR121C,0.0225
YMR122C,
YMR122W-A,1.0394
YMR123W,0.4929
YMR124W,1.1161
YMR125W,0.3701
YMR126C,0.7024
YMR127C,0.2941
YMR128W,0.2485
YMR129W,0.4044
YMR130W,0.4673
YMR131C,0.1594
YMR132C,0.2924
YMR133W,0.9454
YMR134W,0.3994
YMR135C,0.5269
YMR135W-A,
YMR136W,1.0772
YMR137C,0.7982
YMR138W,0.6384
YMR139W,0.3058
YMR140W,0.3677
YMR141C,
YMR141W-A,
YMR142C,0.0626
YMR143W,0.0235
YMR144W,1.2114
YMR145C,0.2088
YMR146C,0.303
YMR147W,
YMR148W,1.3416
YMR149W,1.0271
YMR150C,0.2448
YMR151W,
YMR152W,0.6649
YMR153CA,
YMR153C-A,
YMR153W,0.6442
YMR154C,1.0764
YMR155W,0.5855
YMR156C,0.5513
YMR157C,0.5516
YMR158C-A,
YMR158W,0.2195
YMR158W-A,
YMR158W-B,
YMR159C,0.9475
YMR160W,0.6702
YMR161W,0.4054
YMR162C,0.3044
YMR163C,0.9192
YMR164C,1.4903
YMR165C,0.3918
YMR166C,0.2643
YMR167W,0.3508
YMR168C,0.954
YMR169C,0.2675
YMR170C,0.4987
YMR171C,0.3953
YMR172CA,
YMR172C-A,
YMR172W,1.4372
YMR173W,0.9836
YMR173WA,
YMR173W-A,
YMR174C,
YMR175W,1.4936
YMR175W-A,
YMR176W,0.8383
YMR177W,0.3699
YMR178W,0.3465
YMR179W,0.8916
YMR180C,1.314
YMR181C,0.904
YMR182C,0.8688
YMR182W-A,
YMR183C,0.2633
YMR184W,0.7272
YMR185W,0.6207
YMR186W,0.06
YMR187C,0.8811
YMR188C,0.353
YMR189W,0.2075
YMR190C,0.5338
YMR191W,
YMR192W,0.9896
YMR193C-A,
YMR193W,0.2983
YMR194C-A,
YMR194C-B,
YMR194W,0.1277
YMR195W,2.7864
YMR196W,0.2291
YMR197C,0.3214
YMR198W,1.1729
YMR199W,0.444
YMR200W,0.3376
YMR201C,0.3834
YMR202W,0.1876
YMR203W,0.1849
YMR204C,1.1415
YMR205C,0.1857
YMR206W,1.624
YMR207C,0.3543
YMR208W,0.378
YMR209C,0.5891
YMR210W,0.8581
YMR211W,0.4781
YMR212C,0.5112
YMR213W,0.6046
YMR214W,0.3867
YMR215W,0.2993
YMR216C,0.3616
YMR217W,0.0891
YMR218C,0.9518
YMR219W,2.1267
YMR220W,0.4515
YMR221C,0.3585
YMR222C,0.2863
YMR223W,0.4001
YMR224C,0.3678
YMR225C,0.333
YMR226C,0.1523
YMR227C,0.5211
YMR228W,0.6462
YMR229C,0.3326
YMR230W,0.123
YMR230W-A,
YMR231W,0.5038
YMR232W,0.8313
YMR233W,0.3611
YMR234W,0.5821
YMR235C,0.3892
YMR236W,0.1604
YMR237W,0.5525
YMR238W,0.2255
YMR239C,0.4267
YMR240C,0.703
YMR241W,0.1173
YMR242C,0.0507
YMR242W-A,
YMR243C,0.2917
YMR244CA,
YMR244C-A,0.6229
YMR244W,0.3298
YMR245W,
YMR246W,0.2839
YMR247C,0.774
YMR247W-A,
YMR250W,0.3297
YMR251W,0.5831
YMR251WA,
YMR251W-A,
YMR252C,0.4182
YMR253C,
YMR254C,
YMR255W,1.5315
YMR256C,0.1859
YMR257C,1.1395
YMR258C,0.509
YMR259C,0.7258
YMR260C,0.0577
YMR261C,0.8573
YMR262W,0.5647
YMR263W,0.4266
YMR264W,0.5516
YMR265C,0.9042
YMR266W,0.2974
YMR267W,0.3549
YMR268C,0.5724
YMR269W,0.4192
YMR270C,0.8598
YMR271C,0.2003
YMR272C,0.1944
YMR272W-A,
YMR272W-B,
YMR273C,0.9818
YMR274C,0.7402
YMR275C,0.5429
YMR276W,0.4101
YMR277W,0.4688
YMR278W,0.3276
YMR279C,0.7092
YMR280C,0.6686
YMR281W,0.6202
YMR282C,1.2338
YMR283C,0.3944
YMR284W,0.478
YMR285C,0.2921
YMR286W,0.2862
YMR287C,0.5883
YMR288W,0.3341
YMR289W,0.7564
YMR290C,0.088
YMR290W-A,
YMR291W,0.4983
YMR292W,0.185
YMR293C,0.3665
YMR294W,1.2433
YMR294WA,
YMR294W-A,
YMR295C,0.3688
YMR296C,0.3203
YMR297W,0.2503
YMR298W,0.3895
YMR299C,1.3072
YMR300C,0.1312
YMR301C,0.1939
YMR302C,0.2118
YMR303C,0.1122
YMR304C-A,
YMR304W,0.5944
YMR305C,0.3903
YMR306CA,
YMR306C-A,
YMR306W,0.2223
YMR307C-A,
YMR307W,0.3496
YMR308C,0.2302
YMR309C,0.3868
YMR310C,0.4702
YMR311C,0.4019
YMR312W,0.6103
YMR313C,0.3283
YMR314W,0.1394
YMR315W,0.344
YMR315W-A,
YMR316C-A,
YMR316C-B,
YMR316W,
YMR317W,3.0288
YMR318C,1.1919
YMR319C,0.3979
YMR320W,
YMR321C,
YMR322C,0.3155
YMR323W,
YMR324C,
YMR325W,
YMR326C,
YNL001W,0.3107
YNL002C,0.2267
YNL003C,0.1945
YNL004W,0.5867
YNL005C,0.3956
YNL006W,0.0754
YNL007C,0.2418
YNL008C,0.8666
YNL009W,0.1936
YNL010W,0.388
YNL011C,0.7852
YNL012W,0.5897
YNL013C,
YNL014W,0.0912
YNL015W,0.5494
YNL016W,0.3762
YNL017C,
YNL018C,
YNL019C,
YNL020C,0.4996
YNL021W,0.2079
YNL022C,0.2745
YNL023C,0.4386
YNL024C,0.2737
YNL024C-A,0.186
YNL025C,0.2358
YNL026W,0.6082
YNL027W,0.9383
YNL028W,
YNL029C,0.4562
YNL030W,0.023
YNL031C,0.0093
YNL032W,0.3501
YNL033W,
YNL034W,
YNL035C,0.3345
YNL036W,0.4029
YNL037C,0.1489
YNL038W,0.9004
YNL039W,0.4774
YNL040W,0.4626
YNL041C,0.6423
YNL042W,0.826
YNL042W-B,
YNL043C,
YNL044W,0.1568
YNL045W,0.302
YNL046W,
YNL047C,0.4889
YNL048W,0.484
YNL049C,0.3227
YNL050C,0.9031
YNL051W,0.648
YNL052W,0.2046
YNL053W,0.651
YNL054W,0.9676
YNL054W-A,
YNL055C,0.246
YNL056W,0.2913
YNL057W,
YNL058C,1.1582
YNL059C,0.285
YNL061W,0.119
YNL062C,0.3003
YNL063W,0.4889
YNL064C,0.1775
YNL065W,0.3047
YNL066W,0.2967
YNL067W,0.1242
YNL067W-A,
YNL067W-B,
YNL068C,0.7945
YNL069C,0.1288
YNL070W,0.1261
YNL071W,0.2152
YNL072W,0.3112
YNL073W,0.4695
YNL074C,1.7059
YNL075W,0.0805
YNL076W,0.7739
YNL077W,0.5362
YNL078W,1.2408
YNL079C,0.2342
YNL080C,0.5454
YNL081C,0.2076
YNL082W,0.5446
YNL083W,0.243
YNL084C,0.4876
YNL085W,0.3846
YNL086W,0.6881
YNL087W,0.3754
YNL088W,0.194
YNL089C,
YNL090W,0.1222
YNL091W,1.0567
YNL092W,0.5803
YNL093W,0.3342
YNL094W,0.6438
YNL095C,0.2966
YNL096C,0.0794
YNL097C,0.3769
YNL097C-B,
YNL097W-A,
YNL098C,0.5562
YNL099C,0.1463
YNL100W,0.8747
YNL101W,0.4138
YNL102W,0.2894
YNL103W,1.0974
YNL103W-A,
YNL104C,0.1551
YNL105W,
YNL106C,0.3465
YNL107W,0.2289
YNL108C,0.291
YNL109W,
YNL110C,0.4374
YNL111C,0.4687
YNL112W,0.1316
YNL113W,0.2536
YNL114C,
YNL115C,0.3116
YNL116W,0.4244
YNL117W,0.1455
YNL118C,0.8837
YNL119W,0.5792
YNL120C,
YNL121C,0.3395
YNL122C,0.4918
YNL123W,0.2489
YNL124W,0.8426
YNL125C,1.1297
YNL126W,0.7525
YNL127W,0.5618
YNL128W,0.6674
YNL129W,0.3758
YNL130C,0.3423
YNL130C-A,
YNL131W,0.4248
YNL132W,0.1193
YNL133C,1.2704
YNL134C,0.3986
YNL135C,0.0645
YNL136W,0.9923
YNL137C,0.3505
YNL138W,0.2904
YNL138W-A,
YNL139C,0.7761
YNL140C,
YNL141W,0.2992
YNL142W,0.2106
YNL143C,
YNL144C,0.8765
YNL144W-A,
YNL145W,
YNL146C-A,
YNL146W,
YNL147W,0.3766
YNL148C,0.9812
YNL149C,0.6481
YNL150W,
YNL151C,0.425
YNL152W,0.7826
YNL153C,0.2829
YNL154C,0.2565
YNL155W,0.6069
YNL156C,0.4764
YNL157W,0.4301
YNL158W,0.7355
YNL159C,0.8085
YNL160W,
YNL161W,0.1878
YNL162W,0.088
YNL162W-A,0.6987
YNL163C,0.2548
YNL164C,1.3259
YNL165W,0.6914
YNL166C,0.8609
YNL167C,1.1207
YNL168C,0.2417
YNL169C,0.3111
YNL170W,
YNL171C,
YNL172W,0.8325
YNL173C,0.9625
YNL174W,
YNL175C,0.3007
YNL176C,1.0936
YNL177C,0.4057
YNL178W,0.0833
YNL179C,
YNL180C,0.2847
YNL181W,0.2846
YNL182C,0.4554
YNL183C,0.3269
YNL184C,
YNL185C,0.128
YNL186W,0.5204
YNL187W,0.7163
YNL188W,0.9683
YNL189W,0.1117
YNL190W,0.6622
YNL191W,0.1664
YNL192W,0.3379
YNL193W,0.8235
YNL194C,0.5726
YNL195C,1.2918
YNL196C,
YNL197C,0.6407
YNL198C,
YNL199C,0.8875
YNL200C,0.2576
YNL201C,0.4433
YNL202W,0.2767
YNL203C,
YNL204C,0.8311
YNL205C,
YNL206C,0.475
YNL207W,0.1821
YNL208W,
YNL209W,0.0508
YNL210W,1.4221
YNL211C,0.3804
YNL212W,0.8682
YNL213C,0.8743
YNL214W,0.8317
YNL215W,1.6941
YNL216W,0.4937
YNL217W,0.655
YNL218W,0.3156
YNL219C,0.4052
YNL220W,0.0975
YNL221C,0.4701
YNL222W,0.1715
YNL223W,0.5265
YNL224C,0.5554
YNL225C,1.2943
YNL226W,
YNL227C,0.5382
YNL228W,
YNL229C,0.191
YNL230C,0.8312
YNL231C,0.1573
YNL232W,0.3668
YNL233W,0.7617
YNL234W,0.9566
YNL235C,
YNL236W,0.6109
YNL237W,0.3308
YNL238W,0.3376
YNL239W,
YNL240C,0.4458
YNL241C,0.2202
YNL242W,0.8053
YNL243W,0.5458
YNL244C,0.0345
YNL245C,0.7494
YNL246W,0.356
YNL247W,0.2493
YNL248C,0.2053
YNL249C,0.7292
YNL250W,0.5035
YNL251C,0.512
YNL252C,0.3761
YNL253W,1.1406
YNL254C,1.1126
YNL255C,0.2182
YNL256W,0.427
YNL257C,0.851
YNL258C,0.9214
YNL259C,0.2187
YNL260C,0.4983
YNL261W,0.6976
YNL262W,0.2474
YNL263C,0.4422
YNL264C,0.539
YNL265C,0.3628
YNL266W,
YNL267W,0.2508
YNL268W,0.1895
YNL269W,
YNL270C,0.78
YNL271C,0.5093
YNL272C,0.4976
YNL273W,0.5342
YNL274C,0.252
YNL275W,0.2709
YNL276C,
YNL277W,0.2414
YNL277W-A,
YNL278W,0.6845
YNL279W,0.5766
YNL280C,0.2153
YNL281W,0.5495
YNL282W,0.5446
YNL283C,0.8426
YNL284C,0.3857
YNL284C-A,
YNL284C-B,0.6634
YNL285W,
YNL286W,
YNL287W,0.2842
YNL288W,0.3201
YNL289W,0.5638
YNL290W,0.1906
YNL291C,0.501
YNL292W,0.3047
YNL293W,0.403
YNL294C,0.7127
YNL295W,0.7984
YNL296W,
YNL297C,0.6375
YNL298W,0.3158
YNL299W,0.4048
YNL300W,0.8889
YNL301C,0.0568
YNL302C,0.0849
YNL303W,
YNL304W,0.484
YNL305C,0.5136
YNL306W,0.5168
YNL307C,0.1575
YNL308C,0.3477
YNL309W,1.1886
YNL310C,0.4214
YNL311C,0.4875
YNL312W,0.4019
YNL313C,0.3174
YNL314W,1.1761
YNL315C,0.2932
YNL316C,0.4145
YNL317W,0.2663
YNL318C,1.2727
YNL319W,
YNL320W,0.3342
YNL321W,0.3806
YNL322C,0.8079
YNL323W,0.4149
YNL324W,
YNL325C,0.2935
YNL326C,0.5618
YNL327W,1.7618
YNL328C,0.3743
YNL329C,0.4683
YNL330C,0.0555
YNL331C,
YNL332W,0.13
YNL333W,0.15
YNL334C,0.3142
YNL335W,
YNL336W,
YNL337W,
YNL338W,
YNL339C,
YNL339W-A,
YNL339W-B,
YNR001C,0.1139
YNR001W-A,
YNR002C,0.2815
YNR003C,0.2608
YNR003W-A,
YNR004W,
YNR005C,
YNR006W,0.4735
YNR007C,0.3645
YNR008W,0.2908
YNR009W,1.2173
YNR010W,0.8981
YNR011C,0.375
YNR012W,0.2373
YNR013C,0.3276
YNR014W,1.2253
YNR015W,0.3295
YNR016C,0.1204
YNR017W,0.2375
YNR018W,0.3295
YNR019W,0.4676
YNR020C,0.2235
YNR021W,0.5642
YNR022C,0.4608
YNR023W,0.5246
YNR024W,1.7248
YNR025C,
YNR026C,0.4344
YNR027W,0.4796
YNR028W,0.6784
YNR029C,0.3187
YNR030W,0.5393
YNR031C,0.4437
YNR032CA,
YNR032C-A,0.1245
YNR032W,0.1744
YNR033W,0.3717
YNR034W,0.1546
YNR034W-A,
YNR035C,0.334
YNR036C,0.1906
YNR037C,0.0903
YNR038W,0.4741
YNR039C,0.5377
YNR040W,0.7604
YNR041C,0.3005
YNR042W,
YNR043W,0.2232
YNR044W,2.4139
YNR045W,1.0091
YNR046W,0.1748
YNR047W,0.3939
YNR048W,0.3905
YNR049C,1.0004
YNR050C,0.1086
YNR051C,0.8238
YNR052C,0.4442
YNR053C,0.1196
YNR054C,0.3021
YNR055C,0.1773
YNR056C,0.4855
YNR057C,0.4316
YNR058W,0.4232
YNR059W,0.9242
YNR060W,0.9919
YNR061C,
YNR062C,0.294
YNR063W,0.4499
YNR064C,0.3226
YNR065C,
YNR066C,
YNR067C,0.5187
YNR068C,
YNR069C,
YNR070W,0.5066
YNR071C,0.6673
YNR072W,1.0095
YNR073C,
YNR074C,
YNR075C-A,
YNR075W,
YNR076W,
YNR077C,
YOL001W,0.4096
YOL002C,0.3813
YOL003C,0.451
YOL004W,0.4357
YOL005C,0.1648
YOL006C,0.2353
YOL007C,
YOL008W,0.4862
YOL009C,0.3606
YOL010W,0.1146
YOL011W,0.3406
YOL012C,0.042
YOL013C,0.7845
YOL013W-A,
YOL013W-B,
YOL014W,
YOL015W,
YOL016C,0.3116
YOL017W,1.0853
YOL018C,0.4118
YOL019W,0.8148
YOL019W-A,
YOL020W,0.2329
YOL021C,0.1446
YOL022C,0.3586
YOL023W,0.2857
YOL024W,1.4169
YOL025W,1.5756
YOL026C,0.6349
YOL027C,0.4046
YOL028C,1.0519
YOL029C,
YOL030W,0.241
YOL031C,0.722
YOL032W,0.2391
YOL033W,0.3755
YOL034W,0.6584
YOL035C,
YOL036W,1.4874
YOL037C,
YOL038C-A,
YOL038W,0.1362
YOL039W,0.2545
YOL040C,0.1035
YOL041C,0.3789
YOL042W,0.31
YOL043C,0.4671
YOL044W,1.1888
YOL045W,0.4198
YOL046C,
YOL047C,
YOL048C,1.1408
YOL049W,0.3808
YOL050C,
YOL051W,0.8569
YOL052C,0.4377
YOL052CA,
YOL052C-A,
YOL053C-A,
YOL053W,0.5133
YOL054W,0.7073
YOL055C,0.6066
YOL056W,0.294
YOL057W,0.3111
YOL058W,0.1164
YOL059W,0.3042
YOL060C,0.3966
YOL061W,0.2197
YOL062C,0.4202
YOL063C,1.2936
YOL064C,0.2437
YOL065C,0.6522
YOL066C,0.2604
YOL067C,0.4044
YOL068C,0.3453
YOL069W,0.5155
YOL070C,0.7223
YOL071W,0.3747
YOL072W,0.6612
YOL073C,0.5519
YOL075C,0.3911
YOL076W,0.7992
YOL077C,0.1248
YOL077W-A,
YOL078W,0.753
YOL079W,
YOL080C,0.4099
YOL081W,0.653
YOL082W,1.3245
YOL083C-A,
YOL083W,
YOL084W,0.3378
YOL085C,
YOL085W-A,
YOL086C,0.1065
YOL086W-A,0.6562
YOL087C,0.6319
YOL088C,0.8143
YOL089C,1.2134
YOL090W,0.2803
YOL091W,2.1265
YOL092W,0.2622
YOL093W,0.2922
YOL094C,0.121
YOL095C,0.5335
YOL096C,0.3489
YOL097C,0.1192
YOL097W-A,
YOL098C,0.3843
YOL099C,
YOL100W,0.5836
YOL101C,1.1066
YOL102C,0.5033
YOL103W,1.1597
YOL103W-A,
YOL103W-B,0.6745
YOL104C,1.2402
YOL105C,0.7611
YOL106W,
YOL107W,0.4322
YOL108C,0.6733
YOL109W,
YOL110W,0.6902
YOL111C,0.6659
YOL112W,0.4427
YOL113W,0.3908
YOL114C,0.4962
YOL115W,0.3903
YOL116W,0.7312
YOL117W,1.0842
YOL118C,
YOL119C,0.3408
YOL120C,0.0568
YOL121C,0.083
YOL122C,0.2831
YOL123W,0.4306
YOL124C,0.2102
YOL125W,0.5597
YOL126C,0.4031
YOL127W,0.0321
YOL128C,0.5364
YOL129W,0.2547
YOL130W,0.359
YOL131W,1.1067
YOL132W,0.3604
YOL133W,0.2775
YOL134C,
YOL135C,0.4802
YOL136C,0.7039
YOL137W,0.5646
YOL138C,0.6786
YOL139C,0.3013
YOL140W,0.2421
YOL141W,
YOL142W,0.3497
YOL143C,0.1623
YOL144W,0.5549
YOL145C,0.4145
YOL146W,0.3299
YOL147C,0.3957
YOL148C,0.415
YOL149W,0.274
YOL150C,
YOL151W,0.5831
YOL152W,
YOL153C,
YOL154W,0.4174
YOL155C,
YOL155W-A,
YOL156W,1.0278
YOL157C,0.3078
YOL158C,0.8844
YOL159C,
YOL159C-A,
YOL160W,
YOL161C,
YOL162W,0.4672
YOL163W,0.3351
YOL164W,
YOL164W-A,
YOL165C,
YOL166C,
YOL166W-A,
YOR001W,0.4749
YOR002W,0.2132
YOR003W,0.3924
YOR004W,0.3547
YOR005C,0.522
YOR006C,0.2739
YOR007C,0.3105
YOR008C,0.5631
YOR008C-A,
YOR008W-B,
YOR009W,
YOR010C,
YOR011W,0.7939
YOR011W-A,
YOR012W,0.5118
YOR013W,
YOR014W,0.1987
YOR015W,
YOR016C,0.2625
YOR017W,0.7481
YOR018W,0.6442
YOR019W,1.09
YOR020C,0.1043
YOR020W-A,0.6607
YOR021C,0.2165
YOR022C,0.4716
YOR023C,0.6041
YOR024W,
YOR025W,0.4078
YOR026W,0.5781
YOR027W,0.1928
YOR028C,1.2266
YOR029W,
YOR030W,0.8779
YOR031W,
YOR032C,1.2742
YOR032W-A,
YOR033C,0.5955
YOR034C,0.7612
YOR034C-A,
YOR035C,0.7296
YOR036W,0.5143
YOR037W,0.4617
YOR038C,0.5085
YOR039W,0.1802
YOR040W,0.3323
YOR041C,
YOR042W,0.797
YOR043W,0.358
YOR044W,
YOR045W,
YOR046C,0.1691
YOR047C,0.4159
YOR048C,0.2712
YOR049C,0.4513
YOR050C,
YOR051C,0.554
YOR052C,0.4332
YOR053W,
YOR054C,0.4859
YOR055W,
YOR056C,0.2308
YOR057W,0.4879
YOR058C,0.8143
YOR059C,0.5312
YOR060C,0.7227
YOR061W,0.1429
YOR062C,0.8314
YOR063W,0.0498
YOR064C,0.6512
YOR065W,0.1081
YOR066W,1.3112
YOR067C,0.24
YOR068C,
YOR069W,0.5502
YOR070C,0.3299
YOR071C,0.6568
YOR072W,
YOR072W-A,
YOR072W-B,
YOR073W,1.0651
YOR073W-A,
YOR074C,0.1131
YOR075W,0.633
YOR076C,1.1122
YOR077W,0.6179
YOR078W,0.9083
YOR079C,0.6131
YOR080W,0.9967
YOR081C,0.4975
YOR082C,
YOR083W,1.7919
YOR084W,0.6192
YOR085W,0.8043
YOR086C,0.3323
YOR087W,0.3767
YOR088W,
YOR089C,0.1503
YOR090C,0.3581
YOR091W,0.1738
YOR092W,0.3055
YOR093C,0.3636
YOR094W,0.1222
YOR095C,0.2169
YOR096W,0.0479
YOR097C,1.8197
YOR098C,1.1753
YOR099W,0.7185
YOR100C,0.3102
YOR101W,0.5025
YOR102W,
YOR103C,0.4686
YOR104W,0.6586
YOR105W,
YOR106W,0.7343
YOR107W,1.0721
YOR108C-A,
YOR108W,0.1784
YOR109W,0.3061
YOR110W,0.3529
YOR111W,0.482
YOR112W,0.661
YOR113W,0.7277
YOR114W,0.714
YOR115C,0.5461
YOR116C,0.1053
YOR117W,0.0576
YOR118W,0.4614
YOR119C,0.2142
YOR120W,0.3323
YOR121C,
YOR122C,0.1316
YOR123C,0.4325
YOR124C,0.4714
YOR125C,0.2264
YOR126C,0.4103
YOR127W,0.8488
YOR128C,0.1809
YOR129C,0.8414
YOR130C,0.2864
YOR131C,0.3993
YOR132W,0.3783
YOR133W,0.0367
YOR134W,0.5972
YOR135C,
YOR136W,0.1024
YOR137C,0.8145
YOR138C,0.8244
YOR139C,
YOR140W,1.4361
YOR141C,0.506
YOR142W,0.1218
YOR142W-B,0.6737
YOR143C,0.571
YOR144C,0.9816
YOR145C,0.1753
YOR146W,
YOR147W,0.6034
YOR148C,1.1502
YOR149C,0.5957
YOR150W,0.2169
YOR151C,0.0619
YOR152C,1.1463
YOR153W,0.6993
YOR154W,0.5689
YOR155C,0.362
YOR156C,0.7924
YOR157C,0.0946
YOR158W,0.5377
YOR159C,0.3636
YOR160W,0.4211
YOR161C,0.2693
YOR161C-C,
YOR161W-A,
YOR161W-B,
YOR162C,1.0025
YOR163W,0.3277
YOR164C,0.3258
YOR165W,0.4851
YOR166C,0.7289
YOR167C,0.0429
YOR168W,0.1684
YOR169C,
YOR170W,
YOR171C,0.4005
YOR172W,1.1086
YOR173W,0.3527
YOR174W,0.7366
YOR175C,0.2961
YOR176W,0.2065
YOR177C,
YOR178C,2.3067
YOR179C,0.8208
YOR180C,0.5797
YOR181W,0.5704
YOR182C,0.1381
YOR183W,
YOR184W,0.2395
YOR185C,0.0102
YOR186C-A,
YOR186W,
YOR187W,0.0802
YOR188W,0.6172
YOR189W,1.5675
YOR190W,0.3425
YOR191W,0.881
YOR192C,0.6627
YOR192C-A,
YOR192C-B,0.6544
YOR192C-C,
YOR193W,1.1987
YOR194C,0.4199
YOR195W,1.5415
YOR196C,0.1411
YOR197W,0.3085
YOR198C,0.4366
YOR199W,
YOR200W,
YOR201C,0.5005
YOR202W,0.0986
YOR203W,
YOR204W,0.2518
YOR205C,0.6254
YOR206W,0.2727
YOR207C,0.0685
YOR208W,0.6686
YOR209C,0.2168
YOR210W,0.0337
YOR211C,0.2202
YOR212W,0.3841
YOR213C,0.7239
YOR214C,
YOR215C,0.4778
YOR216C,0.6385
YOR217W,0.3305
YOR218C,
YOR219C,0.5665
YOR220W,0.9911
YOR221C,0.6196
YOR222W,0.3128
YOR223W,0.3984
YOR224C,0.2193
YOR225W,
YOR226C,0.1748
YOR227W,0.5493
YOR228C,0.8091
YOR229W,0.7359
YOR230W,
YOR231C-A,
YOR231W,0.351
YOR232W,0.1998
YOR233W,0.5281
YOR234C,0.0684
YOR235W,
YOR236W,0.4978
YOR237W,0.2869
YOR238W,
YOR239W,1.4733
YOR240W,
YOR241W,0.2583
YOR242C,0.917
YOR243C,0.2892
YOR244W,0.1359
YOR245C,0.4368
YOR246C,0.277
YOR247W,1.5846
YOR248W,
YOR249C,1.3726
YOR250C,0.4353
YOR251C,0.4396
YOR252W,0.2926
YOR253W,0.6128
YOR254C,0.3998
YOR255W,0.8399
YOR256C,0.5577
YOR257W,0.1783
YOR258W,0.5432
YOR259C,0.0962
YOR260W,0.3712
YOR261C,0.1839
YOR262W,0.1239
YOR263C,
YOR264W,1.1012
YOR265W,0.344
YOR266W,0.804
YOR267C,0.4022
YOR268C,
YOR269W,0.5609
YOR270C,0.2631
YOR271C,0.1468
YOR272W,0.1414
YOR273C,
YOR274W,0.306
YOR275C,0.6784
YOR276W,0.2995
YOR277C,
YOR278W,0.3905
YOR279C,1.3404
YOR280C,0.4827
YOR281C,0.2209
YOR282W,
YOR283W,0.3503
YOR284W,
YOR285W,0.5102
YOR286W,0.3321
YOR287C,0.3959
YOR288C,0.5096
YOR289W,0.4264
YOR290C,0.3523
YOR291W,0.2889
YOR292C,0.4076
YOR293C-A,
YOR293W,0.1515
YOR294W,0.1504
YOR295W,0.9667
YOR296W,1.0247
YOR297C,0.6332
YOR298CA,
YOR298C-A,0.2011
YOR298W,0.9223
YOR299W,0.5622
YOR300W,
YOR301W,0.5298
YOR302W,
YOR303W,0.2572
YOR304CA,
YOR304C-A,
YOR304W,0.2315
YOR305W,0.5975
YOR306C,0.4021
YOR307C,0.4177
YOR308C,1.0638
YOR309C,
YOR310C,0.0878
YOR311C,0.2214
YOR312C,0.0485
YOR313C,0.7034
YOR314W,
YOR314W-A,
YOR315W,0.9756
YOR316C,0.3958
YOR316C-A,
YOR317W,0.2564
YOR318C,
YOR319W,0.5398
YOR320C,0.5783
YOR321W,0.2992
YOR322C,0.4879
YOR323C,0.1755
YOR324C,1.3686
YOR325W,
YOR326W,0.2683
YOR327C,0.0833
YOR328W,0.6448
YOR329C,0.6022
YOR329W-A,
YOR330C,0.3645
YOR331C,
YOR332W,0.2562
YOR333C,
YOR334W,0.3619
YOR335C,0.1301
YOR335W-A,
YOR336W,0.8455
YOR337W,0.4088
YOR338W,0.5397
YOR339C,
YOR340C,0.2642
YOR341W,0.1175
YOR342C,0.9352
YOR343C,
YOR343W-A,
YOR343W-B,0.6524
YOR344C,0.8091
YOR345C,
YOR346W,0.6211
YOR347C,0.2068
YOR348C,0.2642
YOR349W,1.0872
YOR350C,1.4783
YOR351C,0.4116
YOR352W,0.5044
YOR353C,0.5834
YOR354C,1.105
YOR355W,0.5486
YOR356W,0.2346
YOR357C,0.2363
YOR358W,0.1629
YOR359W,0.5937
YOR360C,0.6426
YOR361C,0.407
YOR362C,0.1729
YOR363C,0.9179
YOR364W,
YOR365C,0.5039
YOR366W,
YOR367W,0.2496
YOR368W,0.3968
YOR369C,0.1318
YOR370C,0.2171
YOR371C,0.8969
YOR372C,8.7506
YOR373W,1.1983
YOR374W,0.1516
YOR375C,0.1732
YOR376W,
YOR376W-A,
YOR377W,
YOR378W,0.1968
YOR379C,
YOR380W,
YOR381W,0.9394
YOR381W-A,
YOR382W,
YOR383C,
YOR384W,1.0974
YOR385W,
YOR386W,0.4691
YOR387C,
YOR388C,
YOR389W,0.5641
YOR390W,
YOR391C,0.322
YOR392W,
YOR393W,
YOR394C-A,
YOR394W,
YOR396C-A,
YOR396W,
YPL001W,0.4559
YPL002C,0.2909
YPL003W,0.9308
YPL004C,0.1132
YPL005W,0.7966
YPL006W,0.3238
YPL007C,0.6579
YPL008W,0.4231
YPL009C,0.4359
YPL010W,0.3061
YPL011C,0.6595
YPL012W,0.2912
YPL013C,0.2338
YPL014W,0.93
YPL015C,0.4505
YPL016W,0.7652
YPL017C,0.6786
YPL018W,1.5103
YPL019C,0.3946
YPL020C,0.5541
YPL021W,
YPL022W,0.4171
YPL023C,0.2491
YPL024W,0.6858
YPL025C,
YPL026C,0.515
YPL027W,
YPL028W,0.1384
YPL029W,0.4465
YPL030W,0.2666
YPL031C,0.1146
YPL032C,0.6443
YPL033C,1.5253
YPL034W,0.8452
YPL035C,
YPL036W,
YPL037C,0.1818
YPL038W,0.4599
YPL038W-A,
YPL039W,1.9334
YPL040C,0.3263
YPL041C,0.4519
YPL042C,0.2749
YPL043W,0.2657
YPL044C,
YPL045W,0.6626
YPL046C,0.5373
YPL047W,0.422
YPL048W,0.5573
YPL049C,1.6939
YPL050C,0.1965
YPL051W,0.5792
YPL052W,1.1703
YPL053C,0.7482
YPL054W,0.9472
YPL055C,0.8459
YPL056C,
YPL057C,0.304
YPL058C,0.1587
YPL059W,0.2143
YPL060C-A,
YPL060W,0.3285
YPL061W,0.1813
YPL062W,
YPL063W,0.2784
YPL064C,
YPL065W,0.4368
YPL066W,0.5624
YPL067C,0.9491
YPL068C,1.3663
YPL069C,0.5769
YPL070W,0.7166
YPL071C,0.8501
YPL072W,0.6939
YPL073C,
YPL074W,0.504
YPL075W,0.7858
YPL076W,0.5102
YPL077C,0.9914
YPL078C,0.296
YPL079W,0.0389
YPL080C,
YPL081W,0.0504
YPL082C,0.2316
YPL083C,0.7077
YPL084W,0.4587
YPL085W,1.142
YPL086C,0.0307
YPL087W,0.4073
YPL088W,0.2682
YPL089C,1.0985
YPL090C,0.0816
YPL091W,0.1727
YPL092W,0.562
YPL093W,0.0995
YPL094C,0.324
YPL095C,0.4232
YPL096C-A,
YPL096W,0.3334
YPL097W,0.3344
YPL098C,0.2141
YPL099C,0.5805
YPL100W,0.4648
YPL101W,0.4167
YPL102C,
YPL103C,0.3421
YPL104W,0.3283
YPL105C,0.9775
YPL106C,0.9905
YPL107W,0.4563
YPL108W,0.6231
YPL109C,0.3337
YPL110C,0.372
YPL111W,0.2586
YPL112C,0.7431
YPL113C,0.4444
YPL114W,
YPL115C,0.644
YPL116W,0.2654
YPL117C,0.2191
YPL118W,0.543
YPL119C,0.2932
YPL119C-A,
YPL120W,0.5574
YPL121C,0.9711
YPL122C,0.2452
YPL123C,0.4101
YPL124W,1.6491
YPL125W,0.3527
YPL126W,0.3945
YPL127C,0.9501
YPL128C,0.7588
YPL129W,0.8558
YPL130W,
YPL131W,0.093
YPL132W,0.1744
YPL133C,0.2953
YPL134C,0.2494
YPL135C-A,
YPL135W,0.1765
YPL136W,
YPL137C,0.5453
YPL138C,0.5517
YPL139C,0.7512
YPL140C,0.3477
YPL141C,0.4716
YPL142C,
YPL143W,0.0673
YPL144W,1.1033
YPL145C,0.2216
YPL146C,0.3538
YPL147W,0.3064
YPL148C,0.794
YPL149W,0.7958
YPL150W,0.5521
YPL151C,0.3424
YPL152W,0.3046
YPL152W-A,
YPL153C,0.3124
YPL154C,0.1642
YPL155C,0.4465
YPL156C,1.0294
YPL157W,0.493
YPL158C,0.8491
YPL159C,0.7288
YPL160W,0.1521
YPL161C,0.8109
YPL162C,0.4022
YPL163C,1.3437
YPL164C,0.7227
YPL165C,0.5147
YPL166W,0.4941
YPL167C,0.4998
YPL168W,1.1825
YPL169C,0.3458
YPL170W,0.2292
YPL171C,0.2315
YPL172C,0.2858
YPL173W,0.4045
YPL174C,1.3002
YPL175W,0.237
YPL176C,0.5842
YPL177C,0.9405
YPL178W,0.2682
YPL179W,0.3142
YPL180W,1.1679
YPL181W,0.7145
YPL182C,
YPL183C,0.4735
YPL183WA,
YPL183W-A,0.354
YPL184C,0.3708
YPL185W,
YPL186C,1.1949
YPL187W,0.4155
YPL188W,0.2221
YPL189C-A,
YPL189W,0.4271
YPL190C,0.4897
YPL191C,0.5777
YPL192C,1.7755
YPL193W,0.9894
YPL194W,0.6321
YPL195W,0.434
YPL196W,0.3329
YPL197C,
YPL198W,0.0953
YPL199C,0.554
YPL200W,1.2828
YPL201C,1.4361
YPL202C,0.7823
YPL203W,0.1286
YPL204W,0.2233
YPL205C,
YPL206C,0.533
YPL207W,1.2772
YPL208W,0.6919
YPL209C,0.4106
YPL210C,1.0401
YPL211W,0.0527
YPL212C,0.2857
YPL213W,0.5376
YPL214C,0.3387
YPL215W,0.2595
YPL216W,0.9808
YPL217C,0.1944
YPL218W,0.0946
YPL219W,1.4118
YPL220W,0.0479
YPL221W,0.3454
YPL222C-A,
YPL222W,0.4904
YPL223C,1.4796
YPL224C,0.456
YPL225W,0.1329
YPL226W,0.7711
YPL227C,0.2915
YPL228W,0.47
YPL229W,1.3442
YPL230W,1.1113
YPL231W,0.1216
YPL232W,0.2546
YPL233W,0.7351
YPL234C,0.0612
YPL235W,0.0789
YPL236C,
YPL237W,0.1633
YPL238C,
YPL239W,0.2434
YPL240C,0.0682
YPL241C,1.0542
YPL242C,0.8262
YPL243W,0.6824
YPL244C,0.4154
YPL245W,0.2803
YPL246C,0.4376
YPL247C,0.4672
YPL248C,0.8781
YPL249C,0.539
YPL249CA,
YPL249C-A,0.109
YPL250C,1.1899
YPL250W-A,
YPL251W,
YPL252C,0.2393
YPL253C,1.2992
YPL254W,0.3808
YPL255W,0.8528
YPL256C,0.388
YPL257W,
YPL257W-A,
YPL257W-B,0.6687
YPL258C,
YPL259C,0.1694
YPL260W,0.2422
YPL261C,
YPL262W,0.1735
YPL263C,0.389
YPL264C,
YPL265W,0.8503
YPL266W,0.0916
YPL267W,0.8958
YPL268W,0.5605
YPL269W,0.9204
YPL270W,0.3356
YPL271W,0.4111
YPL272C,
YPL273W,0.2247
YPL274W,0.5729
YPL275W,
YPL276W,
YPL277C,0.5685
YPL278C,
YPL279C,0.6742
YPL280W,0.3171
YPL281C,
YPL282C,
YPL283C,
YPL283W-A,
YPL283W-B,
YPR001W,0.2649
YPR002C-A,
YPR002W,0.2028
YPR003C,0.3908
YPR004C,0.3632
YPR005C,1.3413
YPR006C,0.2831
YPR007C,0.9718
YPR008W,0.8307
YPR009W,0.9723
YPR010C,0.0688
YPR010C-A,
YPR011C,0.9271
YPR012W,
YPR013C,
YPR014C,
YPR015C,
YPR016C,0.0441
YPR016W-A,
YPR017C,
YPR018W,0.6066
YPR019W,0.1879
YPR020W,0.4419
YPR021C,0.2958
YPR022C,0.4245
YPR023C,0.5706
YPR024W,0.1802
YPR025C,0.4017
YPR026W,0.328
YPR027C,
YPR028W,0.3407
YPR029C,0.4616
YPR030W,0.8469
YPR031W,0.5459
YPR032W,0.3863
YPR033C,0.134
YPR034W,0.9263
YPR035W,0.0975
YPR036W,0.5537
YPR036W-A,
YPR037C,0.3442
YPR038W,
YPR039W,
YPR040W,0.3958
YPR041W,0.139
YPR042C,0.5306
YPR043W,0.0934
YPR044C,
YPR045C,0.8386
YPR046W,1.1638
YPR047W,0.2577
YPR048W,0.315
YPR049C,0.8655
YPR050C,
YPR051W,0.2411
YPR052C,0.1113
YPR053C,
YPR054W,0.3145
YPR055W,0.6597
YPR056W,0.2918
YPR057W,0.9711
YPR058W,0.1859
YPR059C,
YPR060C,0.1866
YPR061C,0.7695
YPR062W,0.1818
YPR063C,0.5861
YPR064W,
YPR065W,
YPR066W,0.4357
YPR067W,0.4618
YPR068C,0.4652
YPR069C,0.1083
YPR070W,0.6048
YPR071W,
YPR072W,0.3365
YPR073C,0.3064
YPR074C,0.1502
YPR074W-A,
YPR075C,0.7852
YPR076W,
YPR077C,
YPR078C,
YPR079W,0.5377
YPR080W,0.0214
YPR081C,0.3543
YPR082C,0.1147
YPR083W,0.8449
YPR084W,0.4508
YPR085C,0.8209
YPR086W,0.2184
YPR087W,
YPR088C,0.1607
YPR089W,0.5931
YPR090W,
YPR091C,0.6544
YPR092W,
YPR093C,0.8027
YPR094W,0.4233
YPR095C,1.1044
YPR096C,
YPR097W,0.4861
YPR098C,0.3116
YPR099C,
YPR100W,0.2144
YPR101W,2.3452
YPR102C,0.055
YPR103W,0.0984
YPR104C,0.4536
YPR105C,0.7029
YPR106W,
YPR107C,0.1532
YPR108W,0.1872
YPR108W-A,
YPR109W,1.1789
YPR110C,0.1469
YPR111W,0.2169
YPR112C,0.2512
YPR113W,0.3443
YPR114W,0.446
YPR115W,0.6714
YPR116W,1.1085
YPR117W,0.7282
YPR118W,0.3385
YPR119W,0.3389
YPR120C,0.614
YPR121W,
YPR122W,0.6166
YPR123C,
YPR124W,0.5405
YPR125W,0.2988
YPR126C,
YPR127W,0.4619
YPR128C,0.4457
YPR129W,0.4797
YPR130C,
YPR131C,0.2491
YPR132W,0.0113
YPR133C,0.2986
YPR133WA,
YPR133W-A,0.2342
YPR134W,1.0229
YPR135W,0.5037
YPR136C,
YPR137C-B,0.6624
YPR137W,0.2225
YPR138C,0.1594
YPR139C,0.7066
YPR140W,0.2318
YPR141C,0.4834
YPR142C,
YPR143W,0.4693
YPR144C,0.3925
YPR145C-A,
YPR145W,0.1149
YPR146C,
YPR147C,
YPR148C,0.46
YPR149W,0.3809
YPR150W,
YPR151C,0.6532
YPR152C,0.9283
YPR153W,0.4511
YPR154W,0.5897
YPR155C,0.9569
YPR156C,0.9135
YPR157W,0.3622
YPR158C-C,
YPR158C-D,0.6656
YPR158W,1.4182
YPR158W-A,
YPR158W-B,0.6572
YPR159C-A,
YPR159W,0.3076
YPR160C-A,
YPR160W,0.1623
YPR160W-A,
YPR161C,0.3822
YPR162C,0.5837
YPR163C,0.474
YPR164W,1.5867
YPR165W,0.1044
YPR166C,0.2213
YPR167C,0.1988
YPR168W,0.3059
YPR169W,0.432
YPR169W-A,
YPR170C,
YPR170W-A,
YPR170W-B,
YPR171W,1.7747
YPR172W,0.4536
YPR173C,0.0943
YPR174C,0.8897
YPR175W,0.4131
YPR176C,0.2176
YPR177C,
YPR178W,0.5641
YPR179C,0.4596
YPR180W,0.3574
YPR181C,0.1243
YPR182W,0.4192
YPR183W,0.187
YPR184W,0.27
YPR185W,0.6707
YPR186C,0.4368
YPR187W,0.1265
YPR188C,0.7267
YPR189W,0.511
YPR190C,0.4277
YPR191W,0.2885
YPR192W,0.3964
YPR193C,
YPR194C,0.5335
YPR195C,
YPR196W,
YPR197C,
YPR198W,0.8158
YPR199C,
YPR200C,0.6024
YPR201W,0.2372
YPR202W,
YPR203W,
YPR204C-A,
YPR204W,
