ID,KaKs_Sc vs Sp
Q0010,
Q0017,
Q0032,
Q0045,
Q0050,
Q0055,
Q0060,
Q0065,
Q0070,
Q0075,
Q0080,
Q0085,
Q0092,
Q0105,
Q0110,
Q0115,
Q0120,
Q0130,
Q0140,
Q0142,
Q0143,
Q0144,
Q0160,
Q0182,
Q0250,
Q0255,
Q0275,
Q0297,
R0020C,
R0040C,
snR10,
YAL001C,0.1179
YAL002W,0.1279
YAL003W,0.147
YAL004W,
YAL005C,0.0186
YAL007C,0.0424
YAL008W,0.1657
YAL009W,0.058
YAL010C,0.1364
YAL011W,0.1202
YAL012W,0.0301
YAL013W,0.0587
YAL014C,0.4892
YAL015C,0.1573
YAL016C-A,
YAL016C-B,
YAL016W,0.0185
YAL017W,0.0693
YAL018C,0.0735
YAL019W,0.0653
YAL019W-A,
YAL020C,0.2166
YAL021C,0.0734
YAL022C,0.0668
YAL023C,0.031
YAL024C,0.1035
YAL025C,0.0248
YAL026C,0.0384
YAL026C-A,
YAL027W,0.1061
YAL028W,0.2076
YAL029C,0.1429
YAL030W,0.001
YAL031C,0.0957
YAL031W-A,
YAL032C,0.106
YAL033W,0.1148
YAL034C,0.0687
YAL034C-B,
YAL034WA,
YAL034W-A,0.1343
YAL035C-A,
YAL035W,0.0606
YAL036C,0.0139
YAL037C-A,
YAL037C-B,
YAL037W,0.2009
YAL038W,0.026
YAL039C,0.1183
YAL040C,0.1076
YAL041W,0.0435
YAL042C-A,
YAL042W,0.0965
YAL043C,0.1418
YAL043C-A,
YAL044C,0.0544
YAL044W-A,
YAL045C,
YAL046C,
YAL047C,0.2136
YAL047W-A,
YAL048C,0.0291
YAL049C,0.1222
YAL051W,0.0629
YAL053W,0.029
YAL054C,0.0199
YAL055W,0.1406
YAL056C-A,
YAL056W,0.1426
YAL058C-A,
YAL058W,0.2735
YAL059C-A,
YAL059W,0.1705
YAL060W,0.0738
YAL061W,0.0442
YAL062W,0.0244
YAL063C,
YAL063C-A,
YAL064C-A,
YAL064W,
YAL064W-B,
YAL065C,
YAL065C-A,
YAL066W,
YAL067C,
YAL067W-A,
YAL068C,
YAL068W-A,
YAL069W,
YAR002CA,
YAR002C-A,0.041
YAR002W,0.208
YAR003W,0.0488
YAR007C,0.0314
YAR008W,0.1179
YAR009C,
YAR010C,
YAR014C,0.2355
YAR015W,0.0536
YAR018C,0.042
YAR019C,0.1031
YAR019W-A,
YAR020C,
YAR023C,0.4903
YAR027W,0.6051
YAR028W,0.215
YAR029W,
YAR030C,
YAR031W,0.3237
YAR033W,
YAR035C-A,
YAR035W,0.0376
YAR037W,
YAR040C,
YAR042W,0.0804
YAR043C,
YAR044W,
YAR047C,
YAR050W,0.0603
YAR052C,
YAR053W,
YAR060C,
YAR061W,
YAR062W,
YAR064W,
YAR066W,
YAR068W,
YAR069C,
YAR070C,
YAR071W,
YAR073W,
YAR074C,
YAR075W,
YBL001C,
YBL002W,
YBL003C,0.017
YBL004W,0.1181
YBL005W,0.1202
YBL005WA,
YBL005W-A,
YBL005W-B,
YBL006C,0.0868
YBL006W-A,
YBL007C,0.1164
YBL008W,0.1172
YBL008W-A,
YBL009W,0.2331
YBL010C,0.187
YBL011W,0.0822
YBL012C,
YBL013W,0.2123
YBL014C,0.2122
YBL015W,0.0075
YBL016W,0.0349
YBL017C,0.1471
YBL018C,0.1254
YBL019W,0.2328
YBL020W,0.0606
YBL021C,0.0087
YBL022C,0.0667
YBL023C,0.0141
YBL024W,0.051
YBL025W,0.0668
YBL026W,0.001
YBL027W,0.0886
YBL028C,0.0318
YBL029C-A,
YBL029W,0.1157
YBL030C,0.0473
YBL031W,0.1305
YBL032W,0.046
YBL033C,0.0744
YBL034C,0.1171
YBL035C,0.0882
YBL036C,0.0947
YBL037W,0.0516
YBL038W,0.0702
YBL039C,0.017
YBL039C-A,
YBL039W-B,
YBL040C,
YBL041W,0.0129
YBL042C,
YBL043W,
YBL044W,
YBL045C,0.0666
YBL046W,0.2501
YBL047C,0.1054
YBL048W,
YBL049W,
YBL050W,0.0639
YBL051C,0.1366
YBL052C,0.1994
YBL053W,
YBL054W,0.0795
YBL055C,0.2051
YBL056W,0.0784
YBL057C,0.1107
YBL058W,0.1253
YBL059C-A,0.0378
YBL059W,0.1883
YBL060W,0.1804
YBL061C,0.1064
YBL062W,
YBL063W,0.1263
YBL064C,0.0152
YBL065W,
YBL066C,0.0653
YBL067C,0.1275
YBL068W,0.011
YBL068W-A,
YBL069W,0.0553
YBL070C,
YBL071C,
YBL071C-B,
YBL071W-A,0.0238
YBL072C,0.1586
YBL073W,
YBL074C,0.2742
YBL075C,0.0209
YBL076C,0.0352
YBL077W,
YBL078C,0.0088
YBL079W,0.0695
YBL080C,0.1643
YBL081W,0.1541
YBL082C,0.1799
YBL083C,
YBL084C,0.0582
YBL085W,0.1469
YBL086C,0.07
YBL087C,0.001
YBL088C,0.1525
YBL089W,0.1092
YBL090W,0.0815
YBL091C,0.054
YBL091CA,
YBL091C-A,0.3106
YBL092W,0.0523
YBL093C,0.0504
YBL094C,
YBL095W,0.0789
YBL096C,
YBL097W,0.1214
YBL098W,0.1144
YBL099W,0.0053
YBL100C,
YBL100W-A,
YBL100W-B,
YBL100W-C,
YBL101C,0.087
YBL101WA,
YBL101W-A,
YBL101W-B,
YBL102W,
YBL103C,0.1239
YBL104C,0.0618
YBL105C,0.0663
YBL106C,0.1193
YBL107C,0.1773
YBL107WA,
YBL107W-A,
YBL108C-A,
YBL108W,
YBL109W,
YBL111C,
YBL112C,
YBL113C,
YBL113W-A,
YBR001C,0.0506
YBR002C,0.0459
YBR003W,0.0359
YBR004C,0.1071
YBR005W,0.175
YBR006W,0.0315
YBR007C,0.1278
YBR008C,0.0951
YBR009C,0.001
YBR010W,0.001
YBR011C,0.0427
YBR012C,
YBR012W-A,
YBR012W-B,
YBR013C,0.6862
YBR014C,0.2017
YBR015C,0.1808
YBR016W,0.0625
YBR017C,0.0643
YBR018C,0.0808
YBR019C,0.0756
YBR020W,0.084
YBR021W,0.0324
YBR022W,0.1669
YBR023C,0.0285
YBR024W,0.0774
YBR025C,0.0212
YBR026C,0.0776
YBR027C,
YBR028C,0.0664
YBR029C,0.0273
YBR030W,0.1569
YBR031W,0.0124
YBR032W,
YBR033W,0.2488
YBR034C,0.0139
YBR035C,0.0053
YBR036C,0.0303
YBR037C,0.0502
YBR038W,0.0105
YBR039W,0.0434
YBR040W,0.0302
YBR041W,0.0513
YBR042C,0.051
YBR043C,0.0878
YBR044C,0.1904
YBR045C,0.1745
YBR046C,0.1078
YBR047W,0.0887
YBR048W,
YBR049C,0.0425
YBR050C,0.2476
YBR051W,
YBR052C,0.1234
YBR053C,0.1086
YBR054W,0.0074
YBR055C,0.1522
YBR056C-B,
YBR056W,0.084
YBR056W-A,
YBR057C,0.111
YBR058C,0.0802
YBR058C-A,
YBR059C,0.0998
YBR060C,0.095
YBR061C,0.0299
YBR062C,0.104
YBR063C,0.6571
YBR064W,
YBR065C,0.156
YBR066C,0.1716
YBR067C,0.0943
YBR068C,0.0549
YBR069C,0.0922
YBR070C,
YBR071W,0.2069
YBR072C-A,
YBR072W,0.0443
YBR073W,0.1182
YBR074W,0.1621
YBR075W,
YBR076C-A,
YBR076W,0.1698
YBR077C,0.064
YBR078W,0.057
YBR079C,0.036
YBR080C,0.0147
YBR081C,0.1022
YBR082C,0.001
YBR083W,0.1699
YBR084C-A,
YBR084W,0.0704
YBR085C-A,0.0623
YBR085W,0.0276
YBR086C,0.165
YBR087W,0.0574
YBR088C,0.001
YBR089CA,
YBR089C-A,0.0208
YBR089W,
YBR090C,
YBR090C-A,
YBR091C,
YBR092C,0.0155
YBR093C,0.0322
YBR094W,0.067
YBR095C,0.1153
YBR096W,0.1326
YBR097W,0.1102
YBR098W,0.2445
YBR099C,
YBR100W,
YBR101C,0.0652
YBR102C,0.0454
YBR103C-A,
YBR103W,0.1573
YBR104W,0.034
YBR105C,0.1244
YBR106W,0.0171
YBR107C,0.1587
YBR108W,0.3398
YBR109C,0.001
YBR109W-A,
YBR110W,0.0562
YBR111C,0.0228
YBR111W-A,0.2996
YBR112C,0.1465
YBR113W,
YBR114W,0.0479
YBR115C,0.0658
YBR116C,
YBR117C,0.0119
YBR118W,
YBR119W,0.2111
YBR120C,0.0916
YBR121C,0.0251
YBR121C-A,
YBR122C,0.2739
YBR123C,0.0755
YBR124W,
YBR125C,0.0467
YBR126C,0.0104
YBR126W-A,
YBR126W-B,
YBR127C,0.0108
YBR128C,0.1291
YBR129C,0.0377
YBR130C,0.1238
YBR131C-A,
YBR131W,0.2116
YBR132C,0.0498
YBR133C,0.0998
YBR134W,
YBR135W,0.001
YBR136W,0.0551
YBR137W,0.054
YBR138C,0.1459
YBR139W,0.0723
YBR140C,0.0858
YBR141C,0.1317
YBR141W-A,
YBR142W,0.0966
YBR143C,0.0039
YBR144C,
YBR145W,0.0486
YBR146W,0.0681
YBR147W,0.1246
YBR148W,0.2273
YBR149W,0.0395
YBR150C,0.1273
YBR151W,0.0947
YBR152W,0.4005
YBR153W,
YBR154C,0.0124
YBR155W,0.0928
YBR156C,0.1304
YBR157C,0.1346
YBR158W,0.1113
YBR159W,0.0634
YBR160W,0.0041
YBR161W,
YBR162C,0.0346
YBR162WA,
YBR162W-A,
YBR163W,
YBR164C,0.001
YBR165W,0.2078
YBR166C,0.0533
YBR167C,0.1421
YBR168W,0.2063
YBR169C,0.0502
YBR170C,0.091
YBR171W,0.025
YBR172C,0.1752
YBR173C,0.1051
YBR174C,
YBR175W,0.0596
YBR176W,0.0568
YBR177C,0.1027
YBR178W,
YBR179C,0.0801
YBR180W,0.128
YBR181C,
YBR182C,0.2557
YBR182C-A,
YBR183W,0.05
YBR184W,0.6404
YBR185C,0.0695
YBR186W,0.2397
YBR187W,0.0635
YBR188C,0.3124
YBR189W,0.0057
YBR190W,
YBR191W,0.001
YBR191W-A,
YBR192W,0.0164
YBR193C,0.1009
YBR194W,0.176
YBR195C,0.078
YBR196C,0.0012
YBR196C-A,
YBR196C-B,
YBR197C,0.2937
YBR198C,0.0517
YBR199W,0.1516
YBR200W,0.0545
YBR200W-A,
YBR201C-A,
YBR201W,
YBR202W,0.0579
YBR203W,0.1187
YBR204C,0.164
YBR205W,0.1045
YBR206W,
YBR207W,0.0964
YBR208C,0.0528
YBR209W,
YBR210W,
YBR211C,0.1128
YBR212W,0.1389
YBR213W,0.1199
YBR214W,0.0418
YBR215W,0.241
YBR216C,0.1611
YBR217W,0.0444
YBR218C,0.0129
YBR219C,
YBR220C,
YBR221C,0.0286
YBR221W-A,
YBR222C,0.0312
YBR223C,0.2061
YBR223W-A,
YBR224W,
YBR225W,0.1009
YBR226C,
YBR227C,0.0758
YBR228W,0.1363
YBR229C,0.1145
YBR230C,0.2053
YBR230W-A,
YBR231C,0.1386
YBR232C,
YBR233W,0.0822
YBR233W-A,
YBR234C,0.0446
YBR235W,0.0525
YBR236C,0.0209
YBR237W,0.1273
YBR238C,0.0301
YBR239C,0.0728
YBR240C,0.097
YBR241C,0.0672
YBR242W,0.1048
YBR243C,0.011
YBR244W,0.0797
YBR245C,0.0278
YBR246W,0.1127
YBR247C,0.0321
YBR248C,0.0559
YBR249C,0.0221
YBR250W,0.1096
YBR251W,0.0271
YBR252W,0.0305
YBR253W,0.0989
YBR254C,0.0279
YBR255C-A,0.0392
YBR255W,0.092
YBR256C,0.0486
YBR257W,0.1294
YBR258C,0.1527
YBR259W,0.2733
YBR260C,0.0519
YBR261C,0.0429
YBR262C,
YBR263W,0.0355
YBR264C,0.1212
YBR265W,0.0418
YBR266C,
YBR267W,0.0922
YBR268W,
YBR269C,0.0587
YBR270C,0.0826
YBR271W,0.241
YBR272C,0.2019
YBR273C,0.142
YBR274W,0.1013
YBR275C,0.2239
YBR276C,0.1689
YBR277C,
YBR278W,0.1968
YBR279W,0.1077
YBR280C,0.1106
YBR281C,0.0477
YBR282W,0.0328
YBR283C,0.0416
YBR284W,0.1825
YBR285W,
YBR286W,0.0735
YBR287W,0.0369
YBR288C,0.0982
YBR289W,0.0724
YBR290W,0.0582
YBR291C,0.0322
YBR292C,
YBR293W,0.0695
YBR294W,0.0559
YBR295W,0.2503
YBR296C,0.0136
YBR296C-A,
YBR297W,0.2493
YBR298C,0.0706
YBR298C-A,
YBR299W,
YBR300C,
YBR301W,
YBR302C,
YCL001W,0.0374
YCL001W-A,
YCL001W-B,
YCL002C,
YCL003W,
YCL004W,0.1639
YCL005W,0.3254
YCL005W-A,
YCL006C,
YCL007C,
YCL008C,
YCL009C,0.026
YCL010C,0.0841
YCL011C,0.0653
YCL012C,0.0732
YCL012W,
YCL013W,
YCL014W,0.2306
YCL016C,0.0982
YCL017C,0.0181
YCL018W,
YCL019W,
YCL020W,
YCL021W,
YCL021W-A,
YCL022C,
YCL023C,
YCL024W,0.1924
YCL025C,0.0365
YCL026C,
YCL026CA,
YCL026C-A,
YCL026C-B,0.0311
YCL027W,0.1955
YCL028W,0.2557
YCL029C,0.0654
YCL030C,0.0543
YCL031C,0.0937
YCL032W,0.1222
YCL033C,0.067
YCL034W,0.0462
YCL035C,0.0682
YCL036W,0.0983
YCL037C,0.1406
YCL038C,0.0544
YCL039W,0.0649
YCL040W,0.0114
YCL041C,
YCL042W,
YCL043C,0.0576
YCL044C,0.0424
YCL045C,0.1792
YCL046W,
YCL047C,0.1106
YCL048W,0.1026
YCL048W-A,0.1146
YCL049C,0.2238
YCL050C,0.0458
YCL051W,0.1724
YCL052C,0.1359
YCL053C,
YCL054W,0.037
YCL054W-A,
YCL055W,0.0135
YCL056C,
YCL057C-A,0.0723
YCL057W,0.0636
YCL058C,
YCL058W-A,0.115
YCL059C,0.0143
YCL060C,
YCL061C,0.1792
YCL062W,
YCL063W,0.1336
YCL064C,0.0635
YCL065W,
YCL066W,
YCL067C,0.001
YCL068C,
YCL069W,0.1377
YCL073C,
YCL074W,
YCL075W,
YCL076W,
YCR001W,
YCR002C,0.0288
YCR003W,0.2328
YCR004C,0.0316
YCR005C,0.043
YCR006C,
YCR007C,0.3498
YCR008W,0.0638
YCR009C,0.001
YCR010C,0.001
YCR011C,0.0428
YCR012W,0.0702
YCR013C,
YCR014C,0.2255
YCR015C,0.3188
YCR016W,0.157
YCR017C,0.0801
YCR018C,
YCR018C-A,
YCR019W,0.1087
YCR020C,0.0362
YCR020CA,
YCR020C-A,
YCR020WB,
YCR020W-B,0.4345
YCR021C,0.0903
YCR022C,
YCR023C,0.0998
YCR024C,0.115
YCR024CA,
YCR024C-A,
YCR024C-B,
YCR025C,
YCR026C,0.1461
YCR027C,0.0634
YCR028C,0.0511
YCR028CA,
YCR028C-A,0.0148
YCR029C,
YCR029C-A,
YCR030C,0.0979
YCR031C,0.0059
YCR032W,0.1764
YCR033W,0.2006
YCR034W,0.065
YCR035C,0.1049
YCR036W,0.1087
YCR037C,0.0316
YCR038C,0.1618
YCR038W-A,
YCR039C,
YCR040W,0.2059
YCR041W,
YCR042C,0.069
YCR043C,
YCR044C,0.1025
YCR045C,0.0367
YCR045W-A,
YCR046C,0.0697
YCR047C,0.0185
YCR047W-A,
YCR048W,0.0579
YCR049C,
YCR050C,
YCR051W,0.106
YCR052W,0.1602
YCR053W,0.0182
YCR054C,0.1062
YCR055C,
YCR056W,
YCR057C,0.0405
YCR058C,
YCR059C,0.0328
YCR060W,
YCR061W,0.0938
YCR062W,
YCR063W,
YCR064C,
YCR065W,0.1038
YCR066W,0.2123
YCR067C,0.36
YCR068W,0.1206
YCR069W,0.1531
YCR070W,
YCR071C,0.1725
YCR072C,0.0317
YCR073C,0.1393
YCR073WA,
YCR073W-A,0.051
YCR074C,
YCR075C,
YCR075W-A,0.0507
YCR076C,0.219
YCR077C,0.0627
YCR079W,0.0848
YCR080W,
YCR081C-A,
YCR081W,0.0952
YCR082W,0.1609
YCR083W,0.1133
YCR084C,0.0533
YCR085W,
YCR086W,0.1012
YCR087C-A,0.0749
YCR087W,
YCR088W,0.1312
YCR089W,0.6617
YCR090C,0.1071
YCR091W,0.1518
YCR092C,0.127
YCR093W,0.0619
YCR094W,0.071
YCR095C,0.065
YCR095W-A,
YCR096C,
YCR097W,
YCR097WA,
YCR097W-A,
YCR097WB,
YCR098C,0.0262
YCR099C,
YCR100C,
YCR101C,
YCR102C,
YCR102WA,
YCR102W-A,
YCR103C,
YCR104W,
YCR105W,0.0934
YCR106W,0.1974
YCR107W,
YCR108C,
YDL001W,0.0437
YDL002C,0.0344
YDL003W,0.1375
YDL004W,0.0363
YDL005C,0.2182
YDL006W,0.0322
YDL007C-A,
YDL007W,0.001
YDL008W,0.0719
YDL009C,
YDL010W,0.1609
YDL011C,
YDL012C,0.235
YDL013W,0.0763
YDL014W,0.0138
YDL015C,0.086
YDL016C,
YDL017W,0.0212
YDL018C,0.0766
YDL019C,0.0969
YDL020C,0.1431
YDL021W,0.0475
YDL022C-A,
YDL022W,0.005
YDL023C,
YDL024C,0.1313
YDL025C,0.0699
YDL025W-A,
YDL026W,
YDL027C,0.217
YDL028C,0.0548
YDL029W,0.0107
YDL030W,0.1164
YDL031W,0.0604
YDL032W,
YDL033C,0.1099
YDL034W,
YDL035C,0.1785
YDL036C,0.142
YDL037C,0.0041
YDL038C,
YDL039C,0.5759
YDL040C,0.1116
YDL041W,
YDL042C,0.1251
YDL043C,0.1006
YDL044C,0.2259
YDL045C,0.0407
YDL045WA,
YDL045W-A,0.0148
YDL046W,0.104
YDL047W,0.0037
YDL048C,0.0698
YDL049C,0.097
YDL050C,
YDL051W,0.0387
YDL052C,0.1169
YDL053C,0.1376
YDL054C,0.0889
YDL055C,0.001
YDL056W,0.069
YDL057W,0.1693
YDL058W,0.2018
YDL059C,0.1774
YDL060W,0.0491
YDL061C,
YDL062W,
YDL063C,0.1329
YDL064W,0.0891
YDL065C,0.1064
YDL066W,0.0213
YDL067C,0.0424
YDL068W,
YDL069C,0.2544
YDL070W,0.1679
YDL071C,
YDL072C,0.0463
YDL073W,0.1689
YDL074C,0.1894
YDL075W,0.001
YDL076C,0.1945
YDL077C,0.0774
YDL078C,0.0819
YDL079C,0.1135
YDL080C,0.0384
YDL081C,0.0071
YDL082W,0.0176
YDL083C,0.001
YDL084W,0.0024
YDL085C-A,0.2696
YDL085W,0.0514
YDL086C-A,
YDL086W,0.0126
YDL087C,0.074
YDL088C,0.1859
YDL089W,0.2712
YDL090C,0.1223
YDL091C,0.0986
YDL092W,
YDL093W,0.1098
YDL094C,
YDL095W,0.0177
YDL096C,
YDL097C,0.001
YDL098C,0.0935
YDL099W,0.3687
YDL100C,0.0203
YDL101C,0.0658
YDL102W,0.0194
YDL103C,0.1194
YDL104C,0.1008
YDL105W,0.1304
YDL106C,0.0666
YDL107W,0.1887
YDL108W,0.0286
YDL109C,0.2
YDL110C,0.0693
YDL111C,0.0469
YDL112W,0.1706
YDL113C,0.0793
YDL114W,0.2329
YDL114W-A,
YDL115C,0.1289
YDL116W,0.1032
YDL117W,0.0818
YDL118W,
YDL119C,0.0877
YDL120W,0.193
YDL121C,0.1117
YDL122W,0.0901
YDL123W,
YDL124W,0.0809
YDL125C,0.0815
YDL126C,0.0033
YDL127W,0.1213
YDL128W,0.0283
YDL129W,0.3599
YDL130W,0.0414
YDL130WA,
YDL130W-A,0.0152
YDL131W,0.0258
YDL132W,0.0236
YDL133CA,
YDL133C-A,
YDL133W,0.0818
YDL134C,0.0243
YDL134C-A,
YDL135C,0.0129
YDL136W,0.001
YDL137W,0.001
YDL138W,0.1092
YDL139C,0.1826
YDL140C,0.0031
YDL141W,0.0201
YDL142C,0.2377
YDL143W,0.0089
YDL144C,0.107
YDL145C,0.0377
YDL146W,0.0935
YDL147W,0.0366
YDL148C,0.0617
YDL149W,0.0998
YDL150W,0.0882
YDL151C,
YDL152W,
YDL153C,0.0767
YDL154W,0.1489
YDL155W,0.1298
YDL156W,0.0677
YDL157C,
YDL158C,
YDL159C-B,
YDL159W,0.043
YDL159W-A,
YDL160C,0.0099
YDL160C-A,
YDL161W,0.091
YDL162C,
YDL163W,
YDL164C,0.0553
YDL165W,0.0101
YDL166C,0.0309
YDL167C,0.1529
YDL168W,0.0374
YDL169C,0.2012
YDL170W,0.0782
YDL171C,0.019
YDL172C,
YDL173W,0.0729
YDL174C,0.0529
YDL175C,0.102
YDL176W,0.0578
YDL177C,0.1994
YDL178W,0.0568
YDL179W,0.1748
YDL180W,0.2072
YDL181W,0.0149
YDL182W,0.0093
YDL183C,0.1678
YDL184C,
YDL185C-A,
YDL185W,0.0114
YDL186W,0.1129
YDL187C,
YDL188C,0.0253
YDL189W,0.2678
YDL190C,0.0447
YDL191W,
YDL192W,0.001
YDL193W,0.0952
YDL194W,0.0978
YDL195W,0.0958
YDL196W,
YDL197C,0.4137
YDL198C,0.0301
YDL199C,0.0792
YDL200C,0.1881
YDL201W,0.0321
YDL202W,0.1379
YDL203C,0.1118
YDL204W,0.1413
YDL205C,0.0149
YDL206W,0.1538
YDL207W,0.11
YDL208W,0.0057
YDL209C,0.1262
YDL210W,0.0482
YDL211C,0.294
YDL212W,0.0524
YDL213C,0.0302
YDL214C,0.2333
YDL215C,0.0158
YDL216C,0.1309
YDL217C,0.0132
YDL218W,0.0772
YDL219W,0.1027
YDL220C,0.2535
YDL221W,
YDL222C,0.0524
YDL223C,0.2258
YDL224C,0.1463
YDL225W,0.041
YDL226C,0.0758
YDL227C,0.0341
YDL228C,
YDL229W,0.0017
YDL230W,0.0396
YDL231C,0.0711
YDL232W,
YDL233W,0.0922
YDL234C,0.0781
YDL235C,0.0352
YDL236W,0.0439
YDL237W,0.1617
YDL238C,0.151
YDL239C,0.1957
YDL240C-A,
YDL240W,0.0594
YDL241W,
YDL242W,
YDL243C,0.0676
YDL244W,
YDL245C,
YDL246C,
YDL247W,0.1589
YDL247W-A,
YDL248W,
YDR001C,0.0127
YDR002W,0.0221
YDR003W,0.0743
YDR003W-A,
YDR004W,0.0915
YDR005C,0.0663
YDR006C,0.0791
YDR007W,0.1013
YDR008C,
YDR009W,0.0648
YDR010C,
YDR011W,0.0392
YDR012W,
YDR013W,0.0308
YDR014W,0.2365
YDR014W-A,0.2756
YDR015C,
YDR016C,0.0549
YDR017C,0.1515
YDR018C,0.3126
YDR019C,0.0862
YDR020C,0.0152
YDR021W,0.0328
YDR022C,0.1945
YDR023W,0.0091
YDR024W,
YDR025W,0.0055
YDR026C,0.1682
YDR027C,0.103
YDR028C,0.102
YDR029W,
YDR030C,0.1207
YDR031W,0.1031
YDR032C,0.001
YDR033W,0.0263
YDR034C,0.0654
YDR034CA,
YDR034C-A,
YDR034C-C,
YDR034C-D,
YDR034WB,
YDR034W-B,
YDR035W,0.0078
YDR036C,0.2688
YDR037W,0.1952
YDR038C,0.0886
YDR039C,0.3635
YDR040C,
YDR041W,0.162
YDR042C,
YDR043C,
YDR044W,0.0055
YDR045C,0.001
YDR046C,0.0312
YDR047W,0.0376
YDR048C,
YDR049W,0.2222
YDR050C,0.0313
YDR051C,0.0314
YDR052C,0.1249
YDR053W,
YDR054C,0.0157
YDR055W,0.1066
YDR056C,0.1407
YDR057W,0.2173
YDR058C,0.0197
YDR059C,0.001
YDR060W,0.0854
YDR061W,0.1062
YDR062W,0.0109
YDR063W,0.0891
YDR064W,
YDR065W,0.2164
YDR066C,0.2372
YDR067C,0.0515
YDR068W,0.267
YDR069C,0.1205
YDR070C,0.1459
YDR071C,0.021
YDR072C,0.1165
YDR073W,
YDR074W,0.0155
YDR075W,0.0032
YDR076W,0.1342
YDR077W,0.3882
YDR078C,0.0692
YDR079C-A,
YDR079W,0.0181
YDR080W,0.1323
YDR081C,0.0756
YDR082W,0.2561
YDR083W,0.1074
YDR084C,0.0298
YDR085C,0.3378
YDR086C,0.0938
YDR087C,0.1532
YDR088C,0.1228
YDR089W,0.0999
YDR090C,0.1285
YDR091C,0.0104
YDR092W,0.0139
YDR093W,0.0545
YDR094W,
YDR095C,
YDR096W,0.1221
YDR097C,0.0537
YDR098C,0.0515
YDR098C-A,
YDR098C-B,
YDR099W,0.006
YDR100W,
YDR101C,0.0518
YDR102C,
YDR103W,0.1908
YDR104C,0.1346
YDR105C,0.0274
YDR106W,0.2854
YDR107C,0.1125
YDR108W,0.0638
YDR109C,0.2019
YDR110W,0.0603
YDR111C,0.0554
YDR112W,
YDR113C,0.2193
YDR114C,
YDR115W,
YDR116C,0.0492
YDR117C,0.1839
YDR118W,0.2148
YDR118W-A,
YDR119W,0.1925
YDR119W-A,
YDR120C,0.0343
YDR121W,0.1144
YDR122W,0.0839
YDR123C,0.1862
YDR124W,0.1979
YDR125C,0.1322
YDR126W,
YDR127W,0.0545
YDR128W,0.0781
YDR129C,0.0147
YDR130C,0.086
YDR131C,0.1122
YDR132C,0.1466
YDR133C,
YDR134C,
YDR135C,0.0285
YDR136C,
YDR137W,0.1464
YDR138W,0.1878
YDR139C,
YDR140W,0.0902
YDR141C,0.0929
YDR142C,0.0614
YDR143C,0.2473
YDR144C,0.2175
YDR145W,0.0907
YDR146C,0.1569
YDR147W,0.2434
YDR148C,0.0892
YDR149C,
YDR150W,0.1919
YDR151C,0.1761
YDR152W,0.0454
YDR153C,0.0871
YDR154C,
YDR155C,0.001
YDR156W,0.1071
YDR157W,
YDR158W,0.0125
YDR159W,0.1938
YDR160W,0.1019
YDR161W,0.0701
YDR162C,0.1211
YDR163W,0.6764
YDR164C,0.0415
YDR165W,0.1672
YDR166C,0.0807
YDR167W,0.0725
YDR168W,0.0744
YDR169C,0.0887
YDR169C-A,
YDR170C,0.0583
YDR170W-A,
YDR171W,0.1362
YDR172W,0.051
YDR173C,0.1365
YDR174W,0.0078
YDR175C,0.0994
YDR176W,0.0996
YDR177W,0.0124
YDR178W,0.1685
YDR179C,
YDR179WA,
YDR179W-A,0.2211
YDR180W,0.1546
YDR181C,0.256
YDR182W,0.1711
YDR182W-A,
YDR183C-A,
YDR183W,0.141
YDR184C,0.1172
YDR185C,0.0724
YDR186C,0.0943
YDR187C,
YDR188W,0.0175
YDR189W,0.0304
YDR190C,0.0118
YDR191W,0.0723
YDR192C,0.4152
YDR193W,
YDR194C,0.0644
YDR194W-A,
YDR195W,0.1585
YDR196C,0.0747
YDR197W,0.1545
YDR198C,0.2741
YDR199W,
YDR200C,0.1318
YDR201W,0.1447
YDR202C,0.0498
YDR203W,
YDR204W,0.0915
YDR205W,0.1577
YDR206W,0.2228
YDR207C,0.1865
YDR208W,0.0626
YDR209C,
YDR210C-C,
YDR210C-D,
YDR210W,
YDR210W-A,
YDR210W-B,
YDR211W,0.0491
YDR212W,0.0096
YDR213W,0.0651
YDR214W,0.094
YDR215C,
YDR216W,0.1041
YDR217C,0.2199
YDR218C,0.0934
YDR219C,0.162
YDR220C,
YDR221W,0.2768
YDR222W,0.0561
YDR223W,0.3602
YDR224C,0.001
YDR225W,0.001
YDR226W,0.0272
YDR227W,0.4775
YDR228C,0.0984
YDR229W,0.0899
YDR230W,
YDR231C,0.0897
YDR232W,0.0571
YDR233C,0.0904
YDR234W,0.0668
YDR235W,0.0761
YDR236C,0.1347
YDR237W,0.0516
YDR238C,0.0458
YDR239C,0.2499
YDR240C,0.2134
YDR241W,
YDR242W,0.1287
YDR243C,0.1108
YDR244W,0.1069
YDR245W,0.057
YDR246W,0.0391
YDR246W-A,
YDR247W,0.1392
YDR248C,0.023
YDR249C,0.2978
YDR250C,
YDR251W,0.2057
YDR252W,0.0537
YDR253C,0.1265
YDR254W,0.105
YDR255C,0.0562
YDR256C,0.0314
YDR257C,0.0847
YDR258C,0.0183
YDR259C,0.1244
YDR260C,0.1907
YDR261C,0.1262
YDR261C-C,
YDR261C-D,
YDR261W-A,
YDR261W-B,
YDR262W,0.1789
YDR263C,0.1789
YDR264C,0.0978
YDR265W,0.3101
YDR266C,0.0873
YDR267C,0.0437
YDR268W,0.0795
YDR269C,
YDR270W,0.1201
YDR271C,
YDR272W,0.095
YDR273W,0.3078
YDR274C,
YDR275W,0.1379
YDR276C,
YDR277C,0.0301
YDR278C,
YDR279W,0.2217
YDR280W,0.0189
YDR281C,
YDR282C,0.2804
YDR283C,0.047
YDR284C,0.0968
YDR285W,0.1657
YDR286C,
YDR287W,0.113
YDR288W,0.2843
YDR289C,0.1059
YDR290W,
YDR291W,0.0774
YDR292C,0.0825
YDR293C,0.0343
YDR294C,0.0906
YDR295C,0.1452
YDR296W,0.0758
YDR297W,0.0456
YDR298C,0.0617
YDR299W,0.1237
YDR300C,0.0508
YDR301W,0.0422
YDR302W,
YDR303C,0.1331
YDR304C,0.076
YDR305C,0.0982
YDR306C,0.1608
YDR307W,0.1914
YDR308C,0.0459
YDR309C,0.1546
YDR310C,0.1426
YDR311W,0.0373
YDR312W,
YDR313C,0.1852
YDR314C,0.1864
YDR315C,0.2719
YDR316W,0.0955
YDR316W-A,0.0581
YDR316W-B,
YDR317W,0.1384
YDR318W,0.0995
YDR319C,
YDR320C,0.2743
YDR320C-A,
YDR320W-B,
YDR321W,0.044
YDR322CA,
YDR322C-A,0.0409
YDR322W,0.1349
YDR323C,0.1155
YDR324C,0.0735
YDR325W,0.1108
YDR326C,0.0735
YDR327W,
YDR328C,0.0117
YDR329C,0.1134
YDR330W,
YDR331W,0.0911
YDR332W,0.1168
YDR333C,0.0888
YDR334W,0.0938
YDR335W,
YDR336W,0.3258
YDR337W,0.067
YDR338C,0.0471
YDR339C,0.024
YDR340W,
YDR341C,0.0219
YDR342C,
YDR343C,
YDR344C,
YDR345C,0.0162
YDR346C,0.0349
YDR347W,0.0641
YDR348C,0.1463
YDR349C,0.109
YDR350C,0.2176
YDR351W,0.1461
YDR352W,0.1036
YDR353W,0.0416
YDR354C-A,
YDR354W,0.135
YDR355C,
YDR356W,0.1316
YDR357C,0.078
YDR358W,0.2337
YDR359C,0.1968
YDR360W,
YDR361C,0.0886
YDR362C,0.1178
YDR363W,0.1995
YDR363WA,
YDR363W-A,0.0405
YDR364C,0.107
YDR365C,0.0862
YDR365W-B,
YDR366C,
YDR367W,0.0958
YDR368W,0.0312
YDR369C,0.396
YDR370C,0.2832
YDR371C-A,
YDR371W,0.1286
YDR372C,0.0393
YDR373W,0.0114
YDR374C,0.1434
YDR374W-A,
YDR375C,0.0371
YDR376W,0.1132
YDR377W,0.0272
YDR378C,0.0555
YDR379C-A,
YDR379W,0.1513
YDR380W,0.1207
YDR381C-A,
YDR381W,0.0584
YDR382W,0.1933
YDR383C,0.1611
YDR384C,0.034
YDR385W,0.0151
YDR386W,0.1048
YDR387C,0.0875
YDR388W,0.0466
YDR389W,0.0686
YDR390C,0.1713
YDR391C,0.1447
YDR392W,0.008
YDR393W,0.2648
YDR394W,0.0222
YDR395W,0.0361
YDR396W,
YDR397C,0.001
YDR398W,0.0864
YDR399W,0.0239
YDR400W,0.071
YDR401W,
YDR402C,0.0796
YDR403W,0.0735
YDR404C,0.001
YDR405W,0.1015
YDR406W,0.0342
YDR406W-A,
YDR407C,0.1056
YDR408C,0.065
YDR409W,0.1909
YDR410C,
YDR411C,0.154
YDR412W,0.0653
YDR413C,
YDR414C,
YDR415C,0.1093
YDR416W,0.2309
YDR417C,
YDR418W,0.001
YDR419W,0.114
YDR420W,0.4518
YDR421W,0.1222
YDR422C,0.1674
YDR423C,0.4475
YDR424C,0.1856
YDR425W,0.1164
YDR426C,
YDR427W,0.0381
YDR428C,0.2053
YDR429C,0.0692
YDR430C,0.0799
YDR431W,
YDR432W,0.0613
YDR433W,
YDR434W,0.0421
YDR435C,0.143
YDR436W,0.0744
YDR437W,0.0833
YDR438W,0.2579
YDR439W,0.237
YDR440W,0.1776
YDR441C,0.1503
YDR442W,
YDR443C,0.0629
YDR444W,0.1181
YDR445C,
YDR446W,0.2241
YDR447C,0.0154
YDR448W,0.0319
YDR449C,0.0878
YDR450W,0.0133
YDR451C,0.1363
YDR452W,0.1266
YDR453C,0.057
YDR454C,0.0314
YDR455C,
YDR456W,0.0401
YDR457W,0.0477
YDR458C,0.1917
YDR459C,0.1753
YDR460W,0.006
YDR461C-A,
YDR461W,
YDR462W,0.0601
YDR463W,0.0988
YDR464C-A,
YDR464W,0.1542
YDR465C,0.1233
YDR466W,0.196
YDR467C,
YDR468C,0.0605
YDR469W,0.5226
YDR470C,0.1078
YDR471W,0.0052
YDR472W,0.0645
YDR473C,0.1524
YDR474C,
YDR475C,0.1708
YDR476C,0.0806
YDR477W,0.0281
YDR478W,0.1979
YDR479C,0.0985
YDR480W,0.3567
YDR481C,0.0929
YDR482C,
YDR483W,0.136
YDR484W,0.0727
YDR485C,0.2035
YDR486C,0.0296
YDR487C,0.0501
YDR488C,0.223
YDR489W,0.0644
YDR490C,0.168
YDR491C,
YDR492W,0.0525
YDR493W,0.2048
YDR494W,0.2037
YDR495C,0.1828
YDR496C,0.0688
YDR497C,0.04
YDR498C,0.2171
YDR499W,0.1008
YDR500C,0.0533
YDR501W,0.2608
YDR502C,0.0052
YDR503C,
YDR504C,
YDR505C,0.1059
YDR506C,0.372
YDR507C,0.0652
YDR508C,0.0444
YDR509W,
YDR510C-A,
YDR510W,0.001
YDR511W,
YDR512C,
YDR513W,0.001
YDR514C,0.0955
YDR515W,0.2888
YDR516C,0.0091
YDR517W,0.0797
YDR518W,0.0985
YDR519W,0.0882
YDR520C,0.1433
YDR521W,
YDR522C,0.1355
YDR523C,0.0718
YDR524C,0.1581
YDR524C-A,
YDR524C-B,0.0176
YDR524W-C,
YDR525W,
YDR525WA,
YDR525W-A,
YDR526C,
YDR527W,0.1158
YDR528W,0.1608
YDR529C,0.0597
YDR530C,0.1717
YDR531W,0.0583
YDR532C,0.1323
YDR533C,0.0634
YDR534C,0.2306
YDR535C,
YDR536W,0.031
YDR537C,
YDR538W,0.1656
YDR539W,0.0396
YDR540C,
YDR541C,
YDR542W,
YDR543C,
YDR544C,
YDR545C-A,
YDR545W,
YEL001C,0.173
YEL002C,0.0726
YEL003W,0.0291
YEL004W,
YEL005C,
YEL006W,0.0553
YEL007W,0.0524
YEL008C-A,
YEL008W,
YEL009C,0.0932
YEL009C-A,
YEL010W,
YEL011W,0.0098
YEL012W,0.0409
YEL013W,0.0105
YEL014C,
YEL015W,0.0581
YEL016C,0.2432
YEL017CA,
YEL017C-A,
YEL017W,0.1367
YEL018C-A,
YEL018W,0.173
YEL019C,0.2033
YEL020C,0.1133
YEL020C-B,
YEL020WA,
YEL020W-A,0.001
YEL021W,0.0099
YEL022W,0.0692
YEL023C,0.1077
YEL024W,0.0135
YEL025C,0.3515
YEL026W,0.001
YEL027W,0.001
YEL028W,
YEL029C,0.0932
YEL030C-A,
YEL030W,0.0804
YEL031W,0.0293
YEL032C-A,
YEL032W,0.0294
YEL033W,
YEL034C-A,
YEL034W,0.0444
YEL035C,
YEL036C,0.0318
YEL037C,0.0747
YEL038W,0.1413
YEL039C,0.0067
YEL040W,0.1182
YEL041W,0.1253
YEL042W,0.1042
YEL043W,0.1035
YEL044W,0.024
YEL045C,
YEL046C,0.0282
YEL047C,0.0569
YEL048C,0.1714
YEL049W,
YEL050C,0.0869
YEL050W-A,
YEL051W,0.0249
YEL052W,0.0659
YEL053C,0.1209
YEL053W-A,
YEL054C,
YEL055C,0.1572
YEL056W,0.085
YEL057C,0.1773
YEL058W,0.0803
YEL059CA,
YEL059C-A,
YEL059W,
YEL060C,0.1273
YEL061C,0.0671
YEL062W,0.0645
YEL063C,0.0484
YEL064C,0.0693
YEL065W,0.0542
YEL066W,0.2686
YEL067C,
YEL068C,
YEL069C,
YEL070W,
YEL071W,0.0482
YEL072W,0.2223
YEL073C,0.6101
YEL074W,
YEL075C,
YEL075W-A,
YEL076C,
YEL076C-A,
YEL076W-C,
YEL077C,
YEL077W-A,
YER001W,0.1238
YER002W,0.1231
YER003C,0.0513
YER004W,0.1256
YER005W,0.1165
YER006C-A,
YER006W,0.0507
YER007CA,
YER007C-A,0.0399
YER007W,0.289
YER008C,0.104
YER009W,0.001
YER010C,0.0935
YER011W,0.0532
YER012W,0.0334
YER013W,0.0964
YER014C-A,
YER014W,0.0961
YER015W,0.0569
YER016W,0.0859
YER017C,0.0393
YER018C,0.3021
YER019CA,
YER019C-A,
YER019W,0.0519
YER020W,0.0756
YER021W,0.0565
YER022W,0.1121
YER023C-A,
YER023W,0.0309
YER024W,0.0244
YER025W,0.0123
YER026C,0.0428
YER027C,0.0665
YER028C,0.5081
YER029C,0.0525
YER030W,0.2493
YER031C,0.001
YER032W,0.2689
YER033C,0.1967
YER034W,0.1677
YER035W,0.1407
YER036C,0.0073
YER037W,0.0946
YER038C,0.1722
YER038W-A,
YER039C,0.0707
YER039CA,
YER039C-A,
YER040W,0.0815
YER041W,0.2308
YER042W,0.0324
YER043C,0.0081
YER044C,0.0359
YER044CA,
YER044C-A,
YER045C,0.399
YER046W,0.0722
YER046W-A,
YER047C,0.1381
YER048C,0.012
YER048WA,
YER048W-A,
YER049W,0.0277
YER050C,0.086
YER051W,0.249
YER052C,0.0139
YER053C,0.0245
YER053C-A,
YER054C,0.154
YER055C,0.0422
YER056C,
YER056CA,
YER056C-A,
YER057C,0.0324
YER058W,
YER059W,0.0884
YER060W,0.0304
YER060w-A,
YER060W-A,0.0612
YER061C,0.0837
YER062C,0.0104
YER063W,0.1569
YER064C,0.1753
YER065C,0.0206
YER066C-A,
YER066W,
YER067C-A,
YER067W,0.0393
YER068C-A,
YER068W,0.0679
YER069W,0.0587
YER070W,0.0215
YER071C,0.2953
YER072W,0.001
YER073W,0.0729
YER074W,
YER074W-A,
YER075C,0.1195
YER076C,0.2864
YER076W-A,
YER077C,0.3412
YER078C,0.0697
YER078W-A,
YER079C-A,
YER079W,0.1252
YER080W,0.1064
YER081W,0.0154
YER082C,0.0671
YER083C,0.0973
YER084W,
YER084W-A,
YER085C,0.2578
YER086W,0.0201
YER087C-A,
YER087C-B,0.0604
YER087W,0.0977
YER088C,0.224
YER088C-A,
YER088W-B,
YER089C,0.0502
YER090C-A,
YER090W,0.0242
YER091C,0.0143
YER091C-A,
YER092W,0.0918
YER093C,0.0569
YER093CA,
YER093C-A,0.119
YER094C,
YER095W,0.0191
YER096W,0.1891
YER097W,
YER098W,0.1386
YER099C,0.017
YER100W,0.0359
YER101C,0.0952
YER102W,
YER103W,0.0236
YER104W,0.2263
YER105C,0.1785
YER106W,0.2521
YER107C,0.0255
YER107W-A,
YER108C,
YER109C,0.1732
YER110C,0.0155
YER111C,0.0944
YER112W,0.0467
YER113C,0.1042
YER114C,0.1089
YER115C,
YER116C,0.2236
YER117W,
YER118C,0.0524
YER119C,0.1057
YER119CA,
YER119C-A,
YER120W,0.224
YER121W,1.0449
YER122C,0.0584
YER123W,0.0318
YER124C,0.1563
YER125W,0.0085
YER126C,0.001
YER127W,0.1065
YER128W,0.1146
YER129W,0.1048
YER130C,0.0913
YER131W,0.0437
YER132C,0.1508
YER133W,0.001
YER133W-A,
YER134C,0.0529
YER135C,
YER136W,0.0029
YER137C,0.1759
YER137W-A,
YER138C,
YER138WA,
YER138W-A,
YER139C,0.0427
YER140W,0.1447
YER141W,0.068
YER142C,0.0741
YER143W,0.0824
YER144C,0.143
YER145C,0.0441
YER145C-A,
YER146W,0.0446
YER147C,0.1592
YER147C-A,
YER148W,0.001
YER148W-A,
YER149C,0.0805
YER150W,0.0964
YER151C,0.0426
YER152C,0.0851
YER152W-A,
YER153C,
YER154W,0.0413
YER155C,0.0784
YER156C,0.0735
YER157W,0.1257
YER158C,0.2089
YER158W-A,
YER159C,0.0937
YER160C,
YER161C,0.0473
YER162C,0.0728
YER163C,0.1259
YER164W,0.0473
YER165C-A,
YER165W,0.0125
YER166W,0.0392
YER167W,0.102
YER168C,0.0887
YER169W,0.0606
YER170W,0.1303
YER171W,0.0093
YER172C,0.1153
YER172C-A,
YER173W,0.1334
YER174C,0.1324
YER175C,0.0753
YER175W-A,
YER176W,0.159
YER177W,0.008
YER178W,0.0186
YER179W,0.0058
YER180C,0.2479
YER180C-A,
YER181C,
YER182W,0.068
YER183C,0.059
YER184C,0.1395
YER185W,0.1014
YER186C,
YER187W,0.1874
YER188C-A,
YER188W,
YER189W,
YER190C-A,
YER190C-B,
YER190W,
YFL001W,0.1218
YFL002C,0.0799
YFL002W-A,
YFL002W-B,
YFL003C,0.1014
YFL004W,0.0625
YFL005W,0.0075
YFL006W,
YFL007W,0.0656
YFL008W,0.0602
YFL009W,0.0827
YFL010C,0.1575
YFL010W-A,
YFL011W,0.0582
YFL011W-A,
YFL012W,
YFL012W-A,
YFL013C,0.1362
YFL013W-A,
YFL014W,0.0496
YFL015C,
YFL015W-A,
YFL016C,0.0435
YFL017C,0.1281
YFL017WA,
YFL017W-A,
YFL018C,0.023
YFL018W-A,
YFL019C,
YFL020C,
YFL021C-A,
YFL021W,0.1119
YFL022C,0.0351
YFL023W,0.2302
YFL024C,0.0569
YFL025C,0.1784
YFL026W,0.0497
YFL027C,0.1697
YFL028C,0.0325
YFL029C,0.1639
YFL030W,0.052
YFL031C-A,
YFL031W,0.2484
YFL032W,
YFL033C,0.0659
YFL034CA,
YFL034C-A,0.1199
YFL034CB,
YFL034C-B,0.0313
YFL034W,0.1226
YFL035C,
YFL035C-A,
YFL035C-B,
YFL036W,0.0457
YFL037W,0.001
YFL038C,0.001
YFL039C,0.001
YFL040W,0.0451
YFL041W,0.067
YFL041W-A,
YFL042C,0.1417
YFL043C,
YFL044C,0.1034
YFL045C,0.0113
YFL046W,0.008
YFL047W,0.0587
YFL048C,0.0971
YFL049W,0.1484
YFL050C,0.2636
YFL051C,0.3964
YFL052W,0.0648
YFL053W,0.0561
YFL054C,0.1064
YFL055W,0.0715
YFL056C,
YFL057C,
YFL058W,0.001
YFL059W,
YFL060C,0.1773
YFL061W,
YFL062W,
YFL063W,
YFL064C,
YFL065C,
YFL066C,
YFL067W,
YFL068W,
YFL-TYA,
YFL-TYB,
YFR001W,0.0422
YFR002W,0.0694
YFR003C,0.0696
YFR004W,0.0084
YFR005C,0.1785
YFR006W,0.1124
YFR007W,0.1569
YFR008W,0.1698
YFR009W,0.031
YFR009W-A,
YFR010W,0.0463
YFR010W-A,
YFR011C,0.1372
YFR012W,
YFR012W-A,0.0809
YFR013W,0.1153
YFR014C,0.0898
YFR015C,0.0163
YFR016C,0.5407
YFR017C,0.1146
YFR018C,0.241
YFR019W,0.0673
YFR020W,
YFR021W,0.0424
YFR022W,0.1187
YFR023W,0.0369
YFR024C,
YFR024CA,
YFR024C-A,0.0281
YFR025C,0.1803
YFR026C,
YFR027W,0.0994
YFR028C,0.0389
YFR029W,0.0981
YFR030W,0.0796
YFR031C,0.0735
YFR031CA,
YFR031C-A,0.001
YFR032C,0.0809
YFR032CA,
YFR032C-A,
YFR032C-B,
YFR033C,0.3948
YFR034C,0.0788
YFR034W-A,
YFR035C,
YFR036W,0.0633
YFR036W-A,
YFR037C,0.071
YFR038W,0.0839
YFR039C,0.1921
YFR040W,0.0645
YFR041C,0.2449
YFR042W,
YFR043C,0.1946
YFR044C,0.0124
YFR045W,0.0906
YFR046C,0.2545
YFR047C,0.0492
YFR048W,0.0917
YFR049W,
YFR050C,0.0251
YFR051C,0.0524
YFR052C-A,
YFR052W,0.0449
YFR053C,0.0407
YFR054C,
YFR055W,0.0857
YFR056C,
YFR057W,
YGL001C,0.032
YGL002W,0.0845
YGL003C,0.0444
YGL004C,0.253
YGL005C,0.1639
YGL006W,
YGL006W-A,
YGL007C-A,
YGL007W,
YGL008C,0.0207
YGL009C,0.0183
YGL010W,
YGL011C,0.0133
YGL012W,0.0512
YGL013C,0.064
YGL014C-A,
YGL014W,0.1121
YGL015C,0.3582
YGL016W,0.0828
YGL017W,0.1078
YGL018C,0.0536
YGL019W,0.001
YGL020C,0.1425
YGL021W,0.0877
YGL022W,0.022
YGL023C,0.0964
YGL024W,
YGL025C,0.1754
YGL026C,0.018
YGL027C,0.0713
YGL028C,0.1398
YGL029W,0.1003
YGL030W,0.0847
YGL031C,0.001
YGL032C,
YGL033W,0.126
YGL034C,
YGL035C,0.0942
YGL036W,0.2261
YGL037C,0.0531
YGL038C,0.1814
YGL039W,0.1326
YGL040C,0.0152
YGL041C,
YGL041C-B,
YGL041W-A,0.0883
YGL042C,
YGL043W,0.0512
YGL044C,0.0393
YGL045W,0.0865
YGL046W,
YGL047W,0.148
YGL048C,0.001
YGL049C,0.0916
YGL050W,0.1238
YGL051W,0.3858
YGL052W,
YGL053W,
YGL054C,0.001
YGL055W,0.0572
YGL056C,0.0639
YGL057C,0.2162
YGL058W,0.001
YGL059W,0.0391
YGL060W,0.2479
YGL061C,0.0935
YGL062W,0.0131
YGL063C-A,
YGL063W,
YGL064C,0.1113
YGL065C,0.1191
YGL066W,0.1329
YGL067W,0.1035
YGL068W,0.09
YGL069C,
YGL070C,
YGL071W,0.1301
YGL072C,
YGL073W,0.1022
YGL074C,
YGL075C,0.2071
YGL076C,0.0242
YGL077C,0.0333
YGL078C,0.0417
YGL079W,0.0993
YGL080W,0.0389
YGL081W,0.3144
YGL082W,0.067
YGL083W,0.1263
YGL084C,0.0637
YGL085W,0.0762
YGL086W,0.1128
YGL087C,0.0242
YGL088W,
YGL089C,0.1996
YGL090W,0.3179
YGL091C,0.0267
YGL092W,0.1813
YGL093W,0.2199
YGL094C,0.0375
YGL095C,0.077
YGL096W,0.1764
YGL097W,0.0351
YGL098W,0.1636
YGL099W,0.0399
YGL100W,0.0399
YGL101W,0.0661
YGL102C,
YGL103W,0.0127
YGL104C,0.1113
YGL105W,0.0477
YGL106W,0.0385
YGL107C,0.1351
YGL108C,0.1344
YGL109W,
YGL110C,0.122
YGL111W,0.2135
YGL112C,0.0256
YGL113W,0.1178
YGL114W,0.0338
YGL115W,0.0187
YGL116W,0.0308
YGL117W,0.2858
YGL118C,
YGL119W,0.1013
YGL120C,0.0174
YGL121C,0.0876
YGL122C,0.0458
YGL123C-A,
YGL123W,0.001
YGL124C,0.1055
YGL125W,0.0186
YGL126W,
YGL127C,0.0751
YGL128C,0.1667
YGL129C,0.0995
YGL130W,0.0403
YGL131C,0.1978
YGL132W,
YGL133W,0.1546
YGL134W,0.2211
YGL135W,
YGL136C,0.1078
YGL137W,0.0732
YGL138C,0.1979
YGL139W,0.0612
YGL140C,0.04
YGL141W,0.0664
YGL142C,0.1689
YGL143C,0.0577
YGL144C,0.0621
YGL145W,0.1749
YGL146C,0.2437
YGL147C,0.0284
YGL148W,0.0034
YGL149W,
YGL150C,0.052
YGL151W,0.0929
YGL152C,
YGL153W,0.1405
YGL154C,0.2791
YGL155W,0.1429
YGL156W,0.0434
YGL157W,0.1003
YGL158W,0.2606
YGL159W,0.2951
YGL160W,0.1453
YGL161C,0.113
YGL162W,0.1322
YGL163C,0.343
YGL164C,0.0844
YGL165C,
YGL166W,0.4634
YGL167C,0.0164
YGL168W,
YGL169W,0.1521
YGL170C,0.2223
YGL171W,0.0726
YGL172W,0.1404
YGL173C,0.0192
YGL174W,0.2413
YGL175C,0.2285
YGL176C,0.324
YGL177W,
YGL178W,0.0494
YGL179C,0.206
YGL180W,0.0581
YGL181W,0.0995
YGL182C,
YGL183C,0.0998
YGL184C,0.0272
YGL185C,0.2228
YGL186C,0.0639
YGL187C,0.0666
YGL188C,
YGL188C-A,
YGL189C,0.001
YGL190C,0.0132
YGL191W,0.0137
YGL192W,0.1556
YGL193C,
YGL194C,0.0205
YGL194C-A,
YGL195W,0.0716
YGL196W,0.1208
YGL197W,0.061
YGL198W,
YGL199C,
YGL200C,0.0128
YGL201C,0.0461
YGL202W,0.0546
YGL203C,0.1288
YGL204C,
YGL205W,0.0513
YGL206C,0.0214
YGL207W,0.012
YGL208W,0.157
YGL209W,0.0654
YGL210W,0.0428
YGL211W,0.0346
YGL212W,0.103
YGL213C,0.077
YGL214W,
YGL215W,0.1401
YGL216W,0.0684
YGL217C,
YGL218W,
YGL219C,0.0646
YGL220W,0.0316
YGL221C,0.1458
YGL222C,0.3051
YGL223C,0.2615
YGL224C,0.0565
YGL225W,0.0432
YGL226CA,
YGL226C-A,
YGL226W,
YGL227W,0.076
YGL228W,0.182
YGL229C,0.1766
YGL230C,
YGL231C,0.1111
YGL232W,0.0662
YGL233W,0.0753
YGL234W,0.0316
YGL235W,
YGL236C,0.1203
YGL237C,0.1599
YGL238W,0.0425
YGL239C,
YGL240W,0.0781
YGL241W,0.1278
YGL242C,0.0416
YGL243W,0.2026
YGL244W,0.0374
YGL245W,0.0161
YGL246C,0.0616
YGL247W,0.1299
YGL248W,0.0594
YGL249W,0.3328
YGL250W,0.1255
YGL251C,0.1201
YGL252C,0.0326
YGL253W,0.0045
YGL254W,0.2554
YGL255W,0.1107
YGL256W,0.0497
YGL257C,0.2163
YGL258W,0.0547
YGL258W-A,
YGL259W,
YGL260W,
YGL261C,0.0277
YGL262W,
YGL263W,
YGR001C,0.1011
YGR002C,0.0649
YGR003W,0.1609
YGR004W,0.1118
YGR005C,0.0112
YGR006W,0.1734
YGR007W,0.0819
YGR008C,0.054
YGR009C,0.1362
YGR010W,0.0031
YGR011W,
YGR012W,0.0756
YGR013W,0.2598
YGR014W,0.4388
YGR015C,0.1296
YGR016W,0.1644
YGR017W,0.0944
YGR018C,
YGR019W,0.0726
YGR020C,0.0269
YGR021W,0.0714
YGR022C,
YGR023W,0.0671
YGR024C,0.0699
YGR025W,
YGR026W,0.0768
YGR027C,0.001
YGR027W-A,
YGR027W-B,
YGR028W,0.0178
YGR029W,0.137
YGR030C,0.2509
YGR031C-A,
YGR031W,0.1146
YGR032W,0.0234
YGR033C,0.1282
YGR034W,0.001
YGR035C,0.2676
YGR035W-A,
YGR036C,0.1086
YGR037C,0.001
YGR038C-A,
YGR038C-B,
YGR038W,0.0235
YGR039W,
YGR040W,0.0026
YGR041W,0.3309
YGR042W,0.2421
YGR043C,0.0277
YGR044C,0.3802
YGR045C,
YGR046W,0.0564
YGR047C,0.0357
YGR048W,0.0511
YGR049W,0.0353
YGR050C,
YGR051C,
YGR052W,0.0499
YGR053C,0.1556
YGR054W,0.0661
YGR055W,0.0307
YGR056W,0.0963
YGR057C,0.0317
YGR058W,0.0699
YGR059W,0.075
YGR060W,0.0153
YGR061C,0.0314
YGR062C,0.118
YGR063C,
YGR064W,
YGR065C,0.0228
YGR066C,0.1111
YGR067C,0.1795
YGR068C,0.0946
YGR068W-A,
YGR069W,
YGR070W,0.1401
YGR071C,0.2122
YGR072W,0.1814
YGR073C,
YGR074W,
YGR075C,0.1832
YGR076C,0.0327
YGR077C,0.3043
YGR078C,0.0446
YGR079W,0.1137
YGR080W,0.1333
YGR081C,0.2126
YGR082W,0.0277
YGR083C,0.0615
YGR084C,0.1658
YGR085C,0.001
YGR086C,0.0171
YGR087C,0.0373
YGR088W,0.0122
YGR089W,0.1305
YGR090W,0.0861
YGR091W,0.2092
YGR092W,0.0205
YGR093W,0.1374
YGR094W,0.0416
YGR095C,0.128
YGR096W,0.1048
YGR097W,0.0534
YGR098C,0.1363
YGR099W,0.2273
YGR100W,0.0395
YGR101W,0.0849
YGR102C,0.3608
YGR103W,0.0422
YGR104C,0.1489
YGR105W,
YGR106C,0.2329
YGR107W,
YGR108W,0.0618
YGR109C,0.1355
YGR109W-A,
YGR109W-B,
YGR110W,0.0814
YGR111W,0.1259
YGR112W,0.1391
YGR113W,0.1104
YGR114C,
YGR115C,
YGR116W,0.0225
YGR117C,0.2301
YGR118W,0.001
YGR119C,0.1042
YGR120C,0.1085
YGR121C,0.0388
YGR121W-A,
YGR122C-A,
YGR122W,0.1956
YGR123C,0.0656
YGR124W,0.0254
YGR125W,0.0514
YGR126W,0.049
YGR127W,0.1512
YGR128C,0.119
YGR129W,0.1301
YGR130C,0.1167
YGR131W,
YGR132C,0.0179
YGR133W,
YGR134W,0.2053
YGR135W,0.0319
YGR136W,0.1002
YGR137W,
YGR138C,
YGR139W,
YGR140W,0.0985
YGR141W,
YGR142W,
YGR143W,0.0554
YGR144W,0.0077
YGR145W,0.0553
YGR146C,0.1858
YGR146C-A,
YGR147C,0.1412
YGR148C,0.0444
YGR149W,0.0433
YGR150C,0.2074
YGR151C,
YGR152C,0.0721
YGR153W,0.2299
YGR154C,0.2485
YGR155W,0.0227
YGR156W,0.1284
YGR157W,0.0793
YGR158C,0.1937
YGR159C,0.0576
YGR160W,
YGR161C,0.0818
YGR161C-D,
YGR161W-A,
YGR161W-B,
YGR161W-C,
YGR162W,0.1128
YGR163W,0.0075
YGR164W,
YGR165W,0.0949
YGR166W,0.1976
YGR167W,0.1461
YGR168C,0.2922
YGR169C,0.1744
YGR169C-A,0.1937
YGR170W,0.1003
YGR171C,0.1123
YGR172C,0.0231
YGR173W,0.0068
YGR174C,0.0181
YGR174W-A,
YGR175C,0.0098
YGR176W,
YGR177C,0.1881
YGR178C,0.09
YGR179C,0.1271
YGR180C,0.0237
YGR181W,0.0389
YGR182C,
YGR183C,
YGR184C,0.0418
YGR185C,0.0603
YGR186W,0.1002
YGR187C,0.0874
YGR188C,0.1471
YGR189C,0.1407
YGR190C,
YGR191W,0.0477
YGR192C,0.0052
YGR193C,0.3419
YGR194C,0.1234
YGR195W,0.0117
YGR196C,0.1623
YGR197C,0.1468
YGR198W,0.1229
YGR199W,0.0905
YGR200C,0.1005
YGR201C,0.0679
YGR202C,0.037
YGR203W,
YGR204C-A,
YGR204W,0.0228
YGR205W,0.0868
YGR206W,0.2879
YGR207C,0.0661
YGR208W,0.1384
YGR209C,0.0876
YGR210C,0.0254
YGR211W,0.0307
YGR212W,0.2127
YGR213C,0.1011
YGR214W,0.0042
YGR215W,0.0917
YGR216C,0.1325
YGR217W,0.0608
YGR218W,0.0106
YGR219W,
YGR220C,0.0385
YGR221C,0.3622
YGR222W,0.2296
YGR223C,0.082
YGR224W,0.1751
YGR225W,0.0839
YGR226C,
YGR227W,0.0837
YGR228W,
YGR229C,0.121
YGR230W,
YGR231C,0.0071
YGR232W,0.0384
YGR233C,0.0513
YGR234W,0.0872
YGR235C,0.1796
YGR236C,0.0805
YGR237C,0.0746
YGR238C,0.2634
YGR239C,0.3048
YGR240C,0.0075
YGR240C-A,
YGR241C,0.1217
YGR242W,
YGR243W,0.0371
YGR244C,0.0167
YGR245C,0.0346
YGR246C,0.0525
YGR247W,0.0459
YGR248W,0.0717
YGR249W,0.0938
YGR250C,0.0731
YGR251W,0.1692
YGR252W,0.0491
YGR253C,0.0294
YGR254W,0.0162
YGR255C,0.0261
YGR256W,0.0271
YGR257C,0.0581
YGR258C,0.1226
YGR259C,
YGR260W,0.0204
YGR261C,0.1305
YGR262C,0.034
YGR263C,0.1049
YGR264C,0.0503
YGR265W,
YGR266W,0.1016
YGR267C,0.0089
YGR268C,
YGR269W,
YGR270C-A,
YGR270W,0.1338
YGR271C-A,0.0648
YGR271W,0.0465
YGR272C,
YGR273C,0.0825
YGR274C,0.0576
YGR275W,0.1753
YGR276C,0.1377
YGR277C,0.1023
YGR278W,0.2022
YGR279C,0.0971
YGR280C,0.0395
YGR281W,0.0287
YGR282C,0.001
YGR283C,0.1738
YGR284C,0.03
YGR285C,0.043
YGR286C,0.032
YGR287C,0.0506
YGR288W,0.0875
YGR289C,0.0745
YGR290W,
YGR291C,
YGR292W,0.0624
YGR293C,
YGR294W,0.0417
YGR295C,
YGR296C-A,
YGR296C-B,
YGR296W,
YHL001W,0.0164
YHL002C-A,
YHL002W,0.1084
YHL003C,0.0285
YHL004W,0.1184
YHL005C,
YHL006C,
YHL006W-A,
YHL007C,0.0981
YHL008C,0.1275
YHL009C,0.2244
YHL009W-A,
YHL009W-B,
YHL010C,0.1026
YHL011C,0.0071
YHL012W,0.147
YHL013C,0.0669
YHL014C,0.0668
YHL015W,0.001
YHL015W-A,
YHL016C,0.0213
YHL017W,0.0963
YHL018W,0.1381
YHL019C,0.0977
YHL019W-A,
YHL020C,0.0981
YHL021C,0.0774
YHL022C,0.1353
YHL023C,0.1189
YHL024W,0.0837
YHL025W,0.1446
YHL026C,0.1013
YHL027W,0.1934
YHL028W,0.2894
YHL029C,0.0846
YHL030W,0.1195
YHL030W-A,
YHL031C,0.0187
YHL032C,0.0448
YHL033C,
YHL034C,0.0661
YHL034W-A,
YHL035C,0.2027
YHL036W,0.0601
YHL037C,
YHL038C,0.1539
YHL039W,0.1511
YHL040C,0.0617
YHL041W,
YHL042W,
YHL043W,0.4183
YHL044W,0.5783
YHL045W,
YHL046C,
YHL046W-A,
YHL047C,
YHL048C-A,
YHL048W,
YHL049C,
YHL050C,
YHL050W-A,
YHR001W,0.0662
YHR001WA,
YHR001W-A,0.0737
YHR002W,0.0844
YHR003C,0.1388
YHR004C,0.1842
YHR005C,0.0569
YHR005CA,
YHR005C-A,0.001
YHR006W,0.1627
YHR007C,0.0256
YHR007C-A,
YHR008C,0.0106
YHR009C,0.0337
YHR010W,
YHR011W,0.1687
YHR012W,0.0945
YHR013C,0.041
YHR014W,0.097
YHR015W,0.2144
YHR016C,0.0937
YHR017W,0.173
YHR018C,0.0414
YHR019C,0.0126
YHR020W,0.0424
YHR021C,
YHR021WA,
YHR021W-A,
YHR022C,0.2482
YHR022C-A,
YHR023W,0.0884
YHR024C,0.0429
YHR025W,0.0158
YHR026W,0.041
YHR027C,0.0454
YHR028C,0.1327
YHR028W-A,
YHR029C,0.2023
YHR030C,0.0476
YHR031C,0.0697
YHR032C-A,
YHR032W,0.1271
YHR032W-A,
YHR033W,0.0377
YHR034C,0.1399
YHR035W,0.2892
YHR036W,0.2247
YHR037W,0.0219
YHR038W,0.102
YHR039C,0.036
YHR039CA,
YHR039C-A,0.0498
YHR039C-B,
YHR040W,0.1031
YHR041C,0.0749
YHR042W,0.0541
YHR043C,0.0454
YHR044C,0.075
YHR045W,0.177
YHR046C,0.045
YHR047C,0.0911
YHR048W,0.0903
YHR049CA,
YHR049C-A,
YHR049W,0.043
YHR050W,0.0923
YHR050W-A,
YHR051W,0.1001
YHR052W,0.1132
YHR052W-A,
YHR053C,
YHR054C,
YHR054W-A,
YHR055C,
YHR056C,0.2209
YHR056W-A,
YHR057C,0.1121
YHR058C,0.0479
YHR059W,0.1849
YHR060W,0.2485
YHR061C,0.1386
YHR062C,0.0933
YHR063C,0.0577
YHR063W-A,
YHR064C,0.0502
YHR065C,0.0379
YHR066W,0.0585
YHR067W,0.1991
YHR068W,0.0112
YHR069C,0.0357
YHR069C-A,
YHR070C-A,
YHR070W,0.1097
YHR071C-A,
YHR071W,0.1621
YHR072W,0.0445
YHR072W-A,
YHR073C-B,
YHR073W,0.0712
YHR073W-A,
YHR074W,0.0313
YHR075C,0.12
YHR076W,0.1097
YHR077C,0.078
YHR078W,0.0966
YHR079C,0.064
YHR079C-A,
YHR079C-B,
YHR080C,0.1555
YHR081W,0.0388
YHR082C,0.0485
YHR083W,0.3821
YHR084W,0.0685
YHR085W,0.0755
YHR086W,0.115
YHR086W-A,
YHR087W,0.0344
YHR088W,0.0083
YHR089C,0.1001
YHR090C,0.0377
YHR091C,0.0914
YHR092C,0.028
YHR093W,
YHR094C,0.0341
YHR095W,
YHR096C,0.0322
YHR097C,0.1202
YHR098C,0.0368
YHR099W,0.0347
YHR100C,0.0705
YHR101C,0.3677
YHR102W,0.1384
YHR103W,0.1231
YHR104W,0.0198
YHR105W,0.1094
YHR106W,0.067
YHR107C,0.0058
YHR108W,0.0881
YHR109W,0.2415
YHR110W,0.0692
YHR111W,0.0844
YHR112C,0.0454
YHR113W,0.0792
YHR114W,0.0709
YHR115C,0.1141
YHR116W,0.1158
YHR117W,0.1795
YHR118C,0.1183
YHR119W,0.0914
YHR120W,0.0908
YHR121W,0.0375
YHR122W,0.0857
YHR123W,0.0605
YHR124W,0.0671
YHR125W,
YHR126C,0.2133
YHR127W,0.1659
YHR128W,0.023
YHR129C,0.0819
YHR130C,
YHR131C,0.1171
YHR131W-A,
YHR132C,0.0956
YHR132W-A,0.001
YHR133C,0.1205
YHR134W,0.167
YHR135C,0.0441
YHR136C,0.2617
YHR137C-A,
YHR137W,0.0535
YHR138C,0.1451
YHR139C,0.0395
YHR139C-A,
YHR140W,0.1313
YHR141C,0.0607
YHR142W,0.0411
YHR143W,0.2935
YHR143WA,
YHR143W-A,0.001
YHR144C,0.1108
YHR145C,
YHR146W,0.1513
YHR147C,0.0608
YHR148W,0.0082
YHR149C,0.1623
YHR150W,0.1359
YHR151C,0.1204
YHR152W,0.3259
YHR153C,0.3571
YHR154W,0.216
YHR155W,0.0895
YHR156C,0.1727
YHR157W,0.2073
YHR158C,0.1222
YHR159W,0.1857
YHR160C,0.3557
YHR161C,0.1331
YHR162W,0.0161
YHR163W,0.1139
YHR164C,0.1586
YHR165C,0.0513
YHR165W-A,
YHR166C,0.0375
YHR167W,0.1338
YHR168W,0.1722
YHR169W,0.0304
YHR170W,0.0159
YHR171W,0.1015
YHR172W,0.0945
YHR173C,
YHR174W,0.0048
YHR175W,
YHR175W-A,
YHR176W,0.1356
YHR177W,0.2257
YHR178W,0.0792
YHR179W,0.05
YHR180C-B,
YHR180W,
YHR180W-A,
YHR181W,
YHR182C-A,
YHR182W,0.2662
YHR183W,
YHR184W,0.0902
YHR185C,0.0713
YHR186C,0.0402
YHR187W,0.1488
YHR188C,0.13
YHR189W,
YHR190W,0.0191
YHR191C,0.1565
YHR192W,0.1107
YHR193C,0.0088
YHR193C-A,
YHR194W,0.062
YHR195W,0.1785
YHR196W,0.1664
YHR197W,0.1344
YHR198C,
YHR199C,0.0121
YHR199C-A,
YHR200W,0.0255
YHR201C,0.1525
YHR202W,0.1361
YHR203C,
YHR204W,0.2142
YHR205W,0.0335
YHR206W,0.0471
YHR207C,0.0709
YHR208W,0.0093
YHR209W,0.1875
YHR210C,0.1323
YHR211W,
YHR212C,
YHR212W-A,
YHR213W,
YHR213W-A,
YHR213W-B,
YHR214C-B,
YHR214C-C,
YHR214C-D,
YHR214C-E,
YHR214W,0.0331
YHR214WA,
YHR214W-A,
YHR215W,
YHR216W,0.0217
YHR217C,
YHR218W,
YHR218W-A,
YHR219C-A,
YHR219W,
YIL001W,0.1106
YIL002C,0.0266
YIL002W-A,0.0389
YIL003W,0.0788
YIL004C,0.0634
YIL005W,0.269
YIL006W,0.0759
YIL007C,0.0721
YIL008W,0.0198
YIL009C-A,
YIL009W,0.0594
YIL010W,0.1875
YIL011W,0.0415
YIL012W,
YIL013C,0.0644
YIL014C-A,
YIL014W,0.1852
YIL015C-A,
YIL015W,0.2275
YIL016W,0.039
YIL017C,0.0771
YIL017W,
YIL018W,0.0115
YIL019W,0.1429
YIL020C,0.0716
YIL020C-A,
YIL021C-A,
YIL021W,0.0088
YIL022W,0.0425
YIL023C,0.2198
YIL024C,0.0277
YIL025C,
YIL026C,0.0952
YIL027C,0.1607
YIL028W,
YIL029C,
YIL029W-A,
YIL030C,0.0745
YIL030W-A,
YIL031W,0.1726
YIL032C,
YIL033C,0.0268
YIL034C,0.0982
YIL035C,0.0514
YIL036W,0.1355
YIL037C,0.3059
YIL038C,0.0709
YIL039W,0.086
YIL040W,0.1222
YIL041W,0.0089
YIL042C,0.0737
YIL043C,0.0641
YIL044C,0.1631
YIL045W,0.086
YIL046W,0.0237
YIL046W-A,
YIL047C,0.0412
YIL047C-A,
YIL048W,0.0275
YIL049W,
YIL050W,0.1442
YIL051C,0.0278
YIL052C,0.001
YIL053W,0.001
YIL054W,
YIL055C,0.1524
YIL056W,0.0881
YIL057C,0.0162
YIL058W,
YIL059C,
YIL060W,
YIL061C,0.147
YIL062C,0.1383
YIL063C,0.1769
YIL064W,0.104
YIL065C,0.0074
YIL066C,0.0161
YIL066W-A,
YIL067C,0.0651
YIL068C,0.0225
YIL068W-A,
YIL069C,0.0306
YIL070C,0.0533
YIL071C,0.1867
YIL071W-A,
YIL072W,0.0711
YIL073C,0.1494
YIL074C,0.0183
YIL075C,0.0288
YIL076W,0.0858
YIL077C,0.2749
YIL078W,0.0186
YIL079C,0.1511
YIL080W,
YIL082W,
YIL082WA,
YIL082W-A,0.114
YIL083C,0.0233
YIL084C,0.0363
YIL085C,0.1001
YIL086C,
YIL087C,0.03
YIL088C,0.0493
YIL089W,
YIL090W,0.0378
YIL091C,0.0983
YIL092W,0.5371
YIL093C,0.1418
YIL094C,0.0158
YIL095W,0.1248
YIL096C,0.0648
YIL097W,0.147
YIL098C,0.201
YIL099W,0.1689
YIL100C-A,
YIL100W,
YIL101C,
YIL102C,0.8323
YIL102C-A,
YIL103W,0.0432
YIL104C,0.0999
YIL105C,0.0362
YIL105W-A,
YIL106W,0.0707
YIL107C,0.0515
YIL108W,0.0496
YIL109C,0.0208
YIL110W,0.1237
YIL111W,0.001
YIL112W,0.1261
YIL113W,0.1625
YIL114C,0.1145
YIL115C,0.2663
YIL115W-A,
YIL116W,0.0664
YIL117C,0.1769
YIL118W,0.0318
YIL119C,0.1172
YIL120W,0.1613
YIL121W,0.0667
YIL122W,0.1151
YIL123W,0.1518
YIL124W,0.0531
YIL125W,0.0164
YIL126W,0.0548
YIL127C,0.0536
YIL128W,0.1212
YIL129C,0.0482
YIL130W,0.1037
YIL131C,0.0613
YIL132C,0.1687
YIL133C,0.1658
YIL134C-A,
YIL134W,0.1165
YIL135C,0.1223
YIL136W,0.0525
YIL137C,0.1519
YIL138C,0.0526
YIL139C,0.1352
YIL140W,0.0843
YIL141W,
YIL142C-A,
YIL142W,0.0056
YIL143C,0.0313
YIL144W,0.0713
YIL145C,0.1129
YIL146C,0.1901
YIL147C,0.0951
YIL148W,
YIL149C,0.2467
YIL150C,0.0929
YIL151C,0.1003
YIL152W,0.2359
YIL153W,0.071
YIL154C,0.0357
YIL155C,0.0214
YIL156W,0.0875
YIL156W-A,
YIL156W-B,
YIL157C,0.1563
YIL158W,0.1496
YIL159W,0.1191
YIL160C,0.033
YIL161W,0.3144
YIL162W,0.034
YIL163C,
YIL164C,0.0562
YIL165C,
YIL166C,0.0333
YIL167W,
YIL168W,
YIL169C,0.1654
YIL170W,
YIL171W,
YIL171W-A,
YIL172C,
YIL173W,
YIL174W,
YIL175W,
YIL176C,
YIL177C,
YIL177W-A,
YIR001C,0.1109
YIR002C,0.1315
YIR003W,0.4991
YIR004W,0.1047
YIR005W,0.1144
YIR006C,0.1829
YIR007W,0.1479
YIR008C,0.0528
YIR009W,
YIR010W,0.0764
YIR011C,0.1239
YIR012W,0.0726
YIR013C,0.2226
YIR014W,
YIR015W,
YIR016W,0.3039
YIR017C,0.0303
YIR017W-A,
YIR018C-A,
YIR018W,0.1644
YIR019C,0.1821
YIR020C,
YIR020C-B,
YIR020W-A,
YIR021W,0.2851
YIR021W-A,
YIR022W,0.0415
YIR023C-A,
YIR023W,0.0716
YIR024C,0.2261
YIR025W,0.1357
YIR026C,0.0491
YIR027C,0.0913
YIR028W,0.027
YIR029W,0.0989
YIR030C,0.1826
YIR030W-A,
YIR031C,0.0376
YIR032C,0.2109
YIR033W,0.0988
YIR034C,0.032
YIR035C,0.0654
YIR036C,0.0867
YIR036W-A,
YIR037W,0.0353
YIR038C,0.1112
YIR039C,0.2311
YIR040C,
YIR041W,
YIR042C,0.1012
YIR043C,
YIR044C,
YJL001W,0.0053
YJL002C,0.1104
YJL003W,0.034
YJL004C,
YJL005W,0.0592
YJL006C,0.057
YJL007C,
YJL008C,0.0173
YJL009W,
YJL010C,0.0709
YJL011C,0.0694
YJL012C,0.0116
YJL012C-A,
YJL013C,0.1699
YJL014W,0.0107
YJL015C,
YJL016W,0.0798
YJL017W,
YJL018W,
YJL019W,0.1565
YJL020C,0.2291
YJL020W-A,
YJL021C,
YJL022W,
YJL023C,0.2244
YJL024C,0.0128
YJL025W,0.1242
YJL026C-A,
YJL026W,0.051
YJL027C,
YJL028W,
YJL029C,0.0888
YJL030W,0.0982
YJL031C,0.1456
YJL032W,
YJL033W,0.0378
YJL034W,0.1089
YJL035C,0.1486
YJL036W,0.0354
YJL037W,
YJL038C,0.13
YJL039C,0.0816
YJL041W,
YJL042W,0.0892
YJL043W,
YJL044C,0.1832
YJL045W,
YJL046W,0.1196
YJL047C,0.1582
YJL047C-A,
YJL048C,0.0955
YJL049W,0.2003
YJL050W,0.0324
YJL051W,0.1224
YJL052C-A,
YJL052W,0.0458
YJL053W,0.0556
YJL054W,0.156
YJL055W,0.1366
YJL056C,0.2228
YJL057C,0.1155
YJL058C,0.0946
YJL059W,0.1126
YJL060W,0.0158
YJL061W,
YJL062W,0.201
YJL062W-A,
YJL063C,0.2098
YJL064W,
YJL065C,0.1735
YJL066C,0.1696
YJL067W,
YJL068C,0.1516
YJL069C,0.0942
YJL070C,0.0972
YJL071W,0.1013
YJL072C,0.042
YJL073W,0.2775
YJL074C,0.0555
YJL075C,
YJL076W,0.1768
YJL077C,
YJL077W-A,
YJL077W-B,
YJL078C,0.0275
YJL079C,0.0813
YJL080C,0.0538
YJL081C,0.0477
YJL082W,0.0239
YJL083W,0.1133
YJL084C,0.0698
YJL085W,0.0292
YJL086C,
YJL087C,0.1314
YJL088W,0.0337
YJL089W,0.1745
YJL090C,0.1541
YJL091C,0.1769
YJL092W,0.0803
YJL093C,0.0791
YJL094C,0.0481
YJL095W,0.0894
YJL096W,0.1464
YJL097W,0.1978
YJL098W,0.1693
YJL099W,0.1751
YJL100W,0.1585
YJL101C,0.0715
YJL102W,0.1168
YJL103C,0.1327
YJL104W,0.0888
YJL105W,0.1637
YJL106W,0.0448
YJL107C,
YJL108C,0.0139
YJL109C,0.0826
YJL110C,0.1432
YJL111W,0.0197
YJL112W,0.1569
YJL113W,
YJL114W,
YJL115W,0.0281
YJL116C,0.0553
YJL117W,0.0823
YJL118W,
YJL119C,
YJL120W,
YJL121C,0.0195
YJL122W,0.0757
YJL123C,0.1586
YJL124C,0.0638
YJL125C,0.1167
YJL126W,0.2154
YJL127C,0.1468
YJL127C-B,
YJL127W-A,
YJL128C,0.0729
YJL129C,0.0908
YJL130C,0.0214
YJL131C,0.1272
YJL132W,0.1839
YJL133C-A,0.0267
YJL133W,0.0289
YJL134W,0.0555
YJL135W,
YJL136C,0.001
YJL136W-A,
YJL137C,0.2232
YJL138C,
YJL139C,0.0627
YJL140W,0.0203
YJL141C,0.0726
YJL142C,
YJL143W,0.0132
YJL144W,
YJL145W,0.0573
YJL146W,0.0748
YJL147C,0.2643
YJL148W,0.1208
YJL149W,0.07
YJL150W,
YJL151C,0.0518
YJL152W,
YJL153C,0.0573
YJL154C,0.0679
YJL155C,0.0501
YJL156C,0.0803
YJL156W-A,
YJL157C,0.1571
YJL158C,0.1099
YJL159W,0.0425
YJL160C,0.1565
YJL161W,0.1659
YJL162C,0.2161
YJL163C,0.0782
YJL164C,0.0636
YJL165C,0.0595
YJL166W,0.001
YJL167W,0.0376
YJL168C,0.081
YJL169W,
YJL170C,0.294
YJL171C,0.0413
YJL172W,0.0414
YJL173C,0.0287
YJL174W,0.1669
YJL175W,
YJL176C,0.2225
YJL177W,0.0149
YJL178C,0.2214
YJL179W,0.038
YJL180C,0.1042
YJL181W,0.3822
YJL182C,
YJL183W,0.0841
YJL184W,0.0562
YJL185C,0.1421
YJL186W,0.1271
YJL187C,0.0762
YJL188C,
YJL189W,0.001
YJL190C,0.001
YJL191W,0.001
YJL192C,0.0305
YJL193W,0.1042
YJL194W,0.0903
YJL195C,
YJL196C,
YJL197C-A,
YJL197W,0.136
YJL198W,0.0356
YJL199C,
YJL200C,0.0304
YJL201W,0.0765
YJL202C,
YJL203W,0.3149
YJL204C,0.0973
YJL205C,
YJL206C,0.0911
YJL206C-A,
YJL207C,0.0963
YJL208C,0.0692
YJL209W,0.146
YJL210W,
YJL211C,
YJL212C,0.0325
YJL213W,0.0556
YJL214W,0.0622
YJL215C,
YJL216C,0.0263
YJL217W,0.0902
YJL218W,0.0938
YJL219W,0.0326
YJL220W,
YJL221C,
YJL222W,0.2482
YJL222W-A,
YJL222W-B,
YJL223C,
YJL225C,
YJL225W-A,
YJR001W,0.0403
YJR002W,0.2845
YJR003C,0.2411
YJR004C,0.4651
YJR005C-A,0.0799
YJR005W,0.0537
YJR006W,0.102
YJR007W,0.001
YJR008W,0.1466
YJR009C,0.0151
YJR010CA,
YJR010C-A,
YJR010W,0.016
YJR011C,0.0902
YJR012C,0.2971
YJR013W,0.1704
YJR014W,0.0509
YJR015W,0.1424
YJR016C,0.0113
YJR017C,0.0639
YJR018W,
YJR019C,0.0198
YJR020W,
YJR021C,0.208
YJR022W,0.0781
YJR023C,
YJR024C,0.0551
YJR025C,0.0284
YJR026W,
YJR027W,
YJR028W,0.0676
YJR029W,
YJR030C,0.2413
YJR031C,0.1577
YJR032W,0.0965
YJR033C,0.093
YJR034W,0.001
YJR035W,0.1083
YJR036C,0.12
YJR037W,
YJR038C,
YJR039W,0.2637
YJR040W,0.0521
YJR041C,0.2341
YJR042W,0.1255
YJR043C,0.126
YJR044C,
YJR045C,0.0085
YJR046W,0.1263
YJR047C,0.0071
YJR048W,0.001
YJR049C,0.0292
YJR050W,0.1266
YJR051W,0.0795
YJR052W,0.0927
YJR053W,0.1254
YJR054W,0.1536
YJR055W,
YJR056C,0.1264
YJR057W,0.1146
YJR058C,0.001
YJR059W,0.0681
YJR060W,0.1525
YJR061W,0.0138
YJR062C,0.1283
YJR063W,0.0262
YJR064W,0.0079
YJR065C,0.0109
YJR066W,0.0364
YJR067C,0.0425
YJR068W,0.0463
YJR069C,0.0509
YJR070C,0.0229
YJR071W,
YJR072C,0.0174
YJR073C,0.0678
YJR074W,0.1444
YJR075W,0.0509
YJR076C,0.0283
YJR077C,0.029
YJR078W,0.141
YJR079W,
YJR080C,0.1669
YJR082C,0.0743
YJR083C,0.1991
YJR084W,0.1394
YJR085C,0.0171
YJR086W,0.1897
YJR087W,
YJR088C,0.0976
YJR089W,0.3174
YJR090C,0.0622
YJR091C,0.0626
YJR092W,0.2438
YJR093C,0.0965
YJR094C,0.1886
YJR094WA,
YJR094W-A,
YJR095W,0.0203
YJR096W,0.0764
YJR097W,0.1223
YJR098C,0.1262
YJR099W,0.1335
YJR100C,0.0514
YJR101W,0.079
YJR102C,0.1046
YJR103W,0.0559
YJR104C,0.0576
YJR105W,0.0442
YJR106W,0.1082
YJR107W,0.0586
YJR108W,0.2529
YJR109C,0.0258
YJR110W,0.077
YJR111C,0.0312
YJR112W,0.0625
YJR112W-A,
YJR113C,0.1081
YJR114W,
YJR115W,
YJR116W,0.0465
YJR117W,0.0558
YJR118C,0.2603
YJR119C,0.1489
YJR120W,
YJR121W,0.0029
YJR122W,0.2478
YJR123W,0.001
YJR124C,0.0742
YJR125C,0.0945
YJR126C,0.0883
YJR127C,0.1259
YJR128W,
YJR129C,0.2024
YJR130C,0.0771
YJR131W,0.136
YJR132W,0.0833
YJR133W,0.0189
YJR134C,0.1637
YJR135C,0.3434
YJR135W-A,
YJR136C,0.2807
YJR137C,0.0476
YJR138W,0.0733
YJR139C,0.0278
YJR140C,0.0779
YJR140W-A,
YJR141W,0.3977
YJR142W,0.1149
YJR143C,0.0673
YJR144W,0.0942
YJR145C,0.001
YJR146W,
YJR147W,0.242
YJR148W,0.1396
YJR149W,0.1042
YJR150C,0.2448
YJR151C,0.3472
YJR151W-A,
YJR152W,0.0466
YJR153W,0.0416
YJR154W,0.1499
YJR155W,
YJR156C,
YJR157W,
YJR158W,0.0822
YJR159W,0.0766
YJR160C,
YJR161C,
YJR162C,
YKL001C,0.001
YKL002W,0.0301
YKL003C,0.0619
YKL004W,0.0218
YKL005C,0.1498
YKL006CA,
YKL006C-A,0.0511
YKL006W,
YKL007W,0.085
YKL008C,0.0048
YKL009W,0.0423
YKL010C,0.1029
YKL011C,0.1151
YKL012W,0.1412
YKL013C,0.001
YKL014C,0.1946
YKL015W,0.072
YKL016C,0.0762
YKL017C,0.0817
YKL018C-A,
YKL018W,
YKL019W,0.1104
YKL020C,0.1154
YKL021C,0.0653
YKL022C,
YKL023C-A,
YKL023W,0.2468
YKL024C,0.0518
YKL025C,
YKL026C,0.1086
YKL027W,0.0767
YKL028W,0.085
YKL029C,0.0264
YKL030W,
YKL031W,
YKL032C,0.0242
YKL033W,0.1814
YKL033WA,
YKL033W-A,0.0767
YKL034W,0.0458
YKL035W,0.0095
YKL036C,
YKL037W,
YKL038W,0.1023
YKL039W,0.0809
YKL040C,0.0985
YKL041W,0.0538
YKL042W,0.1022
YKL043W,0.1616
YKL044W,
YKL045W,0.039
YKL046C,0.0184
YKL047W,0.1813
YKL048C,0.1808
YKL049C,0.0814
YKL050C,0.2301
YKL051W,0.0858
YKL052C,0.2449
YKL053CA,
YKL053C-A,
YKL053W,
YKL054C,0.1126
YKL055C,0.2547
YKL056C,0.015
YKL057C,0.0236
YKL058W,0.0118
YKL059C,0.0448
YKL060C,0.151
YKL061W,0.0467
YKL062W,0.0875
YKL063C,0.2055
YKL064W,0.0238
YKL065C,0.1526
YKL065W-A,
YKL066W,
YKL067W,0.0547
YKL068W,0.2664
YKL068W-A,0.1112
YKL069W,0.0978
YKL070W,
YKL071W,0.1279
YKL072W,0.0873
YKL073W,0.0924
YKL074C,0.1902
YKL075C,0.0957
YKL076C,
YKL077W,0.1859
YKL078W,0.0701
YKL079W,0.137
YKL080W,0.0087
YKL081W,0.037
YKL082C,0.0767
YKL083W,
YKL084W,
YKL085W,0.0186
YKL086W,
YKL087C,0.1161
YKL088W,0.1067
YKL089W,0.0678
YKL090W,0.1903
YKL091C,0.0305
YKL092C,0.1623
YKL093W,0.1772
YKL094W,0.0582
YKL095W,0.1228
YKL096C-B,
YKL096W,
YKL096WA,
YKL096W-A,0.0538
YKL097C,
YKL097W-A,
YKL098W,0.1425
YKL099C,0.0962
YKL100C,0.0973
YKL100W-A,
YKL101W,0.1539
YKL102C,
YKL103C,0.0565
YKL104C,0.0044
YKL105C,0.3325
YKL106C-A,
YKL106W,0.0703
YKL107W,0.0397
YKL108W,0.172
YKL109W,0.1354
YKL110C,0.0479
YKL111C,
YKL112W,0.0876
YKL113C,0.0152
YKL114C,0.053
YKL115C,
YKL116C,0.1302
YKL117W,0.0123
YKL118W,
YKL119C,0.0977
YKL120W,0.0309
YKL121W,0.0973
YKL122C,0.1952
YKL123W,
YKL124W,0.0674
YKL125W,0.0736
YKL126W,0.0268
YKL127W,0.0902
YKL128C,0.1156
YKL129C,0.072
YKL130C,0.0416
YKL131W,
YKL132C,0.2181
YKL133C,0.2406
YKL134C,0.0808
YKL135C,0.0563
YKL136W,
YKL137W,0.0365
YKL138C,0.0295
YKL138C-A,
YKL139W,0.1166
YKL140W,0.0433
YKL141W,0.079
YKL142W,0.0399
YKL143W,0.0505
YKL144C,0.0123
YKL145W,0.0163
YKL145W-A,
YKL146W,0.0999
YKL147C,
YKL148C,0.0184
YKL149C,0.147
YKL150W,0.0475
YKL151C,0.0295
YKL152C,0.0095
YKL153W,
YKL154W,0.142
YKL155C,0.1467
YKL156C-A,
YKL156W,
YKL157W,0.0558
YKL158W,
YKL159C,0.137
YKL160W,0.0173
YKL161C,0.2157
YKL162C,0.1849
YKL162C-A,
YKL163W,0.0265
YKL164C,0.0142
YKL165C,0.0579
YKL165C-A,
YKL166C,0.0408
YKL167C,0.0554
YKL168C,0.1381
YKL169C,
YKL170W,0.001
YKL171W,0.1121
YKL172W,0.1112
YKL173W,0.1423
YKL174C,0.0512
YKL175W,0.1784
YKL176C,0.0679
YKL177W,
YKL178C,0.0892
YKL179C,0.0659
YKL180W,0.0398
YKL181W,0.0121
YKL182W,0.0157
YKL183C-A,
YKL183W,0.0982
YKL184W,0.0886
YKL185W,0.1089
YKL186C,0.0518
YKL187C,0.1084
YKL188C,0.064
YKL189W,0.0283
YKL190W,0.015
YKL191W,0.1336
YKL192C,0.0328
YKL193C,0.1033
YKL194C,0.0722
YKL195W,0.2322
YKL196C,0.001
YKL197C,0.1627
YKL198C,0.1303
YKL199C,
YKL200C,
YKL201C,0.0947
YKL202W,
YKL203C,0.019
YKL204W,0.1528
YKL205W,0.0569
YKL206C,0.1161
YKL207W,0.0206
YKL208W,0.2006
YKL209C,0.1365
YKL210W,0.0328
YKL211C,0.0406
YKL212W,0.0495
YKL213C,0.0853
YKL214C,0.0987
YKL215C,0.0529
YKL216W,0.0271
YKL217W,0.0252
YKL218C,0.0901
YKL219W,
YKL220C,0.109
YKL221W,0.1412
YKL222C,0.1845
YKL223W,
YKL224C,
YKL225W,
YKR001C,0.0246
YKR002W,0.0201
YKR003W,0.0578
YKR004C,0.1992
YKR005C,0.312
YKR006C,0.2891
YKR007W,0.1768
YKR008W,0.0846
YKR009C,0.0693
YKR010C,0.3352
YKR011C,0.1547
YKR012C,
YKR013W,0.1308
YKR014C,0.0236
YKR015C,0.2547
YKR016W,0.1252
YKR017C,0.045
YKR018C,0.0384
YKR019C,0.1729
YKR020W,0.1987
YKR021W,0.0926
YKR022C,0.2773
YKR023W,0.1508
YKR024C,0.0692
YKR025W,0.0965
YKR026C,0.004
YKR027W,0.1139
YKR028W,0.1369
YKR029C,0.1705
YKR030W,
YKR031C,0.0732
YKR032W,
YKR033C,
YKR034W,0.0664
YKR035C,
YKR035W-A,0.0037
YKR036C,0.2294
YKR037C,0.0265
YKR038C,0.0217
YKR039W,0.0364
YKR040C,
YKR041W,0.2909
YKR042W,0.0293
YKR043C,0.0259
YKR044W,0.1524
YKR045C,0.0862
YKR046C,0.056
YKR047W,
YKR048C,0.0548
YKR049C,
YKR050W,0.1735
YKR051W,0.077
YKR052C,0.0155
YKR053C,0.1669
YKR054C,0.1546
YKR055W,0.0804
YKR056W,0.1099
YKR057W,0.0012
YKR058W,0.3582
YKR059W,0.0014
YKR060W,0.1807
YKR061W,0.0943
YKR062W,0.0223
YKR063C,0.1442
YKR064W,0.1308
YKR065C,0.0464
YKR066C,0.0319
YKR067W,0.0629
YKR068C,0.012
YKR069W,0.088
YKR070W,0.0648
YKR071C,0.1444
YKR072C,0.087
YKR073C,
YKR074W,0.1056
YKR075C,0.2084
YKR075W-A,
YKR076W,0.0791
YKR077W,0.142
YKR078W,0.1831
YKR079C,0.083
YKR080W,0.0314
YKR081C,0.0386
YKR082W,0.0842
YKR083C,0.1188
YKR084C,0.1183
YKR085C,0.2019
YKR086W,0.0933
YKR087C,0.0608
YKR088C,0.0719
YKR089C,0.0489
YKR090W,0.2131
YKR091W,0.206
YKR092C,0.1987
YKR093W,0.0251
YKR094C,0.001
YKR095W,0.148
YKR095W-A,
YKR096W,0.1304
YKR097W,0.0074
YKR098C,0.1171
YKR099W,0.0903
YKR100C,0.1556
YKR101W,0.2966
YKR102W,0.225
YKR103W,0.1982
YKR104W,
YKR105C,
YKR106W,0.1697
YLL001W,0.0307
YLL002W,0.181
YLL003W,0.2245
YLL004W,0.06
YLL005C,0.181
YLL006W,0.1048
YLL006W-A,
YLL007C,0.1498
YLL008W,0.0429
YLL009C,
YLL010C,0.103
YLL011W,0.0284
YLL012W,0.0652
YLL013C,0.1081
YLL014W,
YLL015W,0.0603
YLL016W,
YLL017W,
YLL018C,0.0149
YLL018CA,
YLL018C-A,0.119
YLL019C,0.0439
YLL019W-A,
YLL020C,
YLL021W,0.2676
YLL022C,0.2274
YLL023C,0.0973
YLL024C,0.0068
YLL025W,0.0211
YLL026W,0.0061
YLL027W,0.1216
YLL028W,0.0371
YLL029W,0.0725
YLL030C,
YLL031C,0.0459
YLL032C,0.1597
YLL033W,0.1966
YLL034C,0.0488
YLL035W,0.1116
YLL036C,0.2278
YLL037W,
YLL038C,0.0593
YLL039C,0.0093
YLL040C,0.0467
YLL041C,0.0217
YLL042C,
YLL043W,0.0255
YLL044W,
YLL045C,0.0192
YLL046C,0.1266
YLL047W,
YLL048C,0.0503
YLL049W,0.4338
YLL050C,0.0072
YLL051C,0.1857
YLL052C,
YLL053C,
YLL054C,0.1903
YLL055W,0.0312
YLL056C,0.1875
YLL057C,0.0552
YLL058W,0.1351
YLL059C,
YLL060C,
YLL061W,0.0287
YLL062C,0.1646
YLL063C,
YLL064C,
YLL065W,
YLL066C,0.4289
YLL066W-A,
YLL066W-B,
YLL067C,
YLL067W-A,
YLR001C,0.0164
YLR002C,0.0832
YLR003C,0.137
YLR004C,0.0342
YLR005W,0.0321
YLR006C,0.1414
YLR007W,0.1969
YLR008C,0.082
YLR009W,0.0075
YLR010C,
YLR011W,0.1521
YLR012C,0.1025
YLR013W,
YLR014C,0.1285
YLR015W,0.0981
YLR016C,0.1546
YLR017W,0.0143
YLR018C,0.167
YLR019W,0.1108
YLR020C,0.0505
YLR021W,0.2136
YLR022C,0.0828
YLR023C,0.1099
YLR024C,0.1093
YLR025W,0.0994
YLR026C,0.0732
YLR027C,0.0486
YLR028C,0.0173
YLR029C,0.2009
YLR030W,0.2748
YLR031W,
YLR032W,0.139
YLR033W,0.1095
YLR034C,0.0354
YLR035C,0.3501
YLR035C-A,0.0771
YLR036C,
YLR037C,
YLR038C,0.001
YLR039C,0.0855
YLR040C,0.2474
YLR041W,
YLR042C,
YLR043C,0.001
YLR044C,0.0133
YLR045C,0.0974
YLR046C,
YLR047C,0.0808
YLR048W,0.001
YLR049C,0.0962
YLR050C,
YLR051C,0.1322
YLR052W,0.0871
YLR053C,
YLR054C,0.108
YLR055C,0.0929
YLR056W,0.0369
YLR057W,0.2237
YLR058C,0.0049
YLR059C,0.0517
YLR060W,0.0223
YLR061W,0.1472
YLR062C,
YLR063W,0.0886
YLR064W,0.0675
YLR065C,0.1044
YLR066W,0.0357
YLR067C,0.0931
YLR068W,0.0451
YLR069C,0.0348
YLR070C,0.1862
YLR071C,
YLR072W,0.0632
YLR073C,0.1593
YLR074C,0.1733
YLR075W,0.0521
YLR076C,
YLR077W,0.1363
YLR078C,0.0458
YLR079W,0.2193
YLR080W,0.1308
YLR081W,0.0257
YLR082C,0.1601
YLR083C,0.0871
YLR084C,0.1508
YLR085C,0.0695
YLR086W,0.114
YLR087C,0.0391
YLR088W,0.0782
YLR089C,0.0232
YLR090W,0.1718
YLR091W,0.2647
YLR092W,0.044
YLR093C,0.035
YLR094C,0.1605
YLR095C,0.1687
YLR096W,0.1004
YLR097C,0.1751
YLR098C,0.0591
YLR099C,0.0274
YLR099W-A,
YLR100W,0.0397
YLR101C,
YLR102C,0.1178
YLR103C,0.0699
YLR104W,0.1104
YLR105C,0.108
YLR106C,0.1053
YLR107W,0.0798
YLR108C,0.1688
YLR109W,0.0136
YLR110C,0.0273
YLR111W,
YLR112W,
YLR113W,0.0323
YLR114C,0.1596
YLR115W,0.1134
YLR116W,0.0882
YLR117C,0.1357
YLR118C,0.0752
YLR119W,0.1255
YLR120C,0.1758
YLR120W-A,
YLR121C,0.0945
YLR122C,
YLR123C,
YLR124W,
YLR125W,0.3672
YLR126C,0.0788
YLR127C,0.1395
YLR128W,0.319
YLR129W,0.0549
YLR130C,0.0962
YLR131C,0.169
YLR132C,0.3407
YLR133W,0.1026
YLR134W,0.0233
YLR135W,0.2864
YLR136C,0.0986
YLR137W,0.3432
YLR138W,0.0517
YLR139C,0.1791
YLR140W,
YLR141W,0.2411
YLR142W,0.0728
YLR143W,0.1748
YLR144C,0.1221
YLR145W,0.2835
YLR146C,0.1107
YLR146W-A,
YLR147C,0.0071
YLR148W,0.1075
YLR149C,0.0822
YLR149C-A,
YLR150W,0.1178
YLR151C,0.0749
YLR152C,0.1312
YLR153C,0.0069
YLR154C,0.1538
YLR154C-G,
YLR154C-H,
YLR154W-A,
YLR154W-B,
YLR154W-C,
YLR154W-E,
YLR154W-F,
YLR155C,
YLR156C-A,
YLR156W,
YLR157C,
YLR157C-B,
YLR157C-C,
YLR157W-D,
YLR157W-E,
YLR158C,
YLR159C-A,
YLR159W,
YLR160C,
YLR161W,
YLR162W,
YLR162W-A,
YLR163C,0.0295
YLR163W-A,
YLR164W,
YLR165C,0.1517
YLR166C,0.0478
YLR167W,0.0305
YLR168C,0.0163
YLR169W,
YLR170C,0.0521
YLR171W,
YLR172C,0.0257
YLR173W,0.1869
YLR174W,0.0206
YLR175W,0.0329
YLR176C,0.1161
YLR177W,0.1226
YLR178C,0.0596
YLR179C,
YLR180W,0.0069
YLR181C,0.248
YLR182W,0.1098
YLR183C,0.1782
YLR184W,
YLR185W,0.001
YLR186W,0.015
YLR187W,0.1725
YLR188W,0.081
YLR189C,0.0923
YLR190W,0.1772
YLR191W,0.1121
YLR192C,0.0448
YLR193C,0.0277
YLR194C,0.2807
YLR195C,0.0561
YLR196W,0.0532
YLR197W,0.017
YLR198C,
YLR199C,0.203
YLR200W,0.1288
YLR201C,0.0906
YLR202C,
YLR203C,0.0422
YLR204W,
YLR205C,0.1008
YLR206W,0.121
YLR207W,0.1056
YLR208W,0.0168
YLR209C,0.0483
YLR210W,0.1248
YLR211C,0.1122
YLR212C,0.0801
YLR213C,0.125
YLR214W,0.0752
YLR215C,0.085
YLR216C,0.0351
YLR217W,
YLR218C,0.0926
YLR219W,0.2343
YLR220W,0.0533
YLR221C,0.2115
YLR222C,0.0526
YLR222C-A,
YLR223C,0.0812
YLR224W,0.1405
YLR225C,0.045
YLR226W,0.0662
YLR227C,0.1839
YLR227W-B,
YLR228C,0.0675
YLR229C,0.0184
YLR230W,
YLR231C,0.0886
YLR232W,
YLR233C,0.2791
YLR234W,0.0437
YLR235C,
YLR236C,
YLR237W,0.0542
YLR238W,0.1429
YLR239C,0.1125
YLR240W,0.0383
YLR241W,0.0475
YLR242C,
YLR243W,0.0302
YLR244C,0.152
YLR245C,0.0641
YLR246W,
YLR247C,0.1701
YLR248W,0.0897
YLR249W,0.0144
YLR250W,0.0802
YLR251W,0.0973
YLR252W,
YLR253W,0.051
YLR254C,0.1254
YLR255C,
YLR256W,0.0674
YLR256W-A,
YLR257W,0.059
YLR258W,0.0141
YLR259C,0.008
YLR260W,0.0557
YLR261C,
YLR262C,0.0344
YLR262CA,
YLR262C-A,0.2125
YLR263W,0.1736
YLR264C-A,
YLR264W,0.001
YLR265C,0.3661
YLR266C,0.2237
YLR267W,0.1721
YLR268W,0.0227
YLR269C,
YLR270W,0.0099
YLR271W,0.2813
YLR272C,0.0617
YLR273C,0.2646
YLR274W,0.0372
YLR275W,
YLR276C,0.0625
YLR277C,0.0659
YLR278C,0.1153
YLR279W,
YLR280C,
YLR281C,
YLR282C,
YLR283W,0.1348
YLR284C,0.0925
YLR285C-A,
YLR285W,0.063
YLR286C,0.174
YLR286W-A,
YLR287C,0.1548
YLR287C-A,
YLR288C,0.0424
YLR289W,0.0345
YLR290C,0.121
YLR291C,0.0215
YLR292C,0.0308
YLR293C,0.0119
YLR294C,
YLR295C,0.1021
YLR296W,
YLR297W,0.1592
YLR298C,0.1307
YLR299C-A,
YLR299W,0.0763
YLR300W,0.0328
YLR301W,0.1163
YLR302C,
YLR303W,0.0103
YLR304C,0.0068
YLR305C,0.0474
YLR306W,0.1266
YLR307C-A,
YLR307W,
YLR308W,0.0278
YLR309C,0.1379
YLR310C,0.0748
YLR311C,
YLR312C,0.2778
YLR312WA,
YLR312W-A,0.2222
YLR313C,0.5461
YLR314C,0.0748
YLR315W,0.2983
YLR316C,0.1466
YLR317W,
YLR318W,0.186
YLR319C,0.1081
YLR320W,0.2191
YLR321C,0.0457
YLR322W,
YLR323C,0.1658
YLR324W,0.069
YLR325C,0.2037
YLR326W,0.141
YLR327C,0.001
YLR328W,0.026
YLR329W,
YLR330W,0.2691
YLR331C,
YLR332W,0.1421
YLR333C,0.01
YLR334C,
YLR335W,0.2628
YLR336C,0.1355
YLR337C,0.3049
YLR338W,
YLR339C,
YLR340W,0.0412
YLR341W,0.3871
YLR342W,0.012
YLR342W-A,
YLR343W,0.1279
YLR344W,0.0362
YLR345W,0.0572
YLR346C,
YLR347C,0.0047
YLR347W-A,
YLR348C,0.0391
YLR349W,
YLR350W,0.0536
YLR351C,0.0111
YLR352W,0.0554
YLR353W,0.2156
YLR354C,0.0403
YLR355C,0.0223
YLR356W,0.1347
YLR357W,0.0432
YLR358C,
YLR359W,0.0106
YLR360W,0.1554
YLR361C,0.1979
YLR361C-A,0.1773
YLR362W,0.0681
YLR363C,0.0135
YLR363W-A,0.0177
YLR364C-A,
YLR364W,0.0431
YLR365W,
YLR366W,
YLR367W,0.001
YLR368W,0.1126
YLR369W,0.0488
YLR370C,0.0188
YLR371W,0.0456
YLR372W,0.0978
YLR373C,0.0948
YLR374C,
YLR375W,0.0584
YLR376C,0.1848
YLR377C,0.0077
YLR378C,0.0087
YLR379W,
YLR380W,0.0385
YLR381W,0.2122
YLR382C,0.1018
YLR383W,0.0484
YLR384C,0.0556
YLR385C,0.2477
YLR386W,0.0282
YLR387C,0.0897
YLR388W,
YLR389C,0.0472
YLR390W,0.0368
YLR390WA,
YLR390W-A,0.4703
YLR391W,
YLR392C,0.0799
YLR393W,0.2166
YLR394W,0.1349
YLR395C,
YLR396C,0.0854
YLR397C,0.0221
YLR398C,0.0599
YLR399C,0.0896
YLR399W-A,
YLR400W,
YLR401C,0.0762
YLR402W,
YLR403W,0.1058
YLR404W,0.1369
YLR405W,0.1289
YLR406C,
YLR406C-A,
YLR407W,0.058
YLR408C,0.1227
YLR409C,0.0635
YLR410W,0.038
YLR410W-A,
YLR410W-B,
YLR411W,0.0325
YLR412C-A,
YLR412W,0.2709
YLR413W,0.1264
YLR414C,
YLR415C,
YLR416C,
YLR417W,0.1599
YLR418C,0.0951
YLR419W,0.0967
YLR420W,0.0849
YLR421C,0.0437
YLR422W,0.0651
YLR423C,0.1033
YLR424W,0.2668
YLR425W,0.09
YLR426W,
YLR427W,0.1285
YLR428C,
YLR429W,0.129
YLR430W,0.0838
YLR431C,0.1578
YLR432W,0.0206
YLR433C,0.0904
YLR434C,
YLR435W,0.0742
YLR436C,0.1113
YLR437C,0.0733
YLR437C-A,
YLR438CA,
YLR438C-A,
YLR438W,0.0326
YLR439W,0.076
YLR440C,0.1873
YLR441C,0.001
YLR442C,0.2115
YLR443W,0.143
YLR444C,
YLR445W,0.1858
YLR446W,0.0751
YLR447C,0.0065
YLR448W,0.001
YLR449W,0.1302
YLR450W,0.0324
YLR451W,0.0738
YLR452C,0.1089
YLR453C,0.3213
YLR454W,0.0901
YLR455W,0.1009
YLR456W,0.088
YLR457C,0.112
YLR458W,
YLR459W,0.1227
YLR460C,
YLR461W,
YLR462W,
YLR463C,
YLR464W,
YLR465C,
YLR466C-A,
YLR466C-B,
YLR466W,
YLR467C-A,
YLR467W,
YML001W,0.001
YML002W,
YML003W,
YML004C,0.0986
YML005W,0.1891
YML006C,0.1253
YML007C-A,
YML007W,
YML008C,0.0579
YML009C,
YML009C-A,
YML009W-B,
YML010C-B,
YML010W,0.0606
YML010W-A,
YML010W-B,
YML011C,0.0891
YML012C-A,
YML012W,0.0883
YML013C-A,
YML013W,0.1525
YML014W,0.1647
YML015C,0.1419
YML016C,0.0569
YML017W,0.15
YML018C,0.153
YML019W,0.1685
YML020W,0.1325
YML021C,0.143
YML022W,0.1421
YML023C,0.1151
YML024W,
YML025C,0.1223
YML026C,
YML027W,0.1213
YML028W,0.0442
YML029W,0.1501
YML030W,0.0072
YML031C-A,
YML031W,0.1438
YML032C,0.1245
YML032C-A,
YML033W,
YML034C-A,
YML034W,0.1523
YML035C,0.0479
YML035C-A,
YML036W,0.2206
YML037C,0.2899
YML038C,0.1555
YML039W,
YML040W,
YML041C,0.0288
YML042W,0.1066
YML043C,0.1435
YML045W,
YML045W-A,
YML046W,0.1276
YML047C,0.1557
YML047W-A,
YML048W,0.0491
YML048W-A,
YML049C,0.1411
YML050W,0.1302
YML051W,0.0352
YML052W,0.0663
YML053C,0.2539
YML054C,0.0616
YML054C-A,
YML055W,0.0778
YML056C,
YML057C-A,
YML057W,0.0683
YML058C-A,
YML058W,0.0829
YML058W-A,
YML059C,0.2011
YML060W,0.1165
YML061C,0.0584
YML062C,0.1452
YML063W,0.001
YML064C,0.0418
YML065W,0.0946
YML066C,0.0966
YML067C,0.0476
YML068W,0.1624
YML069W,0.0226
YML070W,0.0408
YML071C,0.2242
YML072C,0.0668
YML073C,0.0225
YML074C,0.0836
YML075C,0.0364
YML076C,0.1165
YML077W,0.0236
YML078W,0.0344
YML079W,0.0736
YML080W,0.0558
YML081CA,
YML081C-A,0.1159
YML081W,0.0971
YML082W,0.0646
YML083C,0.1566
YML084W,
YML085C,0.001
YML086C,0.0557
YML087C,0.0895
YML088W,0.1106
YML089C,
YML090W,
YML091C,0.0822
YML092C,0.0072
YML093W,0.0766
YML094C-A,
YML094W,0.0446
YML095C,
YML095C-A,
YML096W,0.1878
YML097C,0.121
YML098W,0.0321
YML099C,0.0631
YML099W-A,
YML100W,0.0386
YML100WA,
YML100W-A,
YML101C,0.3642
YML101C-A,
YML102C-A,
YML102W,0.1088
YML103C,0.1492
YML104C,0.1146
YML105C,0.0413
YML106W,0.0176
YML107C,0.2645
YML108W,0.0535
YML109W,0.222
YML110C,0.0348
YML111W,0.0513
YML112W,0.1046
YML113W,0.187
YML114C,0.1357
YML115C,0.0585
YML116W,0.0809
YML116W-A,
YML117W,0.1272
YML117W-A,
YML118W,0.1796
YML119W,0.1683
YML120C,0.0229
YML121W,0.0109
YML122C,
YML123C,0.1559
YML124C,0.0116
YML125C,0.1062
YML126C,0.0372
YML127W,0.0496
YML128C,0.0506
YML129C,0.001
YML130C,0.0699
YML131W,0.0958
YML132W,
YML133C,
YML133W-A,
YML133W-B,
YMR001C,0.0245
YMR001C-A,
YMR002W,0.0626
YMR003W,
YMR004W,0.0439
YMR005W,0.1285
YMR006C,0.0505
YMR007W,
YMR008C,0.0442
YMR009W,0.1818
YMR010W,0.0381
YMR011W,0.0273
YMR012W,
YMR013C,0.1826
YMR013C-A,
YMR013W-A,
YMR014W,0.227
YMR015C,0.0256
YMR016C,0.1736
YMR017W,0.2344
YMR018W,0.306
YMR019W,0.1488
YMR020W,0.1215
YMR021C,0.1071
YMR022W,
YMR023C,0.1706
YMR024W,0.0615
YMR025W,0.2101
YMR026C,0.2103
YMR027W,0.0897
YMR028W,
YMR029C,0.2209
YMR030W,0.1397
YMR030W-A,
YMR031C,0.1143
YMR031WA,
YMR031W-A,
YMR032W,0.1115
YMR033W,0.0614
YMR034C,0.0654
YMR035W,
YMR036C,0.148
YMR037C,0.1034
YMR038C,0.0917
YMR039C,0.0518
YMR040W,
YMR041C,0.1635
YMR042W,0.1215
YMR043W,
YMR044W,0.1614
YMR045C,
YMR046C,
YMR046W-A,
YMR047C,0.2512
YMR048W,0.2366
YMR049C,0.065
YMR050C,
YMR051C,
YMR052C-A,
YMR052W,0.1441
YMR053C,0.0739
YMR054W,0.0421
YMR055C,0.0075
YMR056C,0.0797
YMR057C,
YMR058W,0.0247
YMR059W,0.3348
YMR060C,0.2281
YMR061W,0.0771
YMR062C,0.05
YMR063W,
YMR064W,0.2261
YMR065W,0.1864
YMR066W,
YMR067C,0.2461
YMR068W,0.0935
YMR069W,
YMR070W,0.1179
YMR071C,
YMR072W,0.0314
YMR073C,0.1492
YMR074C,0.1051
YMR075CA,
YMR075C-A,
YMR075W,0.1211
YMR076C,0.0719
YMR077C,0.0954
YMR078C,0.1505
YMR079W,0.0287
YMR080C,0.0257
YMR081C,0.1113
YMR082C,
YMR083W,0.0115
YMR084W,
YMR085W,
YMR086C-A,
YMR086W,0.3259
YMR087W,
YMR088C,0.0491
YMR089C,0.0355
YMR090W,0.0709
YMR091C,0.0781
YMR092C,0.0672
YMR093W,0.0243
YMR094W,0.1782
YMR095C,0.2356
YMR096W,0.0743
YMR097C,0.1916
YMR098C,0.3126
YMR099C,0.0255
YMR100W,0.0806
YMR101C,0.1065
YMR102C,0.0384
YMR103C,
YMR104C,0.0745
YMR105C,0.0155
YMR105W-A,
YMR106C,0.1668
YMR107W,0.0522
YMR108W,0.0273
YMR109W,0.0231
YMR110C,0.1016
YMR111C,0.1122
YMR112C,0.0775
YMR113W,0.1182
YMR114C,0.2006
YMR115W,0.0954
YMR116C,0.001
YMR117C,0.0605
YMR118C,0.2036
YMR119W,0.1566
YMR119WA,
YMR119W-A,
YMR120C,0.0078
YMR121C,
YMR122C,
YMR122W-A,
YMR123W,0.1458
YMR124W,0.1745
YMR125W,0.0837
YMR126C,0.0516
YMR127C,0.0963
YMR128W,0.0904
YMR129W,0.0715
YMR130W,0.1707
YMR131C,0.0371
YMR132C,0.1673
YMR133W,0.3646
YMR134W,
YMR135C,0.0879
YMR135W-A,
YMR136W,0.2277
YMR137C,0.1826
YMR138W,
YMR139W,0.0393
YMR140W,0.0978
YMR141C,
YMR141W-A,
YMR142C,0.0811
YMR143W,
YMR144W,0.1391
YMR145C,0.0317
YMR146C,0.0056
YMR147W,0.2978
YMR148W,0.1616
YMR149W,0.2411
YMR150C,0.0418
YMR151W,
YMR152W,0.0939
YMR153CA,
YMR153C-A,
YMR153W,0.2846
YMR154C,0.1931
YMR155W,0.1347
YMR156C,0.1638
YMR157C,0.1978
YMR158C-A,
YMR158W,0.0348
YMR158W-A,
YMR158W-B,
YMR159C,0.1621
YMR160W,0.1073
YMR161W,0.0298
YMR162C,0.0523
YMR163C,0.2364
YMR164C,0.1742
YMR165C,0.1227
YMR166C,0.073
YMR167W,0.1123
YMR168C,0.091
YMR169C,0.0513
YMR170C,0.0563
YMR171C,0.0753
YMR172CA,
YMR172C-A,
YMR172W,0.1547
YMR173W,0.1198
YMR173WA,
YMR173W-A,
YMR174C,0.1241
YMR175W,0.1964
YMR175W-A,
YMR176W,0.2616
YMR177W,0.1274
YMR178W,0.0288
YMR179W,0.165
YMR180C,0.3819
YMR181C,0.0872
YMR182C,0.1496
YMR182W-A,
YMR183C,0.0076
YMR184W,0.1462
YMR185W,0.239
YMR186W,0.0067
YMR187C,
YMR188C,0.0572
YMR189W,0.0725
YMR190C,0.1098
YMR191W,0.2717
YMR192W,0.2831
YMR193C-A,
YMR193W,0.0922
YMR194C-A,
YMR194C-B,
YMR194W,0.0661
YMR195W,
YMR196W,0.0332
YMR197C,0.0361
YMR198W,0.1924
YMR199W,0.0622
YMR200W,0.0487
YMR201C,0.1755
YMR202W,0.0556
YMR203W,0.0399
YMR204C,0.1387
YMR205C,0.0138
YMR206W,0.2562
YMR207C,0.1717
YMR208W,0.0627
YMR209C,0.2562
YMR210W,0.0846
YMR211W,0.1241
YMR212C,0.0624
YMR213W,0.1962
YMR214W,
YMR215W,0.07
YMR216C,0.1062
YMR217W,0.0063
YMR218C,0.1202
YMR219W,0.4696
YMR220W,0.1234
YMR221C,0.0844
YMR222C,0.0795
YMR223W,0.0774
YMR224C,0.1123
YMR225C,0.1108
YMR226C,0.0277
YMR227C,0.0878
YMR228W,0.0573
YMR229C,0.0756
YMR230W,0.001
YMR230W-A,
YMR231W,0.0674
YMR232W,0.1205
YMR233W,0.1304
YMR234W,0.1422
YMR235C,0.0408
YMR236W,0.047
YMR237W,0.0598
YMR238W,0.0589
YMR239C,0.0546
YMR240C,0.1832
YMR241W,0.0122
YMR242C,
YMR242W-A,
YMR243C,0.0342
YMR244CA,
YMR244C-A,0.065
YMR244W,0.0591
YMR245W,
YMR246W,0.0519
YMR247C,0.1828
YMR247W-A,
YMR250W,0.0323
YMR251W,
YMR251WA,
YMR251W-A,0.0557
YMR252C,0.0817
YMR253C,0.1038
YMR254C,
YMR255W,0.1333
YMR256C,
YMR257C,0.1585
YMR258C,0.2127
YMR259C,0.2238
YMR260C,0.001
YMR261C,0.0478
YMR262W,0.2123
YMR263W,0.0618
YMR264W,0.1096
YMR265C,0.2707
YMR266W,0.0665
YMR267W,0.095
YMR268C,0.1836
YMR269W,0.1418
YMR270C,0.1087
YMR271C,0.0799
YMR272C,0.0237
YMR272W-A,
YMR272W-B,
YMR273C,0.1858
YMR274C,
YMR275C,
YMR276W,0.125
YMR277W,0.0441
YMR278W,0.0694
YMR279C,0.0633
YMR280C,0.132
YMR281W,0.1523
YMR282C,0.2165
YMR283C,0.1029
YMR284W,0.0863
YMR285C,0.0823
YMR286W,0.1636
YMR287C,0.1115
YMR288W,0.0652
YMR289W,0.1651
YMR290C,0.0301
YMR290W-A,
YMR291W,0.0339
YMR292W,
YMR293C,0.1012
YMR294W,0.1663
YMR294WA,
YMR294W-A,
YMR295C,0.0308
YMR296C,0.0373
YMR297W,0.0152
YMR298W,0.0321
YMR299C,0.3545
YMR300C,0.0053
YMR301C,0.0609
YMR302C,0.033
YMR303C,0.0511
YMR304C-A,
YMR304W,0.0611
YMR305C,0.074
YMR306CA,
YMR306C-A,
YMR306W,0.0532
YMR307C-A,
YMR307W,0.034
YMR308C,0.0227
YMR309C,0.0407
YMR310C,0.1396
YMR311C,0.058
YMR312W,0.2155
YMR313C,0.0384
YMR314W,0.0098
YMR315W,0.0655
YMR315W-A,
YMR316C-A,
YMR316C-B,
YMR316W,0.2578
YMR317W,0.6527
YMR318C,0.0418
YMR319C,0.0353
YMR320W,
YMR321C,
YMR322C,0.0755
YMR323W,
YMR324C,
YMR325W,0.0138
YMR326C,
YNL001W,0.0265
YNL002C,0.0962
YNL003C,0.0401
YNL004W,0.1175
YNL005C,0.1043
YNL006W,0.001
YNL007C,0.001
YNL008C,0.2271
YNL009W,0.0973
YNL010W,0.0083
YNL011C,0.0483
YNL012W,0.0973
YNL013C,
YNL014W,0.0362
YNL015W,0.0208
YNL016W,0.0388
YNL017C,
YNL018C,
YNL019C,
YNL020C,0.1469
YNL021W,0.036
YNL022C,0.0984
YNL023C,0.1438
YNL024C,0.1296
YNL024C-A,
YNL025C,0.0173
YNL026W,0.1533
YNL027W,0.1117
YNL028W,
YNL029C,0.1443
YNL030W,
YNL031C,
YNL032W,0.0691
YNL033W,0.1794
YNL034W,0.3372
YNL035C,0.1144
YNL036W,0.0517
YNL037C,0.0124
YNL038W,0.1812
YNL039W,0.0573
YNL040W,0.1975
YNL041C,0.1457
YNL042W,0.1191
YNL042W-B,
YNL043C,
YNL044W,0.0299
YNL045W,0.0768
YNL046W,
YNL047C,0.0927
YNL048W,0.1017
YNL049C,0.0962
YNL050C,0.4833
YNL051W,0.1724
YNL052W,0.1107
YNL053W,0.1473
YNL054W,0.0884
YNL054W-A,
YNL055C,0.004
YNL056W,0.1031
YNL057W,
YNL058C,0.1495
YNL059C,0.0531
YNL061W,0.0178
YNL062C,0.0616
YNL063W,0.1983
YNL064C,0.0326
YNL065W,0.0583
YNL066W,0.0965
YNL067W,0.0185
YNL067W-A,
YNL067W-B,
YNL068C,0.0717
YNL069C,0.0374
YNL070W,
YNL071W,0.0974
YNL072W,0.0727
YNL073W,0.1629
YNL074C,0.1491
YNL075W,0.013
YNL076W,0.1508
YNL077W,0.0988
YNL078W,0.1906
YNL079C,0.0163
YNL080C,0.07
YNL081C,0.0276
YNL082W,0.1151
YNL083W,0.0944
YNL084C,0.1106
YNL085W,0.0834
YNL086W,
YNL087W,0.1028
YNL088W,0.0804
YNL089C,
YNL090W,0.0086
YNL091W,0.1628
YNL092W,0.1226
YNL093W,0.1868
YNL094W,0.0921
YNL095C,0.1596
YNL096C,0.001
YNL097C,0.04
YNL097C-B,
YNL097W-A,
YNL098C,0.1571
YNL099C,0.0386
YNL100W,0.1673
YNL101W,0.0346
YNL102W,0.0473
YNL103W,0.1437
YNL103W-A,
YNL104C,0.0301
YNL105W,
YNL106C,0.1279
YNL107W,0.1017
YNL108C,0.0774
YNL109W,
YNL110C,0.0694
YNL111C,0.0331
YNL112W,0.0471
YNL113W,0.026
YNL114C,
YNL115C,0.0556
YNL116W,0.1656
YNL117W,0.0211
YNL118C,0.1831
YNL119W,0.1265
YNL120C,
YNL121C,0.0381
YNL122C,
YNL123W,0.0425
YNL124W,0.2083
YNL125C,0.0877
YNL126W,
YNL127W,0.0835
YNL128W,0.0894
YNL129W,0.0704
YNL130C,0.0642
YNL130C-A,
YNL131W,0.0591
YNL132W,0.029
YNL133C,0.1576
YNL134C,0.0239
YNL135C,0.0163
YNL136W,0.2407
YNL137C,0.1001
YNL138W,0.0762
YNL138W-A,
YNL139C,0.1346
YNL140C,
YNL141W,0.0871
YNL142W,0.0234
YNL143C,
YNL144C,0.2041
YNL144W-A,
YNL145W,
YNL146C-A,
YNL146W,
YNL147W,0.0087
YNL148C,0.2671
YNL149C,0.1319
YNL150W,
YNL151C,0.0532
YNL152W,0.1174
YNL153C,0.1062
YNL154C,0.0239
YNL155W,0.1865
YNL156C,0.0729
YNL157W,0.0376
YNL158W,
YNL159C,0.146
YNL160W,0.0782
YNL161W,0.0265
YNL162W,
YNL162W-A,
YNL163C,0.0675
YNL164C,0.0994
YNL165W,0.0897
YNL166C,0.2912
YNL167C,0.1183
YNL168C,0.0479
YNL169C,0.0419
YNL170W,
YNL171C,
YNL172W,0.1051
YNL173C,0.3014
YNL174W,
YNL175C,0.1528
YNL176C,0.1326
YNL177C,0.035
YNL178W,0.001
YNL179C,
YNL180C,0.1189
YNL181W,0.0762
YNL182C,0.1035
YNL183C,0.0285
YNL184C,
YNL185C,0.032
YNL186W,0.1515
YNL187W,0.3021
YNL188W,0.2577
YNL189W,0.012
YNL190W,0.006
YNL191W,0.0365
YNL192W,0.0541
YNL193W,0.1652
YNL194C,0.0755
YNL195C,0.2713
YNL196C,0.2321
YNL197C,0.0879
YNL198C,
YNL199C,0.0637
YNL200C,0.0514
YNL201C,0.0863
YNL202W,0.0388
YNL203C,
YNL204C,0.0886
YNL205C,
YNL206C,0.0935
YNL207W,0.0409
YNL208W,0.1259
YNL209W,0.0045
YNL210W,0.37
YNL211C,
YNL212W,0.0657
YNL213C,0.228
YNL214W,0.2509
YNL215W,0.1448
YNL216W,0.0754
YNL217W,0.128
YNL218W,0.0653
YNL219C,0.0585
YNL220W,0.0213
YNL221C,0.1626
YNL222W,0.0369
YNL223W,0.1176
YNL224C,0.1297
YNL225C,0.1247
YNL226W,
YNL227C,0.0885
YNL228W,
YNL229C,0.0211
YNL230C,0.1909
YNL231C,0.0832
YNL232W,0.0966
YNL233W,0.1937
YNL234W,0.1136
YNL235C,
YNL236W,0.03
YNL237W,0.0989
YNL238W,0.1147
YNL239W,
YNL240C,0.1049
YNL241C,0.0283
YNL242W,0.1454
YNL243W,0.0447
YNL244C,0.001
YNL245C,
YNL246W,0.0677
YNL247W,0.1537
YNL248C,0.0427
YNL249C,0.1915
YNL250W,0.057
YNL251C,0.0531
YNL252C,0.1
YNL253W,0.0938
YNL254C,0.2924
YNL255C,0.0111
YNL256W,0.1083
YNL257C,0.0661
YNL258C,0.1527
YNL259C,
YNL260C,0.1145
YNL261W,0.0569
YNL262W,0.0505
YNL263C,0.0591
YNL264C,0.0726
YNL265C,0.0841
YNL266W,
YNL267W,0.0668
YNL268W,0.0888
YNL269W,
YNL270C,0.1066
YNL271C,0.0826
YNL272C,0.1903
YNL273W,0.1248
YNL274C,0.0968
YNL275W,0.0822
YNL276C,
YNL277W,0.0431
YNL277W-A,
YNL278W,0.176
YNL279W,0.1246
YNL280C,0.0516
YNL281W,0.087
YNL282W,0.0854
YNL283C,0.2613
YNL284C,0.113
YNL284C-A,
YNL284C-B,
YNL285W,
YNL286W,0.2174
YNL287W,0.0309
YNL288W,0.0368
YNL289W,0.0569
YNL290W,0.0337
YNL291C,0.08
YNL292W,0.106
YNL293W,0.0697
YNL294C,0.0952
YNL295W,0.1003
YNL296W,
YNL297C,0.0758
YNL298W,0.0862
YNL299W,0.1341
YNL300W,0.1664
YNL301C,0.006
YNL302C,0.1142
YNL303W,
YNL304W,0.1133
YNL305C,0.0427
YNL306W,0.1202
YNL307C,0.0392
YNL308C,0.051
YNL309W,0.1061
YNL310C,0.0161
YNL311C,0.0884
YNL312W,0.0158
YNL313C,0.0983
YNL314W,0.0818
YNL315C,0.0803
YNL316C,0.1654
YNL317W,0.0218
YNL318C,0.0794
YNL319W,
YNL320W,0.0515
YNL321W,0.0345
YNL322C,0.3388
YNL323W,0.001
YNL324W,
YNL325C,0.0549
YNL326C,99.0
YNL327W,0.6128
YNL328C,99.0
YNL329C,0.2195
YNL330C,0.001
YNL331C,0.0981
YNL332W,
YNL333W,0.0621
YNL334C,
YNL335W,0.1434
YNL336W,0.3792
YNL337W,
YNL338W,
YNL339C,
YNL339W-A,
YNL339W-B,
YNR001C,0.0181
YNR001W-A,
YNR002C,0.0213
YNR003C,0.0391
YNR003W-A,
YNR004W,0.0946
YNR005C,
YNR006W,0.161
YNR007C,0.0491
YNR008W,0.0676
YNR009W,0.2226
YNR010W,0.1218
YNR011C,0.1346
YNR012W,0.044
YNR013C,0.0474
YNR014W,0.1615
YNR015W,0.0899
YNR016C,0.0122
YNR017W,0.0433
YNR018W,0.0047
YNR019W,0.0735
YNR020C,0.0481
YNR021W,0.0765
YNR022C,0.2409
YNR023W,0.1422
YNR024W,0.2725
YNR025C,
YNR026C,0.1312
YNR027W,0.2221
YNR028W,0.2596
YNR029C,0.0888
YNR030W,0.1363
YNR031C,0.0286
YNR032CA,
YNR032C-A,
YNR032W,0.0251
YNR033W,0.115
YNR034W,
YNR034W-A,0.0148
YNR035C,0.0602
YNR036C,0.0362
YNR037C,
YNR038W,0.1711
YNR039C,0.1133
YNR040W,0.1666
YNR041C,0.0724
YNR042W,
YNR043W,0.0307
YNR044W,0.5132
YNR045W,0.127
YNR046W,0.0129
YNR047W,0.0593
YNR048W,0.1174
YNR049C,0.0609
YNR050C,0.0263
YNR051C,0.144
YNR052C,0.059
YNR053C,0.017
YNR054C,0.1129
YNR055C,0.0244
YNR056C,0.0597
YNR057C,0.2182
YNR058W,0.0582
YNR059W,0.2583
YNR060W,0.1042
YNR061C,0.2842
YNR062C,0.242
YNR063W,0.2826
YNR064C,0.1214
YNR065C,
YNR066C,0.4952
YNR067C,0.1598
YNR068C,
YNR069C,0.2388
YNR070W,0.0198
YNR071C,
YNR072W,0.0495
YNR073C,0.0257
YNR074C,0.1449
YNR075C-A,
YNR075W,0.4897
YNR076W,
YNR077C,
YOL001W,0.0654
YOL002C,0.0493
YOL003C,0.167
YOL004W,0.0905
YOL005C,0.001
YOL006C,0.0401
YOL007C,0.1079
YOL008W,0.1294
YOL009C,0.1297
YOL010W,0.0338
YOL011W,0.0598
YOL012C,0.0206
YOL013C,0.1887
YOL013W-A,
YOL013W-B,
YOL014W,0.2514
YOL015W,0.2875
YOL016C,0.044
YOL017W,0.3366
YOL018C,0.1342
YOL019W,0.1154
YOL019W-A,
YOL020W,0.0548
YOL021C,0.037
YOL022C,0.0685
YOL023W,0.0872
YOL024W,0.3516
YOL025W,0.2335
YOL026C,
YOL027C,0.1167
YOL028C,
YOL029C,0.3879
YOL030W,0.0479
YOL031C,0.1598
YOL032W,0.0692
YOL033W,0.1274
YOL034W,0.0543
YOL035C,
YOL036W,0.2323
YOL037C,
YOL038C-A,
YOL038W,0.0141
YOL039W,0.0271
YOL040C,0.1567
YOL041C,0.0943
YOL042W,0.0405
YOL043C,0.0944
YOL044W,0.2691
YOL045W,0.0661
YOL046C,
YOL047C,
YOL048C,0.1158
YOL049W,0.121
YOL050C,
YOL051W,0.083
YOL052C,
YOL052CA,
YOL052C-A,
YOL053C-A,
YOL053W,
YOL054W,0.1291
YOL055C,0.0434
YOL056W,0.1372
YOL057W,0.0645
YOL058W,0.0247
YOL059W,0.0059
YOL060C,0.0746
YOL061W,0.0143
YOL062C,0.0238
YOL063C,0.0833
YOL064C,0.0644
YOL065C,0.1499
YOL066C,0.0611
YOL067C,0.0195
YOL068C,0.0529
YOL069W,0.0392
YOL070C,0.2111
YOL071W,0.0337
YOL072W,0.1481
YOL073C,0.1084
YOL075C,0.0491
YOL076W,0.2027
YOL077C,0.0141
YOL077W-A,0.024
YOL078W,0.0826
YOL079W,
YOL080C,0.1522
YOL081W,0.0467
YOL082W,
YOL083C-A,
YOL083W,0.1896
YOL084W,0.0621
YOL085C,
YOL085W-A,
YOL086C,0.0994
YOL086W-A,0.2534
YOL087C,0.0983
YOL088C,0.1753
YOL089C,0.0983
YOL090W,0.0446
YOL091W,0.1634
YOL092W,0.1142
YOL093W,0.0733
YOL094C,0.0125
YOL095C,0.1073
YOL096C,0.0568
YOL097C,0.012
YOL097W-A,
YOL098C,0.0788
YOL099C,
YOL100W,0.1207
YOL101C,0.0673
YOL102C,0.1103
YOL103W,0.0465
YOL103W-A,
YOL103W-B,
YOL104C,0.2753
YOL105C,0.2602
YOL106W,
YOL107W,0.0774
YOL108C,0.0995
YOL109W,0.0157
YOL110W,
YOL111C,0.1917
YOL112W,0.1027
YOL113W,0.0947
YOL114C,
YOL115W,0.0676
YOL116W,0.0642
YOL117W,0.1683
YOL118C,
YOL119C,0.0433
YOL120C,
YOL121C,0.001
YOL122C,0.0587
YOL123W,0.0194
YOL124C,0.0345
YOL125W,0.1494
YOL126C,0.0222
YOL127W,0.001
YOL128C,0.1409
YOL129W,0.0329
YOL130W,0.0634
YOL131W,
YOL132W,0.0865
YOL133W,0.0562
YOL134C,
YOL135C,0.0934
YOL136C,0.0509
YOL137W,0.0796
YOL138C,0.1416
YOL139C,0.001
YOL140W,0.0463
YOL141W,0.0993
YOL142W,0.1458
YOL143C,0.0223
YOL144W,0.159
YOL145C,0.0407
YOL146W,0.0352
YOL147C,0.0537
YOL148C,0.0577
YOL149W,0.0788
YOL150C,
YOL151W,0.094
YOL152W,0.2691
YOL153C,
YOL154W,0.0605
YOL155C,0.1258
YOL155W-A,
YOL156W,
YOL157C,
YOL158C,0.0766
YOL159C,0.2942
YOL159C-A,
YOL160W,
YOL161C,0.023
YOL162W,
YOL163W,
YOL164W,
YOL164W-A,
YOL165C,
YOL166C,
YOL166W-A,
YOR001W,0.1612
YOR002W,
YOR003W,0.126
YOR004W,0.1411
YOR005C,0.1603
YOR006C,0.1235
YOR007C,0.1212
YOR008C,0.1608
YOR008C-A,
YOR008W-B,
YOR009W,0.2582
YOR010C,0.1179
YOR011W,0.0739
YOR011W-A,
YOR012W,0.1569
YOR013W,
YOR014W,0.0605
YOR015W,
YOR016C,0.0418
YOR017W,0.1598
YOR018W,0.1352
YOR019W,0.1945
YOR020C,0.001
YOR020W-A,0.1279
YOR021C,0.0427
YOR022C,0.1082
YOR023C,0.133
YOR024W,
YOR025W,0.0903
YOR026W,0.1532
YOR027W,0.052
YOR028C,0.0856
YOR029W,
YOR030W,0.155
YOR031W,
YOR032C,0.1281
YOR032W-A,
YOR033C,0.1274
YOR034C,0.1636
YOR034C-A,
YOR035C,0.153
YOR036W,0.0614
YOR037W,0.238
YOR038C,0.099
YOR039W,0.0155
YOR040W,0.216
YOR041C,
YOR042W,0.1306
YOR043W,0.0317
YOR044W,
YOR045W,0.2389
YOR046C,0.0311
YOR047C,0.0358
YOR048C,0.0492
YOR049C,0.0472
YOR050C,
YOR051C,0.0609
YOR052C,0.0046
YOR053W,
YOR054C,0.0987
YOR055W,
YOR056C,0.1184
YOR057W,0.2399
YOR058C,0.1631
YOR059C,0.0548
YOR060C,0.1704
YOR061W,0.0125
YOR062C,0.2524
YOR063W,0.0375
YOR064C,0.2224
YOR065W,0.0231
YOR066W,0.152
YOR067C,0.0478
YOR068C,
YOR069W,0.1982
YOR070C,0.0483
YOR071C,0.0881
YOR072W,
YOR072W-A,
YOR072W-B,
YOR073W,0.2007
YOR073W-A,
YOR074C,0.0584
YOR075W,0.1406
YOR076C,0.2906
YOR077W,0.1674
YOR078W,0.1862
YOR079C,0.0917
YOR080W,0.2515
YOR081C,0.0673
YOR082C,
YOR083W,0.1913
YOR084W,0.1384
YOR085W,0.0628
YOR086C,0.0428
YOR087W,0.0308
YOR088W,
YOR089C,0.0586
YOR090C,0.0654
YOR091W,0.0524
YOR092W,0.0649
YOR093C,
YOR094W,0.001
YOR095C,0.0593
YOR096W,
YOR097C,0.1126
YOR098C,0.3614
YOR099W,0.0819
YOR100C,0.0887
YOR101W,0.1595
YOR102W,
YOR103C,
YOR104W,0.0987
YOR105W,
YOR106W,0.0625
YOR107W,0.1629
YOR108C-A,
YOR108W,0.0251
YOR109W,0.0217
YOR110W,0.1353
YOR111W,0.0847
YOR112W,0.2484
YOR113W,0.123
YOR114W,0.1425
YOR115C,0.0515
YOR116C,0.016
YOR117W,0.0028
YOR118W,0.0765
YOR119C,0.0385
YOR120W,0.0619
YOR121C,
YOR122C,0.001
YOR123C,0.1448
YOR124C,0.1356
YOR125C,0.0561
YOR126C,0.1616
YOR127W,0.1643
YOR128C,0.0266
YOR129C,0.1819
YOR130C,0.0623
YOR131C,0.1464
YOR132W,0.0463
YOR133W,
YOR134W,0.1824
YOR135C,
YOR136W,0.0129
YOR137C,0.0872
YOR138C,0.1411
YOR139C,
YOR140W,0.1741
YOR141C,0.0887
YOR142W,0.0237
YOR142W-B,0.0722
YOR143C,0.1182
YOR144C,0.1875
YOR145C,0.0871
YOR146W,
YOR147W,0.1071
YOR148C,0.1535
YOR149C,0.2505
YOR150W,0.0188
YOR151C,0.0038
YOR152C,0.1329
YOR153W,0.0312
YOR154W,0.1503
YOR155C,0.0236
YOR156C,0.1286
YOR157C,0.0423
YOR158W,0.0911
YOR159C,0.0597
YOR160W,0.0729
YOR161C,0.0339
YOR161C-C,
YOR161W-A,
YOR161W-B,
YOR162C,0.1928
YOR163W,0.0386
YOR164C,0.0693
YOR165W,0.0732
YOR166C,0.289
YOR167C,0.001
YOR168W,0.0399
YOR169C,
YOR170W,
YOR171C,0.1178
YOR172W,0.1375
YOR173W,0.0301
YOR174W,0.1304
YOR175C,0.0534
YOR176W,0.0541
YOR177C,0.1183
YOR178C,0.1275
YOR179C,0.2578
YOR180C,0.0904
YOR181W,0.1703
YOR182C,0.0127
YOR183W,
YOR184W,0.0603
YOR185C,0.001
YOR186C-A,
YOR186W,0.4804
YOR187W,0.0313
YOR188W,0.1366
YOR189W,0.1115
YOR190W,0.0985
YOR191W,0.2443
YOR192C,0.0691
YOR192C-A,
YOR192C-B,
YOR192C-C,
YOR193W,0.0258
YOR194C,0.0877
YOR195W,0.1144
YOR196C,0.1151
YOR197W,0.0235
YOR198C,0.0177
YOR199W,
YOR200W,
YOR201C,0.1494
YOR202W,
YOR203W,
YOR204W,0.0115
YOR205C,0.1306
YOR206W,0.0719
YOR207C,0.0059
YOR208W,0.1189
YOR209C,0.0703
YOR210W,0.001
YOR211C,0.0483
YOR212W,0.0542
YOR213C,0.1896
YOR214C,0.2156
YOR215C,0.0526
YOR216C,0.2146
YOR217W,0.089
YOR218C,
YOR219C,0.1282
YOR220W,0.1311
YOR221C,0.0616
YOR222W,0.0366
YOR223W,0.082
YOR224C,0.0218
YOR225W,
YOR226C,0.0685
YOR227W,0.1046
YOR228C,0.2016
YOR229W,0.057
YOR230W,0.0306
YOR231C-A,
YOR231W,0.1004
YOR232W,0.1579
YOR233W,0.2178
YOR234C,
YOR235W,
YOR236W,0.1915
YOR237W,0.0593
YOR238W,0.2309
YOR239W,0.1786
YOR240W,
YOR241W,0.0621
YOR242C,0.1407
YOR243C,0.0701
YOR244W,0.0297
YOR245C,0.0979
YOR246C,0.0609
YOR247W,0.2764
YOR248W,
YOR249C,0.1336
YOR250C,0.0882
YOR251C,0.1186
YOR252W,0.0432
YOR253W,0.0857
YOR254C,0.0457
YOR255W,0.2296
YOR256C,0.1371
YOR257W,0.0062
YOR258W,0.1335
YOR259C,0.0402
YOR260W,0.043
YOR261C,0.0697
YOR262W,0.0156
YOR263C,
YOR264W,0.2221
YOR265W,0.0311
YOR266W,0.1473
YOR267C,0.0862
YOR268C,
YOR269W,0.1309
YOR270C,0.0206
YOR271C,0.0083
YOR272W,0.0404
YOR273C,0.1183
YOR274W,0.0699
YOR275C,0.1623
YOR276W,0.0756
YOR277C,
YOR278W,0.1186
YOR279C,0.0885
YOR280C,0.1061
YOR281C,0.0551
YOR282W,
YOR283W,0.0513
YOR284W,0.3002
YOR285W,0.0861
YOR286W,
YOR287C,0.1399
YOR288C,0.0916
YOR289W,0.1361
YOR290C,0.0764
YOR291W,0.0651
YOR292C,
YOR293C-A,
YOR293W,0.001
YOR294W,0.0502
YOR295W,0.3034
YOR296W,0.0885
YOR297C,0.123
YOR298CA,
YOR298C-A,0.0094
YOR298W,0.1057
YOR299W,0.1287
YOR300W,
YOR301W,0.1601
YOR302W,
YOR303W,0.0548
YOR304CA,
YOR304C-A,0.1756
YOR304W,0.0483
YOR305W,0.1358
YOR306C,0.0708
YOR307C,0.109
YOR308C,0.2779
YOR309C,
YOR310C,0.02
YOR311C,0.1025
YOR312C,0.001
YOR313C,0.1741
YOR314W,
YOR314W-A,
YOR315W,0.1122
YOR316C,0.126
YOR316C-A,
YOR317W,0.0465
YOR318C,
YOR319W,0.1368
YOR320C,0.1664
YOR321W,0.062
YOR322C,0.0912
YOR323C,0.0494
YOR324C,0.1445
YOR325W,
YOR326W,0.033
YOR327C,0.0362
YOR328W,0.0898
YOR329C,0.1393
YOR329W-A,
YOR330C,0.094
YOR331C,
YOR332W,0.0259
YOR333C,
YOR334W,0.047
YOR335C,0.0164
YOR335W-A,
YOR336W,0.2077
YOR337W,0.0481
YOR338W,0.1983
YOR339C,0.1512
YOR340C,0.0904
YOR341W,0.0255
YOR342C,0.1442
YOR343C,
YOR343W-A,
YOR343W-B,
YOR344C,0.0667
YOR345C,
YOR346W,0.1883
YOR347C,0.0563
YOR348C,0.0436
YOR349W,0.2414
YOR350C,0.3289
YOR351C,0.0402
YOR352W,0.1132
YOR353C,0.1166
YOR354C,0.1695
YOR355W,0.087
YOR356W,0.093
YOR357C,0.0608
YOR358W,0.0793
YOR359W,0.1074
YOR360C,0.0789
YOR361C,0.0322
YOR362C,0.0228
YOR363C,0.057
YOR364W,
YOR365C,0.1159
YOR366W,
YOR367W,0.0934
YOR368W,0.0846
YOR369C,0.001
YOR370C,0.0172
YOR371C,0.1105
YOR372C,0.0906
YOR373W,0.1567
YOR374W,0.0162
YOR375C,0.0251
YOR376W,
YOR376W-A,
YOR377W,0.0947
YOR378W,0.0301
YOR379C,
YOR380W,0.065
YOR381W,0.0996
YOR381W-A,
YOR382W,0.0649
YOR383C,0.044
YOR384W,0.1061
YOR385W,
YOR386W,0.0774
YOR387C,
YOR388C,0.0511
YOR389W,
YOR390W,0.0989
YOR391C,
YOR392W,
YOR393W,
YOR394C-A,
YOR394W,
YOR396C-A,
YOR396W,
YPL001W,0.1406
YPL002C,0.029
YPL003W,0.2019
YPL004C,0.0324
YPL005W,0.153
YPL006W,0.0723
YPL007C,0.172
YPL008W,0.1302
YPL009C,0.136
YPL010W,0.0419
YPL011C,0.0512
YPL012W,0.0803
YPL013C,0.1011
YPL014W,0.094
YPL015C,0.2534
YPL016W,0.1096
YPL017C,0.2237
YPL018W,0.1843
YPL019C,0.0489
YPL020C,0.1672
YPL021W,
YPL022W,0.1078
YPL023C,0.0459
YPL024W,0.1586
YPL025C,
YPL026C,0.0547
YPL027W,
YPL028W,0.0224
YPL029W,0.0923
YPL030W,0.042
YPL031C,0.0498
YPL032C,0.125
YPL033C,
YPL034W,0.1423
YPL035C,
YPL036W,0.0049
YPL037C,0.001
YPL038W,0.1013
YPL038W-A,
YPL039W,0.3634
YPL040C,0.1484
YPL041C,
YPL042C,0.051
YPL043W,0.0607
YPL044C,
YPL045W,0.0896
YPL046C,0.1166
YPL047W,
YPL048W,0.0548
YPL049C,0.1777
YPL050C,0.0392
YPL051W,0.0274
YPL052W,0.1508
YPL053C,0.0232
YPL054W,0.1095
YPL055C,0.2077
YPL056C,
YPL057C,0.0412
YPL058C,0.0115
YPL059W,0.0912
YPL060C-A,
YPL060W,0.0531
YPL061W,0.0197
YPL062W,
YPL063W,0.0792
YPL064C,0.342
YPL065W,0.0779
YPL066W,0.1523
YPL067C,
YPL068C,0.2951
YPL069C,0.0926
YPL070W,0.0684
YPL071C,0.2105
YPL072W,0.2361
YPL073C,
YPL074W,0.0917
YPL075W,0.0968
YPL076W,0.1021
YPL077C,0.0381
YPL078C,0.0281
YPL079W,0.0605
YPL080C,
YPL081W,0.0077
YPL082C,0.04
YPL083C,0.1982
YPL084W,0.1247
YPL085W,0.2652
YPL086C,0.0061
YPL087W,0.043
YPL088W,0.133
YPL089C,0.1474
YPL090C,0.028
YPL091W,0.0331
YPL092W,0.1
YPL093W,0.0119
YPL094C,0.1004
YPL095C,0.0717
YPL096C-A,
YPL096W,0.1692
YPL097W,0.1583
YPL098C,0.1276
YPL099C,0.1495
YPL100W,0.0526
YPL101W,0.0811
YPL102C,
YPL103C,0.0568
YPL104W,0.1242
YPL105C,0.1585
YPL106C,0.0091
YPL107W,0.1001
YPL108W,
YPL109C,0.0812
YPL110C,0.0924
YPL111W,0.1556
YPL112C,0.1169
YPL113C,0.1257
YPL114W,
YPL115C,0.1075
YPL116W,0.0529
YPL117C,0.034
YPL118W,0.0455
YPL119C,0.0598
YPL119C-A,
YPL120W,0.1668
YPL121C,0.0991
YPL122C,0.0131
YPL123C,0.0974
YPL124W,0.1494
YPL125W,0.0516
YPL126W,0.0849
YPL127C,0.088
YPL128C,0.0714
YPL129W,0.0231
YPL130W,0.1202
YPL131W,0.001
YPL132W,0.0913
YPL133C,0.1208
YPL134C,0.0442
YPL135C-A,
YPL135W,0.0638
YPL136W,
YPL137C,0.1011
YPL138C,0.1062
YPL139C,0.1186
YPL140C,0.1081
YPL141C,0.1355
YPL142C,
YPL143W,0.001
YPL144W,
YPL145C,0.0137
YPL146C,0.1128
YPL147W,0.0492
YPL148C,
YPL149W,0.1745
YPL150W,0.0761
YPL151C,0.1133
YPL152W,0.0804
YPL152W-A,
YPL153C,0.0584
YPL154C,0.0322
YPL155C,0.1152
YPL156C,0.2539
YPL157W,0.1293
YPL158C,0.1654
YPL159C,0.1404
YPL160W,0.0278
YPL161C,0.2586
YPL162C,0.16
YPL163C,0.3839
YPL164C,0.1975
YPL165C,
YPL166W,0.1611
YPL167C,0.1544
YPL168W,0.2814
YPL169C,0.0597
YPL170W,0.0761
YPL171C,0.1116
YPL172C,0.0717
YPL173W,0.1042
YPL174C,0.3311
YPL175W,0.0459
YPL176C,0.1333
YPL177C,0.1128
YPL178W,0.0196
YPL179W,0.0408
YPL180W,0.2044
YPL181W,0.1157
YPL182C,
YPL183C,0.1225
YPL183WA,
YPL183W-A,
YPL184C,0.0453
YPL185W,
YPL186C,0.2659
YPL187W,0.0435
YPL188W,0.061
YPL189C-A,
YPL189W,0.126
YPL190C,0.1094
YPL191C,0.2174
YPL192C,0.552
YPL193W,0.22
YPL194W,0.1297
YPL195W,0.107
YPL196W,0.0349
YPL197C,
YPL198W,0.0307
YPL199C,0.1518
YPL200W,
YPL201C,0.2112
YPL202C,0.1427
YPL203W,0.0326
YPL204W,0.0554
YPL205C,
YPL206C,0.0891
YPL207W,0.0833
YPL208W,0.1565
YPL209C,0.0329
YPL210C,0.1024
YPL211W,0.0157
YPL212C,0.0451
YPL213W,0.1293
YPL214C,0.0667
YPL215W,0.0794
YPL216W,0.3369
YPL217C,0.0727
YPL218W,0.001
YPL219W,0.0597
YPL220W,0.0102
YPL221W,0.0548
YPL222C-A,
YPL222W,0.1286
YPL223C,0.0635
YPL224C,0.1634
YPL225W,0.0153
YPL226W,0.0332
YPL227C,0.1277
YPL228W,0.0766
YPL229W,0.2017
YPL230W,0.2423
YPL231W,0.0201
YPL232W,0.0089
YPL233W,0.1438
YPL234C,0.001
YPL235W,0.0029
YPL236C,0.0788
YPL237W,0.0447
YPL238C,
YPL239W,0.0701
YPL240C,0.0089
YPL241C,
YPL242C,0.1101
YPL243W,0.1085
YPL244C,0.1122
YPL245W,0.0803
YPL246C,0.0774
YPL247C,0.0872
YPL248C,0.2049
YPL249C,0.2918
YPL249CA,
YPL249C-A,0.001
YPL250C,0.2376
YPL250W-A,
YPL251W,
YPL252C,0.0554
YPL253C,0.1288
YPL254W,0.0579
YPL255W,0.1691
YPL256C,0.0519
YPL257W,
YPL257W-A,
YPL257W-B,
YPL258C,0.09
YPL259C,0.0264
YPL260W,0.0594
YPL261C,
YPL262W,0.0164
YPL263C,0.0384
YPL264C,0.0396
YPL265W,0.0219
YPL266W,0.0036
YPL267W,0.1569
YPL268W,0.065
YPL269W,0.1905
YPL270W,0.0629
YPL271W,
YPL272C,0.0547
YPL273W,0.0283
YPL274W,0.1816
YPL275W,
YPL276W,
YPL277C,0.1762
YPL278C,
YPL279C,
YPL280W,
YPL281C,
YPL282C,
YPL283C,0.3318
YPL283W-A,
YPL283W-B,
YPR001W,0.109
YPR002C-A,
YPR002W,0.1431
YPR003C,0.1101
YPR004C,0.1221
YPR005C,0.3213
YPR006C,0.0881
YPR007C,0.1306
YPR008W,0.0969
YPR009W,
YPR010C,0.0126
YPR010C-A,
YPR011C,0.09
YPR012W,
YPR013C,0.1911
YPR014C,
YPR015C,
YPR016C,0.0085
YPR016W-A,
YPR017C,0.144
YPR018W,0.2153
YPR019W,0.0373
YPR020W,0.0486
YPR021C,0.061
YPR022C,0.071
YPR023C,0.0853
YPR024W,0.0304
YPR025C,0.1343
YPR026W,0.0461
YPR027C,0.1151
YPR028W,0.0253
YPR029C,0.1262
YPR030W,0.1511
YPR031W,0.1644
YPR032W,0.1033
YPR033C,0.0706
YPR034W,0.0751
YPR035W,0.0196
YPR036W,0.0308
YPR036W-A,0.1697
YPR037C,0.0275
YPR038W,
YPR039W,
YPR040W,0.0837
YPR041W,0.021
YPR042C,0.0991
YPR043W,0.0236
YPR044C,
YPR045C,0.1524
YPR046W,
YPR047W,0.0622
YPR048W,0.1428
YPR049C,0.1308
YPR050C,
YPR051W,
YPR052C,
YPR053C,
YPR054W,0.0576
YPR055W,0.0783
YPR056W,0.0285
YPR057W,0.1783
YPR058W,0.0857
YPR059C,
YPR060C,0.0246
YPR061C,0.119
YPR062W,0.0283
YPR063C,0.2083
YPR064W,
YPR065W,0.0693
YPR066W,0.1026
YPR067W,0.1329
YPR068C,0.1863
YPR069C,0.0157
YPR070W,0.1248
YPR071W,
YPR072W,0.0632
YPR073C,0.0597
YPR074C,0.013
YPR074W-A,
YPR075C,0.1232
YPR076W,
YPR077C,
YPR078C,0.2733
YPR079W,0.086
YPR080W,0.0133
YPR081C,0.1588
YPR082C,0.041
YPR083W,0.1492
YPR084W,0.0977
YPR085C,0.2756
YPR086W,0.0029
YPR087W,
YPR088C,0.0118
YPR089W,0.0933
YPR090W,
YPR091C,0.0743
YPR092W,
YPR093C,0.2161
YPR094W,
YPR095C,
YPR096C,
YPR097W,0.0806
YPR098C,0.0584
YPR099C,
YPR100W,0.0397
YPR101W,0.477
YPR102C,0.001
YPR103W,0.0303
YPR104C,0.1068
YPR105C,0.0829
YPR106W,0.1496
YPR107C,
YPR108W,0.0601
YPR108W-A,
YPR109W,0.0844
YPR110C,0.0295
YPR111W,
YPR112C,0.0909
YPR113W,0.022
YPR114W,0.0778
YPR115W,0.1792
YPR116W,0.2969
YPR117W,0.07
YPR118W,0.1252
YPR119W,0.0597
YPR120C,0.1641
YPR121W,0.1545
YPR122W,0.1632
YPR123C,
YPR124W,0.0668
YPR125W,0.0897
YPR126C,
YPR127W,0.0744
YPR128C,0.1492
YPR129W,0.0944
YPR130C,
YPR131C,0.0378
YPR132W,
YPR133C,0.1212
YPR133WA,
YPR133W-A,
YPR134W,0.3694
YPR135W,0.0866
YPR136C,
YPR137C-B,
YPR137W,0.0661
YPR138C,0.0361
YPR139C,0.1731
YPR140W,0.0748
YPR141C,0.0809
YPR142C,
YPR143W,0.1761
YPR144C,0.086
YPR145C-A,
YPR145W,0.0171
YPR146C,
YPR147C,0.0765
YPR148C,0.1616
YPR149W,0.0091
YPR150W,
YPR151C,0.1125
YPR152C,0.2322
YPR153W,
YPR154W,0.0891
YPR155C,0.0986
YPR156C,0.017
YPR157W,0.1198
YPR158C-C,
YPR158C-D,
YPR158W,0.2654
YPR158W-A,
YPR158W-B,
YPR159C-A,
YPR159W,0.0531
YPR160C-A,
YPR160W,0.016
YPR160W-A,
YPR161C,0.1067
YPR162C,0.086
YPR163C,0.0545
YPR164W,0.1179
YPR165W,0.001
YPR166C,0.045
YPR167C,0.0315
YPR168W,0.0249
YPR169W,0.1203
YPR169W-A,
YPR170C,
YPR170W-A,
YPR170W-B,
YPR171W,0.364
YPR172W,0.0657
YPR173C,0.021
YPR174C,0.157
YPR175W,0.0852
YPR176C,0.0608
YPR177C,
YPR178W,0.1219
YPR179C,0.1226
YPR180W,0.1001
YPR181C,0.0078
YPR182W,
YPR183W,0.0142
YPR184W,0.0588
YPR185W,0.093
YPR186C,0.1249
YPR187W,0.001
YPR188C,0.1137
YPR189W,0.0958
YPR190C,0.0465
YPR191W,0.0704
YPR192W,0.0916
YPR193C,0.2308
YPR194C,0.0354
YPR195C,
YPR196W,0.0865
YPR197C,
YPR198W,0.0869
YPR199C,0.2586
YPR200C,0.1912
YPR201W,
YPR202W,0.5433
YPR203W,
YPR204C-A,
YPR204W,
