ID,Ks_Sc vs Sp
Q0010,
Q0017,
Q0032,
Q0045,
Q0050,
Q0055,
Q0060,
Q0065,
Q0070,
Q0075,
Q0080,
Q0085,
Q0092,
Q0105,
Q0110,
Q0115,
Q0120,
Q0130,
Q0140,
Q0142,
Q0143,
Q0144,
Q0160,
Q0182,
Q0250,
Q0255,
Q0275,
Q0297,
R0020C,
R0040C,
snR10,
YAL001C,0.4386
YAL002W,0.3567
YAL003W,0.115
YAL004W,
YAL005C,0.272
YAL007C,0.3083
YAL008W,0.4022
YAL009W,0.2822
YAL010C,0.335
YAL011W,0.4756
YAL012W,0.2263
YAL013W,0.3707
YAL014C,0.1811
YAL015C,0.3043
YAL016C-A,
YAL016C-B,
YAL016W,0.3201
YAL017W,0.4054
YAL018C,0.4981
YAL019W,0.3764
YAL019W-A,
YAL020C,0.441
YAL021C,0.2561
YAL022C,0.4341
YAL023C,0.2933
YAL024C,0.4158
YAL025C,0.461
YAL026C,0.3612
YAL026C-A,
YAL027W,0.4746
YAL028W,0.3686
YAL029C,0.3554
YAL030W,0.3111
YAL031C,0.4023
YAL031W-A,
YAL032C,0.369
YAL033W,0.2472
YAL034C,0.3387
YAL034C-B,
YAL034WA,
YAL034W-A,0.4047
YAL035C-A,
YAL035W,0.3887
YAL036C,0.3741
YAL037C-A,
YAL037C-B,
YAL037W,0.3813
YAL038W,0.1719
YAL039C,0.2263
YAL040C,0.1838
YAL041W,0.3878
YAL042C-A,
YAL042W,0.3749
YAL043C,0.2895
YAL043C-A,
YAL044C,0.2224
YAL044W-A,
YAL045C,
YAL046C,
YAL047C,0.339
YAL047W-A,
YAL048C,0.408
YAL049C,0.364
YAL051W,0.4476
YAL053W,0.3402
YAL054C,0.3352
YAL055W,0.6739
YAL056C-A,
YAL056W,0.4374
YAL058C-A,
YAL058W,0.3542
YAL059C-A,
YAL059W,0.3242
YAL060W,0.3531
YAL061W,0.3953
YAL062W,0.4286
YAL063C,
YAL063C-A,
YAL064C-A,
YAL064W,
YAL064W-B,
YAL065C,
YAL065C-A,
YAL066W,
YAL067C,
YAL067W-A,
YAL068C,
YAL068W-A,
YAL069W,
YAR002CA,
YAR002C-A,0.3808
YAR002W,0.4192
YAR003W,0.3638
YAR007C,0.3441
YAR008W,0.314
YAR009C,
YAR010C,
YAR014C,0.3395
YAR015W,0.1838
YAR018C,0.2864
YAR019C,0.3701
YAR019W-A,
YAR020C,
YAR023C,0.3799
YAR027W,0.2767
YAR028W,1.7335
YAR029W,
YAR030C,
YAR031W,1.0553
YAR033W,
YAR035C-A,
YAR035W,0.4818
YAR037W,
YAR040C,
YAR042W,0.3958
YAR043C,
YAR044W,
YAR047C,
YAR050W,2.7421
YAR052C,
YAR053W,
YAR060C,
YAR061W,
YAR062W,
YAR064W,
YAR066W,
YAR068W,
YAR069C,
YAR070C,
YAR071W,
YAR073W,
YAR074C,
YAR075W,
YBL001C,
YBL002W,
YBL003C,0.2133
YBL004W,0.3858
YBL005W,0.3954
YBL005WA,
YBL005W-A,
YBL005W-B,
YBL006C,0.4895
YBL006W-A,
YBL007C,0.3307
YBL008W,0.3755
YBL008W-A,
YBL009W,0.3341
YBL010C,0.3372
YBL011W,0.3607
YBL012C,
YBL013W,0.3926
YBL014C,0.352
YBL015W,0.3545
YBL016W,0.4675
YBL017C,0.4377
YBL018C,0.2246
YBL019W,0.3058
YBL020W,0.3613
YBL021C,0.3617
YBL022C,0.3793
YBL023C,0.4717
YBL024W,0.3632
YBL025W,0.4285
YBL026W,0.2788
YBL027W,0.0762
YBL028C,0.2933
YBL029C-A,
YBL029W,0.3097
YBL030C,0.2082
YBL031W,0.3197
YBL032W,0.4085
YBL033C,0.4194
YBL034C,0.4256
YBL035C,0.4565
YBL036C,0.4532
YBL037W,0.413
YBL038W,0.4094
YBL039C,0.4628
YBL039C-A,
YBL039W-B,
YBL040C,
YBL041W,0.3021
YBL042C,
YBL043W,
YBL044W,
YBL045C,0.3608
YBL046W,0.4294
YBL047C,0.4058
YBL048W,
YBL049W,
YBL050W,0.5118
YBL051C,0.303
YBL052C,0.4792
YBL053W,
YBL054W,0.504
YBL055C,0.3685
YBL056W,0.2636
YBL057C,0.4339
YBL058W,0.4778
YBL059C-A,0.3353
YBL059W,0.4741
YBL060W,0.3985
YBL061C,0.3717
YBL062W,
YBL063W,0.4367
YBL064C,0.4963
YBL065W,
YBL066C,0.4773
YBL067C,0.3817
YBL068W,0.3803
YBL068W-A,
YBL069W,0.375
YBL070C,
YBL071C,
YBL071C-B,
YBL071W-A,0.9406
YBL072C,0.0341
YBL073W,
YBL074C,0.3552
YBL075C,0.4839
YBL076C,0.3072
YBL077W,
YBL078C,0.4305
YBL079W,0.4054
YBL080C,0.2855
YBL081W,0.3588
YBL082C,0.3437
YBL083C,
YBL084C,0.3378
YBL085W,0.3478
YBL086C,0.4227
YBL087C,0.3883
YBL088C,0.4176
YBL089W,0.3925
YBL090W,0.4706
YBL091C,0.4017
YBL091CA,
YBL091C-A,0.3321
YBL092W,0.1287
YBL093C,0.2944
YBL094C,
YBL095W,0.5802
YBL096C,
YBL097W,0.4894
YBL098W,0.3026
YBL099W,0.3069
YBL100C,
YBL100W-A,
YBL100W-B,
YBL100W-C,
YBL101C,0.3973
YBL101WA,
YBL101W-A,
YBL101W-B,
YBL102W,
YBL103C,0.2771
YBL104C,0.4231
YBL105C,0.4317
YBL106C,0.4349
YBL107C,0.4169
YBL107WA,
YBL107W-A,
YBL108C-A,
YBL108W,
YBL109W,
YBL111C,
YBL112C,
YBL113C,
YBL113W-A,
YBR001C,0.4672
YBR002C,0.256
YBR003W,0.4645
YBR004C,0.3769
YBR005W,0.3848
YBR006W,0.3828
YBR007C,0.4141
YBR008C,0.348
YBR009C,0.5735
YBR010W,0.4658
YBR011C,0.2026
YBR012C,
YBR012W-A,
YBR012W-B,
YBR013C,0.1173
YBR014C,0.0857
YBR015C,0.3278
YBR016W,0.5669
YBR017C,0.3187
YBR018C,0.5458
YBR019C,0.4535
YBR020W,0.3746
YBR021W,0.3287
YBR022W,0.4629
YBR023C,0.3931
YBR024W,0.3101
YBR025C,0.316
YBR026C,0.3433
YBR027C,
YBR028C,0.4633
YBR029C,0.272
YBR030W,0.4626
YBR031W,0.1956
YBR032W,
YBR033W,0.4569
YBR034C,0.3869
YBR035C,0.3951
YBR036C,0.3205
YBR037C,0.3297
YBR038W,0.4137
YBR039W,0.2837
YBR040W,0.586
YBR041W,0.355
YBR042C,0.4722
YBR043C,0.3798
YBR044C,0.4046
YBR045C,0.4188
YBR046C,0.3485
YBR047W,0.3721
YBR048W,
YBR049C,0.4135
YBR050C,0.383
YBR051W,
YBR052C,0.4203
YBR053C,0.4065
YBR054W,0.3664
YBR055C,0.4748
YBR056C-B,
YBR056W,0.4414
YBR056W-A,
YBR057C,0.2485
YBR058C,0.5468
YBR058C-A,
YBR059C,0.4005
YBR060C,0.5292
YBR061C,0.3893
YBR062C,0.3912
YBR063C,0.4652
YBR064W,
YBR065C,0.4592
YBR066C,0.338
YBR067C,0.4263
YBR068C,0.4033
YBR069C,0.3928
YBR070C,
YBR071W,0.3005
YBR072C-A,
YBR072W,0.3937
YBR073W,0.4513
YBR074W,0.4265
YBR075W,
YBR076C-A,
YBR076W,0.5119
YBR077C,0.435
YBR078W,0.4049
YBR079C,0.4284
YBR080C,0.3346
YBR081C,0.5193
YBR082C,0.1813
YBR083W,0.3375
YBR084C-A,
YBR084W,0.3521
YBR085C-A,0.2265
YBR085W,0.4659
YBR086C,0.3783
YBR087W,0.4122
YBR088C,0.3952
YBR089CA,
YBR089C-A,0.695
YBR089W,
YBR090C,
YBR090C-A,
YBR091C,
YBR092C,0.5698
YBR093C,0.485
YBR094W,0.3091
YBR095C,0.3859
YBR096W,0.323
YBR097W,0.3795
YBR098W,0.3656
YBR099C,
YBR100W,
YBR101C,0.3276
YBR102C,0.468
YBR103C-A,
YBR103W,0.4273
YBR104W,0.3418
YBR105C,0.4412
YBR106W,0.2634
YBR107C,0.3622
YBR108W,0.4075
YBR109C,0.254
YBR109W-A,
YBR110W,0.4587
YBR111C,0.6226
YBR111W-A,0.5878
YBR112C,0.3727
YBR113W,
YBR114W,0.3997
YBR115C,0.369
YBR116C,
YBR117C,0.4144
YBR118W,
YBR119W,0.5207
YBR120C,0.4
YBR121C,0.3886
YBR121C-A,
YBR122C,0.3472
YBR123C,0.4274
YBR124W,
YBR125C,0.2816
YBR126C,0.2976
YBR126W-A,
YBR126W-B,
YBR127C,0.2325
YBR128C,0.3591
YBR129C,0.51
YBR130C,0.3151
YBR131C-A,
YBR131W,0.4018
YBR132C,0.3313
YBR133C,0.3548
YBR134W,
YBR135W,0.3661
YBR136W,0.4113
YBR137W,0.4199
YBR138C,0.391
YBR139W,0.5441
YBR140C,0.3855
YBR141C,0.4258
YBR141W-A,
YBR142W,0.4675
YBR143C,0.5046
YBR144C,
YBR145W,0.5105
YBR146W,0.3406
YBR147W,0.2973
YBR148W,0.4878
YBR149W,0.3366
YBR150C,0.4959
YBR151W,0.4556
YBR152W,0.4839
YBR153W,
YBR154C,0.3199
YBR155W,0.4459
YBR156C,0.4919
YBR157C,0.3435
YBR158W,0.3988
YBR159W,0.4645
YBR160W,0.3818
YBR161W,
YBR162C,0.4092
YBR162WA,
YBR162W-A,
YBR163W,
YBR164C,0.3808
YBR165W,0.3432
YBR166C,0.4171
YBR167C,0.5991
YBR168W,0.4078
YBR169C,0.5792
YBR170C,0.4041
YBR171W,0.617
YBR172C,0.519
YBR173C,0.2755
YBR174C,
YBR175W,0.3692
YBR176W,0.4794
YBR177C,0.3338
YBR178W,
YBR179C,0.4294
YBR180W,0.5689
YBR181C,
YBR182C,0.4091
YBR182C-A,
YBR183W,0.3989
YBR184W,0.5382
YBR185C,0.3537
YBR186W,0.4555
YBR187W,0.3575
YBR188C,0.8064
YBR189W,0.3311
YBR190W,
YBR191W,0.056
YBR191W-A,
YBR192W,0.4487
YBR193C,0.3433
YBR194W,0.969
YBR195C,0.3785
YBR196C,0.5662
YBR196C-A,
YBR196C-B,
YBR197C,0.3627
YBR198C,0.3695
YBR199W,0.4545
YBR200W,0.2812
YBR200W-A,
YBR201C-A,
YBR201W,
YBR202W,0.3444
YBR203W,0.3987
YBR204C,0.3979
YBR205W,0.3775
YBR206W,
YBR207W,0.3442
YBR208C,0.4037
YBR209W,
YBR210W,
YBR211C,0.4857
YBR212W,0.386
YBR213W,0.3428
YBR214W,0.3291
YBR215W,0.3902
YBR216C,0.3907
YBR217W,0.88
YBR218C,0.332
YBR219C,
YBR220C,
YBR221C,0.3113
YBR221W-A,
YBR222C,0.3721
YBR223C,0.4697
YBR223W-A,
YBR224W,
YBR225W,0.4048
YBR226C,
YBR227C,0.4373
YBR228W,0.4057
YBR229C,0.4576
YBR230C,0.31
YBR230W-A,
YBR231C,0.6044
YBR232C,
YBR233W,0.4051
YBR233W-A,
YBR234C,0.368
YBR235W,0.4029
YBR236C,0.4334
YBR237W,0.4319
YBR238C,0.3621
YBR239C,0.3836
YBR240C,0.3272
YBR241C,0.3545
YBR242W,0.3602
YBR243C,0.4203
YBR244W,0.3779
YBR245C,0.4506
YBR246W,0.5409
YBR247C,0.4321
YBR248C,0.3922
YBR249C,0.3075
YBR250W,0.4804
YBR251W,0.4435
YBR252W,0.5654
YBR253W,0.3609
YBR254C,0.5845
YBR255C-A,0.36
YBR255W,0.4457
YBR256C,0.5547
YBR257W,0.3876
YBR258C,0.591
YBR259W,0.4111
YBR260C,0.4183
YBR261C,0.4691
YBR262C,
YBR263W,0.3734
YBR264C,0.3453
YBR265W,0.3242
YBR266C,
YBR267W,0.3881
YBR268W,
YBR269C,0.3984
YBR270C,0.3709
YBR271W,0.3559
YBR272C,0.342
YBR273C,0.3905
YBR274W,0.3381
YBR275C,0.4829
YBR276C,0.4492
YBR277C,
YBR278W,0.4854
YBR279W,0.6082
YBR280C,0.3969
YBR281C,0.4292
YBR282W,0.7645
YBR283C,0.4277
YBR284W,0.5712
YBR285W,
YBR286W,0.41
YBR287W,0.4234
YBR288C,0.3437
YBR289W,0.5189
YBR290W,0.4309
YBR291C,0.4492
YBR292C,
YBR293W,0.3915
YBR294W,0.4579
YBR295W,0.4808
YBR296C,0.4824
YBR296C-A,
YBR297W,0.2848
YBR298C,0.4577
YBR298C-A,
YBR299W,
YBR300C,
YBR301W,
YBR302C,
YCL001W,0.4293
YCL001W-A,
YCL001W-B,
YCL002C,
YCL003W,
YCL004W,0.2942
YCL005W,0.2202
YCL005W-A,
YCL006C,
YCL007C,
YCL008C,
YCL009C,0.2403
YCL010C,0.3096
YCL011C,0.3567
YCL012C,0.5376
YCL012W,
YCL013W,
YCL014W,0.4145
YCL016C,0.343
YCL017C,0.3794
YCL018W,
YCL019W,
YCL020W,
YCL021W,
YCL021W-A,
YCL022C,
YCL023C,
YCL024W,0.4534
YCL025C,0.2923
YCL026C,
YCL026CA,
YCL026C-A,
YCL026C-B,0.3918
YCL027W,0.3635
YCL028W,0.1523
YCL029C,0.3293
YCL030C,0.3235
YCL031C,0.3051
YCL032W,0.2709
YCL033C,0.4725
YCL034W,0.3765
YCL035C,0.3883
YCL036W,0.3665
YCL037C,0.2366
YCL038C,0.3552
YCL039W,0.3921
YCL040W,0.4057
YCL041C,
YCL042W,
YCL043C,0.3686
YCL044C,0.3319
YCL045C,0.3429
YCL046W,
YCL047C,0.3713
YCL048W,0.3585
YCL048W-A,0.2339
YCL049C,0.3596
YCL050C,0.2822
YCL051W,0.3477
YCL052C,0.3392
YCL053C,
YCL054W,0.3784
YCL054W-A,
YCL055W,0.4891
YCL056C,
YCL057C-A,0.2055
YCL057W,0.4409
YCL058C,
YCL058W-A,0.5058
YCL059C,0.3331
YCL060C,
YCL061C,0.5992
YCL062W,
YCL063W,0.3039
YCL064C,0.4574
YCL065W,
YCL066W,
YCL067C,0.0253
YCL068C,
YCL069W,0.3503
YCL073C,
YCL074W,
YCL075W,
YCL076W,
YCR001W,
YCR002C,0.3042
YCR003W,0.3302
YCR004C,0.3745
YCR005C,0.3876
YCR006C,
YCR007C,0.3739
YCR008W,0.383
YCR009C,0.2694
YCR010C,0.4352
YCR011C,0.3395
YCR012W,0.062
YCR013C,
YCR014C,0.3997
YCR015C,0.3614
YCR016W,0.6037
YCR017C,0.3816
YCR018C,
YCR018C-A,
YCR019W,0.5324
YCR020C,0.5608
YCR020CA,
YCR020C-A,
YCR020WB,
YCR020W-B,0.1317
YCR021C,0.3428
YCR022C,
YCR023C,0.3651
YCR024C,0.4397
YCR024CA,
YCR024C-A,
YCR024C-B,
YCR025C,
YCR026C,0.4635
YCR027C,0.5113
YCR028C,0.5113
YCR028CA,
YCR028C-A,0.3975
YCR029C,
YCR029C-A,
YCR030C,0.3515
YCR031C,0.4547
YCR032W,0.3765
YCR033W,0.4102
YCR034W,0.1902
YCR035C,0.442
YCR036W,0.6108
YCR037C,0.4618
YCR038C,0.4352
YCR038W-A,
YCR039C,
YCR040W,0.2557
YCR041W,
YCR042C,0.7336
YCR043C,
YCR044C,0.4128
YCR045C,0.4174
YCR045W-A,
YCR046C,0.4613
YCR047C,0.366
YCR047W-A,
YCR048W,0.4894
YCR049C,
YCR050C,
YCR051W,0.3807
YCR052W,0.3718
YCR053W,0.3932
YCR054C,0.4636
YCR055C,
YCR056W,
YCR057C,0.3281
YCR058C,
YCR059C,0.4471
YCR060W,
YCR061W,0.3883
YCR062W,
YCR063W,
YCR064C,
YCR065W,0.3172
YCR066W,0.4095
YCR067C,0.4904
YCR068W,0.3847
YCR069W,0.4176
YCR070W,
YCR071C,0.3089
YCR072C,0.3142
YCR073C,0.4723
YCR073WA,
YCR073W-A,0.2702
YCR074C,
YCR075C,
YCR075W-A,1.0214
YCR076C,0.3926
YCR077C,0.3353
YCR079W,0.3614
YCR080W,
YCR081C-A,
YCR081W,0.3749
YCR082W,0.2686
YCR083W,0.3126
YCR084C,0.2408
YCR085W,
YCR086W,0.2433
YCR087C-A,0.5796
YCR087W,
YCR088W,0.3167
YCR089W,0.3773
YCR090C,0.4409
YCR091W,0.4295
YCR092C,0.444
YCR093W,0.389
YCR094W,0.4
YCR095C,0.4338
YCR095W-A,
YCR096C,
YCR097W,
YCR097WA,
YCR097W-A,
YCR097WB,
YCR098C,0.3925
YCR099C,
YCR100C,
YCR101C,
YCR102C,
YCR102WA,
YCR102W-A,
YCR103C,
YCR104W,
YCR105W,0.5834
YCR106W,0.4539
YCR107W,
YCR108C,
YDL001W,0.3527
YDL002C,0.5284
YDL003W,0.5258
YDL004W,0.5125
YDL005C,0.4938
YDL006W,0.3991
YDL007C-A,
YDL007W,0.2406
YDL008W,0.4157
YDL009C,
YDL010W,0.2332
YDL011C,
YDL012C,0.2167
YDL013W,0.3884
YDL014W,0.2968
YDL015C,0.2452
YDL016C,
YDL017W,0.4586
YDL018C,0.3692
YDL019C,0.4073
YDL020C,0.393
YDL021W,0.4538
YDL022C-A,
YDL022W,0.4323
YDL023C,
YDL024C,0.4994
YDL025C,0.3864
YDL025W-A,
YDL026W,
YDL027C,0.4109
YDL028C,0.452
YDL029W,0.3331
YDL030W,0.5015
YDL031W,0.4758
YDL032W,
YDL033C,0.4103
YDL034W,
YDL035C,0.4822
YDL036C,0.4864
YDL037C,65.0071
YDL038C,
YDL039C,0.7385
YDL040C,0.3895
YDL041W,
YDL042C,0.3244
YDL043C,0.7525
YDL044C,0.3785
YDL045C,0.3885
YDL045WA,
YDL045W-A,0.6439
YDL046W,0.329
YDL047W,0.3889
YDL048C,0.4134
YDL049C,0.453
YDL050C,
YDL051W,0.3019
YDL052C,0.2015
YDL053C,0.428
YDL054C,0.3685
YDL055C,0.2714
YDL056W,0.4787
YDL057W,0.4306
YDL058W,0.4611
YDL059C,0.2974
YDL060W,0.5612
YDL061C,
YDL062W,
YDL063C,0.3623
YDL064W,0.2422
YDL065C,0.7079
YDL066W,0.3399
YDL067C,0.1846
YDL068W,
YDL069C,0.3928
YDL070W,0.2397
YDL071C,
YDL072C,0.354
YDL073W,0.4401
YDL074C,0.4055
YDL075W,0.9704
YDL076C,0.3913
YDL077C,0.391
YDL078C,0.2785
YDL079C,0.425
YDL080C,0.4268
YDL081C,0.4778
YDL082W,0.2489
YDL083C,0.5289
YDL084W,0.3769
YDL085C-A,0.1818
YDL085W,0.3877
YDL086C-A,
YDL086W,0.3899
YDL087C,0.3512
YDL088C,0.4724
YDL089W,0.3689
YDL090C,0.417
YDL091C,0.4792
YDL092W,
YDL093W,12.0626
YDL094C,
YDL095W,0.4481
YDL096C,
YDL097C,0.3538
YDL098C,0.7772
YDL099W,0.4045
YDL100C,0.3609
YDL101C,0.3484
YDL102W,0.4801
YDL103C,0.3546
YDL104C,0.4812
YDL105W,0.3673
YDL106C,0.4033
YDL107W,0.4721
YDL108W,0.4711
YDL109C,0.3731
YDL110C,0.2881
YDL111C,0.3552
YDL112W,0.3805
YDL113C,0.363
YDL114W,0.5494
YDL114W-A,
YDL115C,0.415
YDL116W,0.443
YDL117W,0.4446
YDL118W,
YDL119C,0.366
YDL120W,0.259
YDL121C,0.4396
YDL122W,0.4942
YDL123W,
YDL124W,0.4663
YDL125C,0.2423
YDL126C,0.4737
YDL127W,0.3761
YDL128W,0.3314
YDL129W,0.2093
YDL130W,0.2974
YDL130WA,
YDL130W-A,0.647
YDL131W,0.4743
YDL132W,0.4143
YDL133CA,
YDL133C-A,
YDL133W,0.427
YDL134C,0.408
YDL134C-A,
YDL135C,0.3488
YDL136W,0.2632
YDL137W,0.4711
YDL138W,0.4105
YDL139C,0.4486
YDL140C,0.3458
YDL141W,78.4041
YDL142C,0.3385
YDL143W,0.3182
YDL144C,0.4127
YDL145C,0.3228
YDL146W,0.3624
YDL147W,0.3719
YDL148C,0.5236
YDL149W,0.4658
YDL150W,0.4439
YDL151C,
YDL152W,
YDL153C,0.5287
YDL154W,0.4922
YDL155W,0.3771
YDL156W,0.401
YDL157C,
YDL158C,
YDL159C-B,
YDL159W,0.3604
YDL159W-A,
YDL160C,0.375
YDL160C-A,
YDL161W,0.4189
YDL162C,
YDL163W,
YDL164C,0.4396
YDL165W,0.4822
YDL166C,0.6042
YDL167C,0.3716
YDL168W,0.5928
YDL169C,0.4426
YDL170W,0.2737
YDL171C,0.3993
YDL172C,
YDL173W,0.45
YDL174C,0.3932
YDL175C,0.3307
YDL176W,0.4662
YDL177C,0.3102
YDL178W,0.3545
YDL179W,0.4
YDL180W,0.2513
YDL181W,0.3365
YDL182W,0.4674
YDL183C,0.3557
YDL184C,
YDL185C-A,
YDL185W,0.1865
YDL186W,0.4873
YDL187C,
YDL188C,0.4715
YDL189W,0.3348
YDL190C,0.4011
YDL191W,
YDL192W,0.2475
YDL193W,0.2612
YDL194W,0.4165
YDL195W,0.3276
YDL196W,
YDL197C,0.4746
YDL198C,0.3872
YDL199C,0.4312
YDL200C,0.3927
YDL201W,0.364
YDL202W,0.3853
YDL203C,0.4804
YDL204W,0.3989
YDL205C,0.4046
YDL206W,0.3839
YDL207W,0.3861
YDL208W,0.554
YDL209C,0.5089
YDL210W,0.3221
YDL211C,0.393
YDL212W,0.5229
YDL213C,0.5271
YDL214C,0.3637
YDL215C,0.4293
YDL216C,0.4583
YDL217C,0.6772
YDL218W,0.3985
YDL219W,0.3324
YDL220C,0.367
YDL221W,
YDL222C,0.3387
YDL223C,0.6453
YDL224C,0.3091
YDL225W,0.4314
YDL226C,0.4314
YDL227C,0.4732
YDL228C,
YDL229W,0.3501
YDL230W,0.4493
YDL231C,0.3618
YDL232W,
YDL233W,0.3608
YDL234C,0.3311
YDL235C,0.2485
YDL236W,0.5237
YDL237W,0.3413
YDL238C,0.3501
YDL239C,0.4427
YDL240C-A,
YDL240W,0.4007
YDL241W,
YDL242W,
YDL243C,0.725
YDL244W,
YDL245C,
YDL246C,
YDL247W,0.4737
YDL247W-A,
YDL248W,
YDR001C,0.3308
YDR002W,0.2965
YDR003W,0.3858
YDR003W-A,
YDR004W,0.4145
YDR005C,0.4249
YDR006C,0.2786
YDR007W,0.4307
YDR008C,
YDR009W,0.4255
YDR010C,
YDR011W,0.3763
YDR012W,
YDR013W,0.3723
YDR014W,0.4901
YDR014W-A,0.5021
YDR015C,
YDR016C,0.4841
YDR017C,0.3383
YDR018C,0.3055
YDR019C,0.3734
YDR020C,0.4136
YDR021W,0.3736
YDR022C,0.3876
YDR023W,0.5528
YDR024W,
YDR025W,0.4696
YDR026C,0.3996
YDR027C,0.4286
YDR028C,0.4561
YDR029W,
YDR030C,0.5285
YDR031W,0.2441
YDR032C,0.3232
YDR033W,0.2446
YDR034C,0.4243
YDR034CA,
YDR034C-A,
YDR034C-C,
YDR034C-D,
YDR034WB,
YDR034W-B,
YDR035W,0.1571
YDR036C,0.0081
YDR037W,0.0046
YDR038C,0.0867
YDR039C,4.1125
YDR040C,
YDR041W,0.4068
YDR042C,
YDR043C,
YDR044W,0.4766
YDR045C,0.2595
YDR046C,0.411
YDR047W,0.3749
YDR048C,
YDR049W,0.3647
YDR050C,0.1081
YDR051C,0.314
YDR052C,0.3456
YDR053W,
YDR054C,0.2171
YDR055W,0.3195
YDR056C,0.3931
YDR057W,0.4036
YDR058C,0.5617
YDR059C,0.3271
YDR060W,0.4694
YDR061W,0.3774
YDR062W,0.431
YDR063W,0.4813
YDR064W,
YDR065W,0.46
YDR066C,0.5582
YDR067C,0.5629
YDR068W,0.414
YDR069C,0.3208
YDR070C,0.4071
YDR071C,0.3438
YDR072C,0.3031
YDR073W,
YDR074W,0.4528
YDR075W,0.4699
YDR076W,0.3881
YDR077W,8.3631
YDR078C,0.4437
YDR079C-A,
YDR079W,0.2427
YDR080W,0.3898
YDR081C,0.5155
YDR082W,0.4541
YDR083W,0.3766
YDR084C,0.4955
YDR085C,0.3769
YDR086C,0.1435
YDR087C,0.3127
YDR088C,0.545
YDR089W,0.444
YDR090C,0.4315
YDR091C,0.4079
YDR092W,0.4368
YDR093W,0.4005
YDR094W,
YDR095C,
YDR096W,0.4666
YDR097C,0.4429
YDR098C,0.5271
YDR098C-A,
YDR098C-B,
YDR099W,0.2942
YDR100W,
YDR101C,0.3836
YDR102C,
YDR103W,0.4448
YDR104C,0.4851
YDR105C,0.3975
YDR106W,0.4035
YDR107C,0.404
YDR108W,0.4742
YDR109C,0.4461
YDR110W,0.5585
YDR111C,0.4662
YDR112W,
YDR113C,0.4169
YDR114C,
YDR115W,
YDR116C,0.4741
YDR117C,0.3955
YDR118W,0.3895
YDR118W-A,
YDR119W,0.3056
YDR119W-A,
YDR120C,0.4956
YDR121W,0.524
YDR122W,0.4705
YDR123C,0.3453
YDR124W,0.5394
YDR125C,0.4502
YDR126W,
YDR127W,0.3707
YDR128W,0.4292
YDR129C,0.4634
YDR130C,0.5969
YDR131C,0.5722
YDR132C,0.4022
YDR133C,
YDR134C,
YDR135C,0.4479
YDR136C,
YDR137W,0.4159
YDR138W,0.5132
YDR139C,
YDR140W,0.4387
YDR141C,0.3684
YDR142C,0.461
YDR143C,0.37
YDR144C,0.3449
YDR145W,0.4655
YDR146C,0.4437
YDR147W,0.3891
YDR148C,0.4648
YDR149C,
YDR150W,0.5065
YDR151C,0.449
YDR152W,0.4521
YDR153C,0.3876
YDR154C,
YDR155C,0.312
YDR156W,0.3354
YDR157W,
YDR158W,0.4889
YDR159W,0.5075
YDR160W,0.5723
YDR161W,0.457
YDR162C,0.6218
YDR163W,0.2874
YDR164C,0.4153
YDR165W,0.4651
YDR166C,0.3843
YDR167W,0.3686
YDR168W,0.4471
YDR169C,0.4315
YDR169C-A,
YDR170C,0.4321
YDR170W-A,
YDR171W,0.4719
YDR172W,0.3436
YDR173C,0.4459
YDR174W,0.2596
YDR175C,0.536
YDR176W,0.4007
YDR177W,0.3552
YDR178W,0.2753
YDR179C,
YDR179WA,
YDR179W-A,0.4279
YDR180W,0.3987
YDR181C,0.3816
YDR182W,0.3916
YDR182W-A,
YDR183C-A,
YDR183W,0.4776
YDR184C,0.3408
YDR185C,0.3273
YDR186C,0.3689
YDR187C,
YDR188W,0.4458
YDR189W,0.423
YDR190C,0.3504
YDR191W,0.3886
YDR192C,0.3071
YDR193W,
YDR194C,0.5123
YDR194W-A,
YDR195W,0.2738
YDR196C,0.4388
YDR197W,0.4708
YDR198C,0.3235
YDR199W,
YDR200C,0.4486
YDR201W,0.3654
YDR202C,0.4877
YDR203W,
YDR204W,0.3944
YDR205W,0.3895
YDR206W,0.3994
YDR207C,0.2763
YDR208W,0.3861
YDR209C,
YDR210C-C,
YDR210C-D,
YDR210W,
YDR210W-A,
YDR210W-B,
YDR211W,0.4124
YDR212W,0.34
YDR213W,0.3809
YDR214W,0.436
YDR215C,
YDR216W,0.4767
YDR217C,0.4659
YDR218C,0.5666
YDR219C,0.4348
YDR220C,
YDR221W,0.4087
YDR222W,0.4429
YDR223W,0.4496
YDR224C,0.2408
YDR225W,0.2159
YDR226W,0.3853
YDR227W,0.4267
YDR228C,0.3647
YDR229W,0.397
YDR230W,
YDR231C,0.3206
YDR232W,0.3147
YDR233C,0.2806
YDR234W,0.2924
YDR235W,0.3715
YDR236C,0.4217
YDR237W,0.4043
YDR238C,0.2961
YDR239C,0.3948
YDR240C,0.3872
YDR241W,
YDR242W,0.3272
YDR243C,0.5971
YDR244W,19.755
YDR245W,0.3969
YDR246W,0.4842
YDR246W-A,
YDR247W,0.4288
YDR248C,0.4614
YDR249C,0.3402
YDR250C,
YDR251W,0.3476
YDR252W,0.8135
YDR253C,0.3094
YDR254W,0.4737
YDR255C,0.439
YDR256C,0.3379
YDR257C,0.9448
YDR258C,0.5179
YDR259C,0.5021
YDR260C,0.234
YDR261C,0.3777
YDR261C-C,
YDR261C-D,
YDR261W-A,
YDR261W-B,
YDR262W,0.4851
YDR263C,0.4195
YDR264C,0.4313
YDR265W,0.3087
YDR266C,0.4015
YDR267C,0.3572
YDR268W,0.399
YDR269C,
YDR270W,0.4223
YDR271C,
YDR272W,0.4076
YDR273W,0.5474
YDR274C,
YDR275W,0.4774
YDR276C,
YDR277C,0.3806
YDR278C,
YDR279W,0.4316
YDR280W,0.4742
YDR281C,
YDR282C,0.3708
YDR283C,0.3311
YDR284C,0.3782
YDR285W,0.4811
YDR286C,
YDR287W,0.3622
YDR288W,0.3006
YDR289C,0.4421
YDR290W,
YDR291W,0.43
YDR292C,0.377
YDR293C,0.465
YDR294C,0.3541
YDR295C,0.4534
YDR296W,0.4927
YDR297W,0.3618
YDR298C,0.2889
YDR299W,0.416
YDR300C,0.4337
YDR301W,0.4065
YDR302W,
YDR303C,0.3487
YDR304C,0.4734
YDR305C,0.5934
YDR306C,0.2856
YDR307W,0.3913
YDR308C,0.3082
YDR309C,0.3267
YDR310C,0.4029
YDR311W,0.4369
YDR312W,
YDR313C,0.3275
YDR314C,0.4834
YDR315C,0.3333
YDR316W,0.5251
YDR316W-A,0.041
YDR316W-B,
YDR317W,0.5236
YDR318W,0.4911
YDR319C,
YDR320C,0.4364
YDR320C-A,
YDR320W-B,
YDR321W,0.3539
YDR322CA,
YDR322C-A,1.0919
YDR322W,0.3359
YDR323C,0.3623
YDR324C,0.3912
YDR325W,0.436
YDR326C,0.4628
YDR327W,
YDR328C,0.4043
YDR329C,0.4018
YDR330W,
YDR331W,0.3847
YDR332W,0.3677
YDR333C,0.4887
YDR334W,0.4533
YDR335W,
YDR336W,0.3047
YDR337W,0.4064
YDR338C,0.3442
YDR339C,0.6513
YDR340W,
YDR341C,0.4401
YDR342C,
YDR343C,
YDR344C,
YDR345C,0.5386
YDR346C,0.3992
YDR347W,0.4592
YDR348C,0.3328
YDR349C,0.4001
YDR350C,0.42
YDR351W,0.4264
YDR352W,0.3271
YDR353W,0.2547
YDR354C-A,
YDR354W,0.3427
YDR355C,
YDR356W,0.4892
YDR357C,0.3152
YDR358W,0.3678
YDR359C,0.4257
YDR360W,
YDR361C,0.3316
YDR362C,0.4632
YDR363W,0.4255
YDR363WA,
YDR363W-A,0.3735
YDR364C,0.4442
YDR365C,0.5035
YDR365W-B,
YDR366C,
YDR367W,0.2696
YDR368W,0.6536
YDR369C,0.4498
YDR370C,0.2796
YDR371C-A,
YDR371W,0.4343
YDR372C,0.312
YDR373W,0.5726
YDR374C,0.4672
YDR374W-A,
YDR375C,0.4477
YDR376W,0.4694
YDR377W,0.559
YDR378C,0.4849
YDR379C-A,
YDR379W,0.4132
YDR380W,0.3591
YDR381C-A,
YDR381W,0.3448
YDR382W,0.0613
YDR383C,0.4024
YDR384C,0.4113
YDR385W,0.1664
YDR386W,0.5284
YDR387C,0.3682
YDR388W,0.3028
YDR389W,0.3455
YDR390C,0.3845
YDR391C,0.492
YDR392W,0.5281
YDR393W,0.2605
YDR394W,0.2444
YDR395W,0.3577
YDR396W,
YDR397C,0.2156
YDR398W,0.35
YDR399W,0.3689
YDR400W,0.3832
YDR401W,
YDR402C,0.5255
YDR403W,0.388
YDR404C,0.3003
YDR405W,0.4284
YDR406W,0.4141
YDR406W-A,
YDR407C,0.4535
YDR408C,0.3292
YDR409W,0.4687
YDR410C,
YDR411C,0.3874
YDR412W,0.4176
YDR413C,
YDR414C,
YDR415C,0.4683
YDR416W,0.3758
YDR417C,
YDR418W,0.9661
YDR419W,0.4695
YDR420W,0.4113
YDR421W,0.4464
YDR422C,0.3497
YDR423C,0.4504
YDR424C,0.1602
YDR425W,0.3529
YDR426C,
YDR427W,0.3707
YDR428C,0.2984
YDR429C,0.2311
YDR430C,0.4506
YDR431W,
YDR432W,0.2891
YDR433W,
YDR434W,0.4287
YDR435C,0.4239
YDR436W,0.3638
YDR437W,0.3749
YDR438W,0.3047
YDR439W,0.3802
YDR440W,0.4201
YDR441C,0.3899
YDR442W,
YDR443C,0.4061
YDR444W,0.3937
YDR445C,
YDR446W,0.3636
YDR447C,0.4176
YDR448W,0.5157
YDR449C,0.3683
YDR450W,0.1962
YDR451C,0.426
YDR452W,0.3809
YDR453C,0.5398
YDR454C,0.5396
YDR455C,
YDR456W,0.3894
YDR457W,0.4328
YDR458C,0.5963
YDR459C,0.3494
YDR460W,0.4556
YDR461C-A,
YDR461W,
YDR462W,0.5
YDR463W,0.4666
YDR464C-A,
YDR464W,0.5287
YDR465C,0.3499
YDR466W,0.3383
YDR467C,
YDR468C,0.484
YDR469W,0.2429
YDR470C,0.3716
YDR471W,1.8141
YDR472W,0.5738
YDR473C,0.4797
YDR474C,
YDR475C,0.3799
YDR476C,0.2738
YDR477W,0.3701
YDR478W,0.5737
YDR479C,0.3862
YDR480W,0.2793
YDR481C,0.3699
YDR482C,
YDR483W,0.3847
YDR484W,0.4744
YDR485C,0.5025
YDR486C,0.318
YDR487C,0.3711
YDR488C,0.4655
YDR489W,0.4144
YDR490C,0.4282
YDR491C,
YDR492W,0.2866
YDR493W,0.2471
YDR494W,0.33
YDR495C,0.4363
YDR496C,0.3997
YDR497C,0.3716
YDR498C,0.3242
YDR499W,0.4105
YDR500C,0.0992
YDR501W,0.3666
YDR502C,0.4101
YDR503C,
YDR504C,
YDR505C,0.4465
YDR506C,0.2913
YDR507C,0.4838
YDR508C,0.4337
YDR509W,
YDR510C-A,
YDR510W,0.4847
YDR511W,
YDR512C,
YDR513W,0.454
YDR514C,0.3945
YDR515W,0.3983
YDR516C,0.312
YDR517W,0.4642
YDR518W,0.3629
YDR519W,0.4676
YDR520C,0.4336
YDR521W,
YDR522C,0.3786
YDR523C,0.3562
YDR524C,0.3216
YDR524C-A,
YDR524C-B,0.3218
YDR524W-C,
YDR525W,
YDR525WA,
YDR525W-A,
YDR526C,
YDR527W,0.5895
YDR528W,0.3829
YDR529C,0.3322
YDR530C,0.3774
YDR531W,0.2562
YDR532C,0.46
YDR533C,0.5139
YDR534C,1.0037
YDR535C,
YDR536W,0.4461
YDR537C,
YDR538W,0.2804
YDR539W,0.3711
YDR540C,
YDR541C,
YDR542W,
YDR543C,
YDR544C,
YDR545C-A,
YDR545W,
YEL001C,0.3209
YEL002C,0.3838
YEL003W,0.5105
YEL004W,
YEL005C,
YEL006W,0.3375
YEL007W,0.3709
YEL008C-A,
YEL008W,
YEL009C,0.3491
YEL009C-A,
YEL010W,
YEL011W,0.4606
YEL012W,0.2705
YEL013W,0.3109
YEL014C,
YEL015W,0.3488
YEL016C,0.3021
YEL017CA,
YEL017C-A,
YEL017W,0.255
YEL018C-A,
YEL018W,0.2966
YEL019C,0.3458
YEL020C,0.3911
YEL020C-B,
YEL020WA,
YEL020W-A,0.2762
YEL021W,0.3678
YEL022W,0.3358
YEL023C,0.411
YEL024W,0.3042
YEL025C,0.3907
YEL026W,0.0848
YEL027W,0.06
YEL028W,
YEL029C,0.2606
YEL030C-A,
YEL030W,0.4686
YEL031W,0.315
YEL032C-A,
YEL032W,0.3854
YEL033W,
YEL034C-A,
YEL034W,0.124
YEL035C,
YEL036C,0.3035
YEL037C,0.339
YEL038W,0.4148
YEL039C,0.6052
YEL040W,0.4241
YEL041W,0.4275
YEL042W,0.4358
YEL043W,0.3954
YEL044W,1.2032
YEL045C,
YEL046C,0.3343
YEL047C,0.4178
YEL048C,0.3412
YEL049W,
YEL050C,0.2806
YEL050W-A,
YEL051W,0.1554
YEL052W,0.3439
YEL053C,0.3829
YEL053W-A,
YEL054C,
YEL055C,0.3842
YEL056W,0.3731
YEL057C,0.4218
YEL058W,0.4498
YEL059CA,
YEL059C-A,
YEL059W,
YEL060C,0.3978
YEL061C,0.4246
YEL062W,0.5106
YEL063C,0.3617
YEL064C,0.5256
YEL065W,0.4052
YEL066W,0.3346
YEL067C,
YEL068C,
YEL069C,
YEL070W,
YEL071W,0.3207
YEL072W,0.2677
YEL073C,0.0272
YEL074W,
YEL075C,
YEL075W-A,
YEL076C,
YEL076C-A,
YEL076W-C,
YEL077C,
YEL077W-A,
YER001W,0.5022
YER002W,0.4082
YER003C,0.3225
YER004W,0.3548
YER005W,0.3469
YER006C-A,
YER006W,0.3243
YER007CA,
YER007C-A,0.3335
YER007W,0.3798
YER008C,0.4618
YER009W,0.4962
YER010C,0.47
YER011W,1.658
YER012W,0.2997
YER013W,0.3822
YER014C-A,
YER014W,0.4611
YER015W,0.4561
YER016W,0.3729
YER017C,0.4277
YER018C,0.2602
YER019CA,
YER019C-A,
YER019W,0.4156
YER020W,0.3958
YER021W,0.2763
YER022W,0.3679
YER023C-A,
YER023W,0.2746
YER024W,68.7051
YER025W,0.2684
YER026C,0.3428
YER027C,0.3345
YER028C,0.3506
YER029C,0.4989
YER030W,0.3456
YER031C,0.3187
YER032W,0.4176
YER033C,0.5278
YER034W,0.6648
YER035W,0.5319
YER036C,0.3007
YER037W,0.2953
YER038C,0.5059
YER038W-A,
YER039C,0.4164
YER039CA,
YER039C-A,
YER040W,0.2975
YER041W,0.4111
YER042W,0.6169
YER043C,0.4474
YER044C,0.2603
YER044CA,
YER044C-A,
YER045C,0.3733
YER046W,0.4153
YER046W-A,
YER047C,0.4566
YER048C,0.502
YER048WA,
YER048W-A,
YER049W,0.5116
YER050C,0.4501
YER051W,0.3598
YER052C,0.3111
YER053C,0.377
YER053C-A,
YER054C,0.3349
YER055C,0.484
YER056C,
YER056CA,
YER056C-A,
YER057C,0.4432
YER058W,
YER059W,0.3962
YER060W,0.4228
YER060w-A,
YER060W-A,0.4786
YER061C,0.471
YER062C,0.3716
YER063W,0.5336
YER064C,0.4579
YER065C,0.4066
YER066C-A,
YER066W,
YER067C-A,
YER067W,0.3714
YER068C-A,
YER068W,0.3735
YER069W,0.4223
YER070W,0.3712
YER071C,0.4157
YER072W,0.2505
YER073W,0.3426
YER074W,
YER074W-A,
YER075C,0.4136
YER076C,0.1641
YER076W-A,
YER077C,0.0458
YER078C,0.3712
YER078W-A,
YER079C-A,
YER079W,0.2788
YER080W,0.3711
YER081W,0.3338
YER082C,0.3772
YER083C,0.3842
YER084W,
YER084W-A,
YER085C,0.4373
YER086W,0.3012
YER087C-A,
YER087C-B,0.1997
YER087W,0.4242
YER088C,0.249
YER088C-A,
YER088W-B,
YER089C,0.3204
YER090C-A,
YER090W,0.488
YER091C,0.4213
YER091C-A,
YER092W,0.7356
YER093C,0.3779
YER093CA,
YER093C-A,0.5126
YER094C,
YER095W,0.3049
YER096W,0.3884
YER097W,
YER098W,0.4769
YER099C,0.433
YER100W,0.4543
YER101C,0.3858
YER102W,
YER103W,0.4337
YER104W,0.4071
YER105C,0.4302
YER106W,0.4988
YER107C,0.45
YER107W-A,
YER108C,
YER109C,0.3903
YER110C,0.3944
YER111C,0.4223
YER112W,0.5511
YER113C,0.3203
YER114C,0.442
YER115C,
YER116C,0.5373
YER117W,
YER118C,0.3829
YER119C,0.3175
YER119CA,
YER119C-A,
YER120W,0.1548
YER121W,0.28
YER122C,0.36
YER123W,0.4185
YER124C,0.3503
YER125W,0.3322
YER126C,0.3282
YER127W,0.355
YER128W,0.4765
YER129W,0.5176
YER130C,0.5984
YER131W,0.2663
YER132C,0.3992
YER133W,0.148
YER133W-A,
YER134C,0.4388
YER135C,
YER136W,0.3463
YER137C,0.4714
YER137W-A,
YER138C,
YER138WA,
YER138W-A,
YER139C,0.3456
YER140W,0.3316
YER141W,0.4161
YER142C,0.7544
YER143W,0.4042
YER144C,0.4631
YER145C,0.2688
YER145C-A,
YER146W,0.4841
YER147C,0.3576
YER147C-A,
YER148W,0.2934
YER148W-A,
YER149C,0.5664
YER150W,0.4306
YER151C,0.5407
YER152C,0.3907
YER152W-A,
YER153C,
YER154W,0.3288
YER155C,0.3862
YER156C,0.3623
YER157W,0.4071
YER158C,0.3379
YER158W-A,
YER159C,0.4077
YER160C,
YER161C,0.5104
YER162C,0.4664
YER163C,0.3831
YER164W,0.3998
YER165C-A,
YER165W,0.1896
YER166W,0.3689
YER167W,0.3233
YER168C,0.3631
YER169W,0.4443
YER170W,0.3859
YER171W,0.3693
YER172C,0.4239
YER172C-A,
YER173W,0.5161
YER174C,0.3338
YER175C,0.6887
YER175W-A,
YER176W,0.3851
YER177W,0.2492
YER178W,0.3039
YER179W,0.4648
YER180C,0.3355
YER180C-A,
YER181C,
YER182W,0.3991
YER183C,0.6478
YER184C,0.4714
YER185W,0.4382
YER186C,
YER187W,0.2787
YER188C-A,
YER188W,
YER189W,
YER190C-A,
YER190C-B,
YER190W,
YFL001W,0.3836
YFL002C,0.4225
YFL002W-A,
YFL002W-B,
YFL003C,0.3624
YFL004W,0.32
YFL005W,0.2805
YFL006W,
YFL007W,0.4032
YFL008W,0.3772
YFL009W,0.3804
YFL010C,0.3236
YFL010W-A,
YFL011W,0.4565
YFL011W-A,
YFL012W,
YFL012W-A,
YFL013C,0.3996
YFL013W-A,
YFL014W,0.2413
YFL015C,
YFL015W-A,
YFL016C,0.3831
YFL017C,0.3508
YFL017WA,
YFL017W-A,
YFL018C,0.4125
YFL018W-A,
YFL019C,
YFL020C,
YFL021C-A,
YFL021W,0.3241
YFL022C,0.3127
YFL023W,0.5194
YFL024C,0.3933
YFL025C,0.3382
YFL026W,0.4408
YFL027C,0.3589
YFL028C,0.4573
YFL029C,0.4337
YFL030W,0.3459
YFL031C-A,
YFL031W,0.1995
YFL032W,
YFL033C,0.3671
YFL034CA,
YFL034C-A,0.2399
YFL034CB,
YFL034C-B,0.263
YFL034W,0.4489
YFL035C,
YFL035C-A,
YFL035C-B,
YFL036W,0.4514
YFL037W,0.2821
YFL038C,0.3961
YFL039C,0.166
YFL040W,0.4502
YFL041W,0.3769
YFL041W-A,
YFL042C,0.3668
YFL043C,
YFL044C,0.3644
YFL045C,0.4699
YFL046W,0.5027
YFL047W,0.398
YFL048C,0.3581
YFL049W,0.4742
YFL050C,0.5624
YFL051C,0.4574
YFL052W,0.7767
YFL053W,0.2262
YFL054C,0.5306
YFL055W,0.4088
YFL056C,
YFL057C,
YFL058W,0.353
YFL059W,
YFL060C,0.3873
YFL061W,
YFL062W,
YFL063W,
YFL064C,
YFL065C,
YFL066C,
YFL067W,
YFL068W,
YFL-TYA,
YFL-TYB,
YFR001W,0.5139
YFR002W,0.3288
YFR003C,0.4538
YFR004W,0.3495
YFR005C,0.3866
YFR006W,0.3246
YFR007W,0.3834
YFR008W,0.4282
YFR009W,0.3917
YFR009W-A,
YFR010W,0.2969
YFR010W-A,
YFR011C,0.2761
YFR012W,
YFR012W-A,1.8722
YFR013W,0.3918
YFR014C,0.4151
YFR015C,0.3652
YFR016C,0.5682
YFR017C,0.3327
YFR018C,0.2842
YFR019W,0.438
YFR020W,
YFR021W,0.3423
YFR022W,0.3204
YFR023W,0.4427
YFR024C,
YFR024CA,
YFR024C-A,0.3578
YFR025C,0.2925
YFR026C,
YFR027W,0.3853
YFR028C,0.3239
YFR029W,0.3315
YFR030W,0.3623
YFR031C,0.3866
YFR031CA,
YFR031C-A,0.1354
YFR032C,0.4739
YFR032CA,
YFR032C-A,
YFR032C-B,
YFR033C,0.2441
YFR034C,0.4138
YFR034W-A,
YFR035C,
YFR036W,0.6493
YFR036W-A,
YFR037C,0.3038
YFR038W,0.4177
YFR039C,0.4458
YFR040W,0.4105
YFR041C,0.3126
YFR042W,
YFR043C,0.4674
YFR044C,0.3791
YFR045W,0.3652
YFR046C,0.4215
YFR047C,0.3293
YFR048W,0.4081
YFR049W,
YFR050C,0.4264
YFR051C,0.3841
YFR052C-A,
YFR052W,0.2656
YFR053C,0.3059
YFR054C,
YFR055W,0.3299
YFR056C,
YFR057W,
YGL001C,0.4353
YGL002W,0.4082
YGL003C,0.3981
YGL004C,0.3233
YGL005C,0.5076
YGL006W,
YGL006W-A,
YGL007C-A,
YGL007W,
YGL008C,0.2094
YGL009C,0.4612
YGL010W,
YGL011C,0.4163
YGL012W,0.4442
YGL013C,0.3997
YGL014C-A,
YGL014W,0.4402
YGL015C,0.4031
YGL016W,0.313
YGL017W,0.4644
YGL018C,0.4768
YGL019W,0.3409
YGL020C,0.3946
YGL021W,0.4304
YGL022W,0.3295
YGL023C,0.461
YGL024W,
YGL025C,0.3532
YGL026C,0.3458
YGL027C,0.4259
YGL028C,0.5007
YGL029W,0.2531
YGL030W,0.1069
YGL031C,0.118
YGL032C,
YGL033W,0.4709
YGL034C,
YGL035C,0.4047
YGL036W,0.3257
YGL037C,0.3114
YGL038C,0.3658
YGL039W,0.399
YGL040C,0.4327
YGL041C,
YGL041C-B,
YGL041W-A,0.6585
YGL042C,
YGL043W,0.3082
YGL044C,0.2786
YGL045W,0.4067
YGL046W,
YGL047W,0.4046
YGL048C,0.3671
YGL049C,0.4461
YGL050W,0.4841
YGL051W,0.4786
YGL052W,
YGL053W,
YGL054C,0.3546
YGL055W,0.2313
YGL056C,0.3185
YGL057C,0.5586
YGL058W,0.4045
YGL059W,0.3699
YGL060W,0.3937
YGL061C,0.4268
YGL062W,0.4516
YGL063C-A,
YGL063W,
YGL064C,0.4784
YGL065C,0.4251
YGL066W,0.4165
YGL067W,0.4772
YGL068W,0.251
YGL069C,
YGL070C,
YGL071W,0.4347
YGL072C,
YGL073W,0.4719
YGL074C,
YGL075C,0.4158
YGL076C,0.5269
YGL077C,0.4721
YGL078C,0.4208
YGL079W,0.4208
YGL080W,0.3817
YGL081W,0.4321
YGL082W,0.406
YGL083W,0.454
YGL084C,0.4069
YGL085W,0.443
YGL086W,0.4043
YGL087C,0.5412
YGL088W,
YGL089C,0.352
YGL090W,0.415
YGL091C,0.3254
YGL092W,0.4447
YGL093W,0.4772
YGL094C,0.4374
YGL095C,0.4086
YGL096W,0.418
YGL097W,0.5061
YGL098W,0.3983
YGL099W,0.4143
YGL100W,0.4372
YGL101W,0.5025
YGL102C,
YGL103W,0.2072
YGL104C,0.3825
YGL105W,0.256
YGL106W,0.4433
YGL107C,0.3935
YGL108C,0.4383
YGL109W,
YGL110C,0.5075
YGL111W,0.4224
YGL112C,0.3582
YGL113W,0.509
YGL114W,0.3676
YGL115W,0.3202
YGL116W,0.3677
YGL117W,0.4577
YGL118C,
YGL119W,0.387
YGL120C,0.3135
YGL121C,0.2472
YGL122C,0.6366
YGL123C-A,
YGL123W,0.1036
YGL124C,0.3698
YGL125W,0.5256
YGL126W,
YGL127C,0.2245
YGL128C,0.4479
YGL129C,0.4054
YGL130W,0.3326
YGL131C,0.4826
YGL132W,
YGL133W,0.388
YGL134W,0.3289
YGL135W,
YGL136C,0.3527
YGL137W,0.3568
YGL138C,0.5746
YGL139W,0.361
YGL140C,0.4445
YGL141W,0.4672
YGL142C,0.4594
YGL143C,0.4434
YGL144C,0.4447
YGL145W,0.405
YGL146C,0.3444
YGL147C,0.2332
YGL148W,0.4472
YGL149W,
YGL150C,0.4488
YGL151W,0.3868
YGL152C,
YGL153W,0.4091
YGL154C,0.3362
YGL155W,0.4393
YGL156W,0.412
YGL157W,0.4416
YGL158W,0.4363
YGL159W,0.3597
YGL160W,0.393
YGL161C,0.4518
YGL162W,0.4667
YGL163C,4.8195
YGL164C,0.5766
YGL165C,
YGL166W,0.4106
YGL167C,0.4122
YGL168W,
YGL169W,0.3204
YGL170C,0.4151
YGL171W,0.3857
YGL172W,0.3003
YGL173C,78.5411
YGL174W,0.4588
YGL175C,0.3178
YGL176C,0.4507
YGL177W,
YGL178W,0.3499
YGL179C,0.3687
YGL180W,0.4243
YGL181W,0.4498
YGL182C,
YGL183C,0.5149
YGL184C,0.3779
YGL185C,0.32
YGL186C,0.4134
YGL187C,0.2163
YGL188C,
YGL188C-A,
YGL189C,0.0584
YGL190C,0.2513
YGL191W,0.5251
YGL192W,0.3414
YGL193C,
YGL194C,0.3905
YGL194C-A,
YGL195W,0.3976
YGL196W,0.414
YGL197W,0.4447
YGL198W,
YGL199C,
YGL200C,0.3631
YGL201C,0.4152
YGL202W,0.346
YGL203C,0.5021
YGL204C,
YGL205W,0.4771
YGL206C,0.3898
YGL207W,0.5277
YGL208W,0.3779
YGL209W,0.2906
YGL210W,0.1893
YGL211W,0.3924
YGL212W,0.4871
YGL213C,0.3022
YGL214W,
YGL215W,0.3559
YGL216W,0.4527
YGL217C,
YGL218W,
YGL219C,0.3578
YGL220W,0.5631
YGL221C,0.3876
YGL222C,0.2231
YGL223C,0.3607
YGL224C,0.4438
YGL225W,0.2616
YGL226CA,
YGL226C-A,
YGL226W,
YGL227W,0.4568
YGL228W,0.3804
YGL229C,0.3496
YGL230C,
YGL231C,0.455
YGL232W,0.52
YGL233W,0.3339
YGL234W,0.2824
YGL235W,
YGL236C,0.3539
YGL237C,0.3101
YGL238W,0.3245
YGL239C,
YGL240W,0.4792
YGL241W,0.5128
YGL242C,0.4434
YGL243W,0.3769
YGL244W,0.4134
YGL245W,0.3958
YGL246C,0.5034
YGL247W,0.6133
YGL248W,0.3615
YGL249W,0.43
YGL250W,0.4178
YGL251C,0.4911
YGL252C,0.3729
YGL253W,0.3731
YGL254W,0.5552
YGL255W,0.4275
YGL256W,0.2272
YGL257C,0.561
YGL258W,0.5291
YGL258W-A,
YGL259W,
YGL260W,
YGL261C,0.2523
YGL262W,
YGL263W,
YGR001C,0.3535
YGR002C,0.4343
YGR003W,0.4543
YGR004W,0.3383
YGR005C,0.488
YGR006W,0.4053
YGR007W,0.4973
YGR008C,0.5484
YGR009C,0.4016
YGR010W,0.4343
YGR011W,
YGR012W,0.4224
YGR013W,0.3035
YGR014W,0.3402
YGR015C,0.3972
YGR016W,0.3047
YGR017W,0.2962
YGR018C,
YGR019W,0.2739
YGR020C,0.2983
YGR021W,0.4865
YGR022C,
YGR023W,0.4977
YGR024C,0.3144
YGR025W,
YGR026W,0.3776
YGR027C,0.0938
YGR027W-A,
YGR027W-B,
YGR028W,0.432
YGR029W,0.495
YGR030C,0.4294
YGR031C-A,
YGR031W,0.4723
YGR032W,0.4008
YGR033C,0.4303
YGR034W,0.0432
YGR035C,0.42
YGR035W-A,
YGR036C,0.3398
YGR037C,0.5122
YGR038C-A,
YGR038C-B,
YGR038W,0.3608
YGR039W,
YGR040W,0.4824
YGR041W,0.3925
YGR042W,0.5544
YGR043C,0.4654
YGR044C,0.3582
YGR045C,
YGR046W,0.4352
YGR047C,0.4935
YGR048W,0.4204
YGR049W,0.417
YGR050C,
YGR051C,
YGR052W,0.4899
YGR053C,0.6402
YGR054W,0.3363
YGR055W,0.3616
YGR056W,0.4126
YGR057C,0.4029
YGR058W,0.4223
YGR059W,0.4979
YGR060W,0.2559
YGR061C,0.3863
YGR062C,0.4076
YGR063C,
YGR064W,
YGR065C,0.4525
YGR066C,0.5137
YGR067C,0.3686
YGR068C,0.3803
YGR068W-A,
YGR069W,
YGR070W,0.41
YGR071C,0.4497
YGR072W,0.4734
YGR073C,
YGR074W,
YGR075C,0.3417
YGR076C,0.5276
YGR077C,0.3576
YGR078C,0.5076
YGR079W,0.3985
YGR080W,0.3614
YGR081C,0.3849
YGR082W,0.2767
YGR083C,0.4196
YGR084C,0.3351
YGR085C,0.5121
YGR086C,0.3075
YGR087C,0.4025
YGR088W,0.555
YGR089W,0.3856
YGR090W,0.3591
YGR091W,0.4127
YGR092W,0.4362
YGR093W,0.5202
YGR094W,0.3545
YGR095C,0.3156
YGR096W,0.3039
YGR097W,0.4268
YGR098C,0.4058
YGR099W,0.4001
YGR100W,0.4252
YGR101W,0.3724
YGR102C,0.3272
YGR103W,0.4585
YGR104C,0.4458
YGR105W,
YGR106C,0.3132
YGR107W,
YGR108W,0.4539
YGR109C,0.3877
YGR109W-A,
YGR109W-B,
YGR110W,0.4707
YGR111W,0.3871
YGR112W,0.4191
YGR113W,0.4309
YGR114C,
YGR115C,
YGR116W,0.4163
YGR117C,0.3933
YGR118W,0.4987
YGR119C,0.3413
YGR120C,0.3725
YGR121C,0.4091
YGR121W-A,
YGR122C-A,
YGR122W,0.383
YGR123C,0.3764
YGR124W,0.3137
YGR125W,0.3973
YGR126W,0.365
YGR127W,0.3208
YGR128C,0.4239
YGR129W,0.5645
YGR130C,0.7825
YGR131W,
YGR132C,0.4065
YGR133W,
YGR134W,0.3101
YGR135W,0.4795
YGR136W,0.3996
YGR137W,
YGR138C,
YGR139W,
YGR140W,0.4188
YGR141W,
YGR142W,
YGR143W,0.4789
YGR144W,0.4697
YGR145W,0.413
YGR146C,0.2796
YGR146C-A,
YGR147C,0.3659
YGR148C,0.1381
YGR149W,0.3903
YGR150C,0.4097
YGR151C,
YGR152C,0.3303
YGR153W,0.7461
YGR154C,0.3475
YGR155W,0.4938
YGR156W,0.2155
YGR157W,0.4059
YGR158C,0.3219
YGR159C,0.2488
YGR160W,
YGR161C,0.3076
YGR161C-D,
YGR161W-A,
YGR161W-B,
YGR161W-C,
YGR162W,0.3111
YGR163W,0.5352
YGR164W,
YGR165W,0.3254
YGR166W,0.3666
YGR167W,0.3488
YGR168C,0.3593
YGR169C,0.2823
YGR169C-A,0.1388
YGR170W,0.3793
YGR171C,0.428
YGR172C,0.3234
YGR173W,0.3603
YGR174C,0.5331
YGR174W-A,
YGR175C,0.3598
YGR176W,
YGR177C,0.3045
YGR178C,0.3565
YGR179C,0.6366
YGR180C,0.272
YGR181W,0.379
YGR182C,
YGR183C,
YGR184C,0.4458
YGR185C,0.3076
YGR186W,0.4197
YGR187C,0.4102
YGR188C,0.3885
YGR189C,0.4904
YGR190C,
YGR191W,0.3464
YGR192C,0.2067
YGR193C,0.2272
YGR194C,0.4602
YGR195W,0.3172
YGR196C,0.5933
YGR197C,0.3739
YGR198W,0.3799
YGR199W,0.4284
YGR200C,0.3799
YGR201C,0.528
YGR202C,0.398
YGR203W,
YGR204C-A,
YGR204W,0.3759
YGR205W,0.4227
YGR206W,0.2599
YGR207C,0.3171
YGR208W,0.4266
YGR209C,0.2133
YGR210C,0.2772
YGR211W,0.4095
YGR212W,0.4673
YGR213C,0.5137
YGR214W,0.3527
YGR215W,0.3796
YGR216C,0.3721
YGR217W,0.4205
YGR218W,0.3642
YGR219W,
YGR220C,0.564
YGR221C,0.4323
YGR222W,0.419
YGR223C,0.4987
YGR224W,0.4205
YGR225W,0.3552
YGR226C,
YGR227W,0.2919
YGR228W,
YGR229C,0.5009
YGR230W,
YGR231C,0.4371
YGR232W,0.4059
YGR233C,0.457
YGR234W,0.4537
YGR235C,0.4207
YGR236C,0.5431
YGR237C,0.4274
YGR238C,0.4708
YGR239C,0.3602
YGR240C,0.3547
YGR240C-A,
YGR241C,0.3386
YGR242W,
YGR243W,0.6533
YGR244C,0.3396
YGR245C,0.4679
YGR246C,0.5529
YGR247W,0.355
YGR248W,0.5896
YGR249W,0.3989
YGR250C,0.4564
YGR251W,0.3981
YGR252W,0.3071
YGR253C,0.3769
YGR254W,0.0705
YGR255C,0.4121
YGR256W,0.399
YGR257C,0.3865
YGR258C,0.4858
YGR259C,
YGR260W,0.3371
YGR261C,0.3392
YGR262C,0.3735
YGR263C,0.4965
YGR264C,0.4027
YGR265W,
YGR266W,0.4492
YGR267C,0.4033
YGR268C,
YGR269W,
YGR270C-A,
YGR270W,0.491
YGR271C-A,0.4766
YGR271W,0.4817
YGR272C,
YGR273C,0.6496
YGR274C,0.4978
YGR275W,0.4185
YGR276C,0.4107
YGR277C,0.3635
YGR278W,0.3968
YGR279C,0.2979
YGR280C,0.6563
YGR281W,0.463
YGR282C,0.2552
YGR283C,0.4842
YGR284C,0.2522
YGR285C,0.3495
YGR286C,0.3424
YGR287C,0.9639
YGR288W,0.9651
YGR289C,0.9006
YGR290W,
YGR291C,
YGR292W,0.5775
YGR293C,
YGR294W,0.2789
YGR295C,
YGR296C-A,
YGR296C-B,
YGR296W,
YHL001W,0.2012
YHL002C-A,
YHL002W,0.381
YHL003C,0.3482
YHL004W,0.3153
YHL005C,
YHL006C,
YHL006W-A,
YHL007C,0.332
YHL008C,0.428
YHL009C,0.5381
YHL009W-A,
YHL009W-B,
YHL010C,0.4367
YHL011C,0.3964
YHL012W,0.5428
YHL013C,0.7787
YHL014C,0.4219
YHL015W,0.0439
YHL015W-A,
YHL016C,0.4132
YHL017W,0.303
YHL018W,0.3354
YHL019C,0.3691
YHL019W-A,
YHL020C,0.4533
YHL021C,0.3274
YHL022C,0.5001
YHL023C,0.3906
YHL024W,0.3907
YHL025W,0.3483
YHL026C,0.2991
YHL027W,0.3755
YHL028W,0.3784
YHL029C,0.3315
YHL030W,0.3842
YHL030W-A,
YHL031C,0.3345
YHL032C,0.4452
YHL033C,
YHL034C,0.2808
YHL034W-A,
YHL035C,0.4559
YHL036W,0.4431
YHL037C,
YHL038C,0.5216
YHL039W,0.4419
YHL040C,0.4008
YHL041W,
YHL042W,
YHL043W,0.4374
YHL044W,0.4146
YHL045W,
YHL046C,
YHL046W-A,
YHL047C,
YHL048C-A,
YHL048W,
YHL049C,
YHL050C,
YHL050W-A,
YHR001W,0.3433
YHR001WA,
YHR001W-A,0.3308
YHR002W,0.2485
YHR003C,0.3233
YHR004C,0.5773
YHR005C,0.3073
YHR005CA,
YHR005C-A,0.3759
YHR006W,0.3803
YHR007C,0.2824
YHR007C-A,
YHR008C,0.3821
YHR009C,0.3488
YHR010W,
YHR011W,0.3158
YHR012W,0.5184
YHR013C,0.3322
YHR014W,0.6357
YHR015W,0.3569
YHR016C,0.5408
YHR017W,0.3818
YHR018C,0.3597
YHR019C,0.365
YHR020W,0.3198
YHR021C,
YHR021WA,
YHR021W-A,
YHR022C,0.4935
YHR022C-A,
YHR023W,0.4886
YHR024C,0.3851
YHR025W,0.3278
YHR026W,0.1131
YHR027C,0.3579
YHR028C,0.3479
YHR028W-A,
YHR029C,0.4276
YHR030C,0.3516
YHR031C,0.4075
YHR032C-A,
YHR032W,0.4115
YHR032W-A,
YHR033W,0.3906
YHR034C,0.5462
YHR035W,0.3911
YHR036W,0.2694
YHR037W,0.4979
YHR038W,0.4424
YHR039C,0.3386
YHR039CA,
YHR039C-A,0.1705
YHR039C-B,
YHR040W,0.4384
YHR041C,0.3787
YHR042W,0.3028
YHR043C,0.6098
YHR044C,0.6611
YHR045W,0.3672
YHR046C,0.4097
YHR047C,0.5058
YHR048W,0.3451
YHR049CA,
YHR049C-A,
YHR049W,0.3361
YHR050W,0.354
YHR050W-A,
YHR051W,0.2471
YHR052W,0.324
YHR052W-A,
YHR053C,
YHR054C,
YHR054W-A,
YHR055C,
YHR056C,0.3176
YHR056W-A,
YHR057C,0.3899
YHR058C,0.4558
YHR059W,0.3564
YHR060W,0.279
YHR061C,0.4038
YHR062C,0.2527
YHR063C,0.4045
YHR063W-A,
YHR064C,0.2983
YHR065C,0.508
YHR066W,0.4691
YHR067W,0.3757
YHR068W,0.3808
YHR069C,0.4131
YHR069C-A,
YHR070C-A,
YHR070W,0.3599
YHR071C-A,
YHR071W,0.45
YHR072W,0.3695
YHR072W-A,
YHR073C-B,
YHR073W,0.4228
YHR073W-A,
YHR074W,0.3222
YHR075C,0.392
YHR076W,0.3348
YHR077C,0.5943
YHR078W,0.325
YHR079C,0.4843
YHR079C-A,
YHR079C-B,
YHR080C,0.4826
YHR081W,1.0829
YHR082C,0.5011
YHR083W,0.2653
YHR084W,0.4364
YHR085W,0.549
YHR086W,0.384
YHR086W-A,
YHR087W,0.4119
YHR088W,0.3841
YHR089C,0.2529
YHR090C,0.7055
YHR091C,0.4742
YHR092C,0.7338
YHR093W,
YHR094C,0.3684
YHR095W,
YHR096C,0.3432
YHR097C,0.415
YHR098C,0.3613
YHR099W,0.4249
YHR100C,0.3581
YHR101C,0.2401
YHR102W,0.3577
YHR103W,0.3885
YHR104W,0.3816
YHR105W,0.4717
YHR106W,0.3582
YHR107C,0.4038
YHR108W,0.3561
YHR109W,0.454
YHR110W,0.5586
YHR111W,0.5342
YHR112C,0.3189
YHR113W,0.4702
YHR114W,0.427
YHR115C,0.2551
YHR116W,0.4918
YHR117W,0.3538
YHR118C,0.4029
YHR119W,0.4658
YHR120W,0.4528
YHR121W,0.2861
YHR122W,0.3315
YHR123W,0.3228
YHR124W,0.4451
YHR125W,
YHR126C,0.4553
YHR127W,0.5624
YHR128W,0.3442
YHR129C,0.3819
YHR130C,
YHR131C,0.519
YHR131W-A,
YHR132C,0.3519
YHR132W-A,0.3345
YHR133C,0.3822
YHR134W,0.4648
YHR135C,0.4132
YHR136C,0.4017
YHR137C-A,
YHR137W,0.419
YHR138C,0.3409
YHR139C,0.3885
YHR139C-A,
YHR140W,0.4025
YHR141C,0.3298
YHR142W,0.3927
YHR143W,0.3995
YHR143WA,
YHR143W-A,0.3235
YHR144C,0.4177
YHR145C,
YHR146W,0.5156
YHR147C,0.3383
YHR148W,0.2878
YHR149C,0.4356
YHR150W,0.3578
YHR151C,0.393
YHR152W,0.2317
YHR153C,0.3455
YHR154W,0.4495
YHR155W,0.4336
YHR156C,0.5522
YHR157W,0.5598
YHR158C,0.4334
YHR159W,0.3719
YHR160C,0.514
YHR161C,0.4892
YHR162W,0.2316
YHR163W,0.4292
YHR164C,0.4033
YHR165C,0.4121
YHR165W-A,
YHR166C,0.3384
YHR167W,0.2885
YHR168W,0.3474
YHR169W,0.3316
YHR170W,0.3782
YHR171W,0.496
YHR172W,0.3806
YHR173C,
YHR174W,0.1696
YHR175W,
YHR175W-A,
YHR176W,0.3673
YHR177W,0.4309
YHR178W,0.3442
YHR179W,0.3589
YHR180C-B,
YHR180W,
YHR180W-A,
YHR181W,
YHR182C-A,
YHR182W,0.3524
YHR183W,
YHR184W,0.5146
YHR185C,0.3789
YHR186C,0.405
YHR187W,0.3781
YHR188C,0.2875
YHR189W,
YHR190W,0.3859
YHR191C,0.3322
YHR192W,0.3238
YHR193C,0.2788
YHR193C-A,
YHR194W,0.3816
YHR195W,0.3912
YHR196W,0.3403
YHR197W,0.4181
YHR198C,
YHR199C,63.4468
YHR199C-A,
YHR200W,0.3562
YHR201C,0.4532
YHR202W,0.3893
YHR203C,
YHR204W,0.351
YHR205W,0.3308
YHR206W,0.347
YHR207C,0.448
YHR208W,0.3937
YHR209W,0.4812
YHR210C,0.5703
YHR211W,
YHR212C,
YHR212W-A,
YHR213W,
YHR213W-A,
YHR213W-B,
YHR214C-B,
YHR214C-C,
YHR214C-D,
YHR214C-E,
YHR214W,0.2673
YHR214WA,
YHR214W-A,
YHR215W,
YHR216W,69.3927
YHR217C,
YHR218W,
YHR218W-A,
YHR219C-A,
YHR219W,
YIL001W,0.3824
YIL002C,0.3533
YIL002W-A,0.4981
YIL003W,0.371
YIL004C,0.3591
YIL005W,0.3188
YIL006W,0.311
YIL007C,0.4738
YIL008W,0.2668
YIL009C-A,
YIL009W,0.3627
YIL010W,0.3577
YIL011W,0.5416
YIL012W,
YIL013C,0.3489
YIL014C-A,
YIL014W,0.3615
YIL015C-A,
YIL015W,0.384
YIL016W,0.492
YIL017C,0.4357
YIL017W,
YIL018W,0.2802
YIL019W,0.4867
YIL020C,0.4478
YIL020C-A,
YIL021C-A,
YIL021W,0.3206
YIL022W,0.3697
YIL023C,0.3592
YIL024C,0.354
YIL025C,
YIL026C,0.3814
YIL027C,0.2762
YIL028W,
YIL029C,
YIL029W-A,
YIL030C,0.3649
YIL030W-A,
YIL031W,0.4727
YIL032C,
YIL033C,0.2984
YIL034C,0.2732
YIL035C,0.2657
YIL036W,0.5391
YIL037C,0.4259
YIL038C,0.4094
YIL039W,0.3775
YIL040W,0.3568
YIL041W,0.4597
YIL042C,0.362
YIL043C,0.2376
YIL044C,0.2858
YIL045W,0.4171
YIL046W,67.3946
YIL046W-A,
YIL047C,0.3334
YIL047C-A,
YIL048W,0.3601
YIL049W,
YIL050W,0.4456
YIL051C,0.3606
YIL052C,9.3779
YIL053W,0.3395
YIL054W,
YIL055C,0.3565
YIL056W,0.318
YIL057C,0.6771
YIL058W,
YIL059C,
YIL060W,
YIL061C,0.3465
YIL062C,0.1843
YIL063C,0.3456
YIL064W,0.2962
YIL065C,0.4206
YIL066C,0.4851
YIL066W-A,
YIL067C,0.4197
YIL068C,0.4
YIL068W-A,
YIL069C,0.1322
YIL070C,0.4965
YIL071C,0.3238
YIL071W-A,
YIL072W,0.5241
YIL073C,0.3792
YIL074C,0.5519
YIL075C,0.4361
YIL076W,0.3213
YIL077C,0.3141
YIL078W,0.3908
YIL079C,0.4205
YIL080W,
YIL082W,
YIL082WA,
YIL082W-A,0.8081
YIL083C,0.3241
YIL084C,0.5101
YIL085C,0.3949
YIL086C,
YIL087C,0.5259
YIL088C,0.4831
YIL089W,
YIL090W,0.2697
YIL091C,0.4147
YIL092W,0.4271
YIL093C,0.2375
YIL094C,0.3906
YIL095W,0.4938
YIL096C,0.5216
YIL097W,0.2889
YIL098C,0.401
YIL099W,0.3658
YIL100C-A,
YIL100W,
YIL101C,
YIL102C,0.2077
YIL102C-A,
YIL103W,0.3953
YIL104C,0.4605
YIL105C,0.3186
YIL105W-A,
YIL106W,0.3741
YIL107C,0.4571
YIL108W,0.3684
YIL109C,0.3607
YIL110W,0.4891
YIL111W,4.7501
YIL112W,0.6151
YIL113W,0.4469
YIL114C,0.5557
YIL115C,0.4577
YIL115W-A,
YIL116W,0.3672
YIL117C,0.4921
YIL118W,0.3018
YIL119C,0.3948
YIL120W,0.408
YIL121W,0.4099
YIL122W,0.3585
YIL123W,0.4272
YIL124W,0.5412
YIL125W,0.4881
YIL126W,0.4155
YIL127C,0.6827
YIL128W,0.3781
YIL129C,0.3596
YIL130W,0.3955
YIL131C,0.3807
YIL132C,0.2657
YIL133C,0.1845
YIL134C-A,
YIL134W,0.3418
YIL135C,0.2583
YIL136W,0.3377
YIL137C,0.4577
YIL138C,0.3259
YIL139C,0.3151
YIL140W,0.3912
YIL141W,
YIL142C-A,
YIL142W,0.3335
YIL143C,0.3523
YIL144W,0.435
YIL145C,0.3253
YIL146C,0.26
YIL147C,0.4315
YIL148W,
YIL149C,0.4861
YIL150C,0.474
YIL151C,0.3565
YIL152W,0.4132
YIL153W,0.4216
YIL154C,0.4645
YIL155C,0.3754
YIL156W,0.3793
YIL156W-A,
YIL156W-B,
YIL157C,0.3077
YIL158W,0.5311
YIL159W,0.4137
YIL160C,0.3973
YIL161W,0.4271
YIL162W,0.4893
YIL163C,
YIL164C,0.4586
YIL165C,
YIL166C,0.3895
YIL167W,
YIL168W,
YIL169C,0.6949
YIL170W,
YIL171W,
YIL171W-A,
YIL172C,
YIL173W,
YIL174W,
YIL175W,
YIL176C,
YIL177C,
YIL177W-A,
YIR001C,0.4811
YIR002C,0.4009
YIR003W,0.3373
YIR004W,0.4185
YIR005W,0.4407
YIR006C,0.3526
YIR007W,0.3049
YIR008C,0.3831
YIR009W,
YIR010W,0.37
YIR011C,0.3137
YIR012W,0.3569
YIR013C,0.249
YIR014W,
YIR015W,
YIR016W,0.4075
YIR017C,0.2764
YIR017W-A,
YIR018C-A,
YIR018W,0.4024
YIR019C,0.5194
YIR020C,
YIR020C-B,
YIR020W-A,
YIR021W,0.2899
YIR021W-A,
YIR022W,0.2917
YIR023C-A,
YIR023W,0.4167
YIR024C,0.3544
YIR025W,0.3462
YIR026C,0.3414
YIR027C,0.4172
YIR028W,0.3085
YIR029W,0.3467
YIR030C,0.3868
YIR030W-A,
YIR031C,0.3666
YIR032C,0.3229
YIR033W,0.3351
YIR034C,0.3295
YIR035C,0.3261
YIR036C,0.5826
YIR036W-A,
YIR037W,0.3856
YIR038C,0.2987
YIR039C,0.5524
YIR040C,
YIR041W,
YIR042C,0.4378
YIR043C,
YIR044C,
YJL001W,0.4111
YJL002C,0.4725
YJL003W,0.4369
YJL004C,
YJL005W,0.39
YJL006C,0.4507
YJL007C,
YJL008C,0.3318
YJL009W,
YJL010C,0.3731
YJL011C,0.4796
YJL012C,0.3412
YJL012C-A,
YJL013C,0.5479
YJL014W,0.3147
YJL015C,
YJL016W,0.4126
YJL017W,
YJL018W,
YJL019W,0.3354
YJL020C,0.492
YJL020W-A,
YJL021C,
YJL022W,
YJL023C,0.3836
YJL024C,0.3873
YJL025W,0.4312
YJL026C-A,
YJL026W,0.2304
YJL027C,
YJL028W,
YJL029C,0.3613
YJL030W,0.3076
YJL031C,0.3496
YJL032W,
YJL033W,0.3768
YJL034W,20.2137
YJL035C,0.3069
YJL036W,0.4581
YJL037W,
YJL038C,0.5001
YJL039C,0.3789
YJL041W,
YJL042W,0.3868
YJL043W,
YJL044C,0.268
YJL045W,
YJL046W,0.6129
YJL047C,0.4188
YJL047C-A,
YJL048C,0.4486
YJL049W,0.4824
YJL050W,0.4525
YJL051W,0.4305
YJL052C-A,
YJL052W,0.3348
YJL053W,0.4528
YJL054W,0.4022
YJL055W,0.3887
YJL056C,0.3273
YJL057C,0.3392
YJL058C,0.4152
YJL059W,0.3387
YJL060W,0.536
YJL061W,
YJL062W,0.5395
YJL062W-A,
YJL063C,0.2767
YJL064W,
YJL065C,0.309
YJL066C,0.3274
YJL067W,
YJL068C,0.3943
YJL069C,0.4099
YJL070C,0.3722
YJL071W,0.5042
YJL072C,0.3286
YJL073W,0.2333
YJL074C,0.4692
YJL075C,
YJL076W,0.4092
YJL077C,
YJL077W-A,
YJL077W-B,
YJL078C,71.8293
YJL079C,0.393
YJL080C,0.3408
YJL081C,0.4401
YJL082W,0.4572
YJL083W,0.4164
YJL084C,0.3767
YJL085W,0.5267
YJL086C,
YJL087C,0.4471
YJL088W,0.4841
YJL089W,0.3694
YJL090C,0.4246
YJL091C,0.3766
YJL092W,0.492
YJL093C,0.422
YJL094C,0.4193
YJL095W,0.4062
YJL096W,0.381
YJL097W,0.2686
YJL098W,0.4693
YJL099W,0.3174
YJL100W,0.3246
YJL101C,0.3549
YJL102W,0.4615
YJL103C,0.4549
YJL104W,0.2903
YJL105W,0.3592
YJL106W,0.4889
YJL107C,
YJL108C,0.4579
YJL109C,0.3542
YJL110C,0.5613
YJL111W,0.3442
YJL112W,0.3397
YJL113W,
YJL114W,
YJL115W,0.7482
YJL116C,0.4362
YJL117W,0.4255
YJL118W,
YJL119C,
YJL120W,
YJL121C,0.2901
YJL122W,0.3689
YJL123C,0.3967
YJL124C,0.2244
YJL125C,0.3509
YJL126W,0.3352
YJL127C,0.3851
YJL127C-B,
YJL127W-A,
YJL128C,0.341
YJL129C,0.4669
YJL130C,0.3578
YJL131C,0.5034
YJL132W,0.3942
YJL133C-A,0.7862
YJL133W,0.2541
YJL134W,0.3333
YJL135W,
YJL136C,18.9461
YJL136W-A,
YJL137C,0.343
YJL138C,
YJL139C,0.5045
YJL140W,0.2944
YJL141C,0.4421
YJL142C,
YJL143W,0.4597
YJL144W,
YJL145W,0.5766
YJL146W,0.4824
YJL147C,0.3599
YJL148W,0.4444
YJL149W,0.4189
YJL150W,
YJL151C,0.6068
YJL152W,
YJL153C,0.4356
YJL154C,0.3834
YJL155C,0.3382
YJL156C,0.4026
YJL156W-A,
YJL157C,0.441
YJL158C,0.4204
YJL159W,0.6539
YJL160C,0.3243
YJL161W,0.4291
YJL162C,0.4729
YJL163C,0.408
YJL164C,0.4079
YJL165C,0.433
YJL166W,0.3887
YJL167W,0.2891
YJL168C,0.4053
YJL169W,
YJL170C,0.2506
YJL171C,0.4409
YJL172W,0.3208
YJL173C,0.4069
YJL174W,0.3309
YJL175W,
YJL176C,0.3482
YJL177W,0.1592
YJL178C,0.2563
YJL179W,0.3511
YJL180C,0.5301
YJL181W,0.3795
YJL182C,
YJL183W,0.3367
YJL184W,0.4722
YJL185C,0.4878
YJL186W,0.4299
YJL187C,0.4554
YJL188C,
YJL189W,0.0448
YJL190C,0.0233
YJL191W,0.7899
YJL192C,0.5278
YJL193W,0.3671
YJL194W,0.4063
YJL195C,
YJL196C,
YJL197C-A,
YJL197W,0.4165
YJL198W,0.3576
YJL199C,
YJL200C,0.4639
YJL201W,0.311
YJL202C,
YJL203W,0.3498
YJL204C,0.4118
YJL205C,
YJL206C,0.489
YJL206C-A,
YJL207C,0.4098
YJL208C,0.4196
YJL209W,0.3837
YJL210W,
YJL211C,
YJL212C,0.3923
YJL213W,0.4706
YJL214W,0.7965
YJL215C,
YJL216C,1.5212
YJL217W,0.5719
YJL218W,0.1504
YJL219W,0.4258
YJL220W,
YJL221C,
YJL222W,0.3559
YJL222W-A,
YJL222W-B,
YJL223C,
YJL225C,
YJL225W-A,
YJR001W,0.3467
YJR002W,0.5681
YJR003C,0.3875
YJR004C,0.3408
YJR005C-A,0.4627
YJR005W,0.3786
YJR006W,0.429
YJR007W,0.3731
YJR008W,0.2411
YJR009C,0.4256
YJR010CA,
YJR010C-A,
YJR010W,0.3394
YJR011C,0.4108
YJR012C,0.3458
YJR013W,0.3489
YJR014W,0.4557
YJR015W,0.4258
YJR016C,0.3317
YJR017C,0.3685
YJR018W,
YJR019C,0.342
YJR020W,
YJR021C,0.271
YJR022W,0.5018
YJR023C,
YJR024C,0.4046
YJR025C,0.3703
YJR026W,
YJR027W,
YJR028W,0.0348
YJR029W,
YJR030C,0.3748
YJR031C,0.4043
YJR032W,0.513
YJR033C,0.3909
YJR034W,0.6948
YJR035W,0.4203
YJR036C,0.4117
YJR037W,
YJR038C,
YJR039W,0.3989
YJR040W,0.3982
YJR041C,0.3793
YJR042W,0.3358
YJR043C,0.5479
YJR044C,
YJR045C,0.3945
YJR046W,0.4109
YJR047C,0.6465
YJR048W,0.4896
YJR049C,0.5427
YJR050W,0.4766
YJR051W,0.4168
YJR052W,0.3501
YJR053W,0.4553
YJR054W,0.424
YJR055W,
YJR056C,0.5162
YJR057W,0.3911
YJR058C,0.2683
YJR059W,0.3678
YJR060W,0.3807
YJR061W,88.4058
YJR062C,0.4979
YJR063W,0.1733
YJR064W,0.3268
YJR065C,0.2899
YJR066W,0.3741
YJR067C,0.696
YJR068W,0.3209
YJR069C,0.446
YJR070C,0.3082
YJR071W,
YJR072C,0.3739
YJR073C,0.392
YJR074W,0.3421
YJR075W,0.4122
YJR076C,0.28
YJR077C,0.2854
YJR078W,0.333
YJR079W,
YJR080C,0.2422
YJR082C,0.2922
YJR083C,0.4005
YJR084W,0.342
YJR085C,0.305
YJR086W,0.2544
YJR087W,
YJR088C,0.3472
YJR089W,0.4935
YJR090C,0.3885
YJR091C,0.3907
YJR092W,0.4586
YJR093C,0.427
YJR094C,0.3976
YJR094WA,
YJR094W-A,
YJR095W,0.286
YJR096W,0.3207
YJR097W,0.5355
YJR098C,0.4774
YJR099W,0.5625
YJR100C,0.4228
YJR101W,0.3919
YJR102C,0.4277
YJR103W,0.3615
YJR104C,0.2285
YJR105W,0.326
YJR106W,0.3646
YJR107W,0.2555
YJR108W,1.197
YJR109C,0.3452
YJR110W,0.4193
YJR111C,0.42
YJR112W,0.4884
YJR112W-A,
YJR113C,0.3262
YJR114W,
YJR115W,
YJR116W,0.5598
YJR117W,0.2803
YJR118C,0.2515
YJR119C,0.3839
YJR120W,
YJR121W,0.3011
YJR122W,0.3843
YJR123W,0.0428
YJR124C,0.2851
YJR125C,0.4299
YJR126C,0.3377
YJR127C,0.3776
YJR128W,
YJR129C,0.4119
YJR130C,0.4026
YJR131W,0.3959
YJR132W,0.3512
YJR133W,0.5478
YJR134C,0.4558
YJR135C,0.3333
YJR135W-A,
YJR136C,0.3344
YJR137C,0.3717
YJR138W,0.3959
YJR139C,0.3156
YJR140C,0.4044
YJR140W-A,
YJR141W,0.2962
YJR142W,0.3656
YJR143C,0.3323
YJR144W,0.3922
YJR145C,0.161
YJR146W,
YJR147W,0.3062
YJR148W,0.3253
YJR149W,0.6704
YJR150C,0.2791
YJR151C,1.0749
YJR151W-A,
YJR152W,0.311
YJR153W,0.4666
YJR154W,0.3492
YJR155W,
YJR156C,
YJR157W,
YJR158W,0.6599
YJR159W,0.4065
YJR160C,
YJR161C,
YJR162C,
YKL001C,0.4163
YKL002W,0.3783
YKL003C,0.2469
YKL004W,0.2716
YKL005C,0.5003
YKL006CA,
YKL006C-A,0.3096
YKL006W,
YKL007W,0.4026
YKL008C,0.2295
YKL009W,0.2702
YKL010C,0.3721
YKL011C,0.5487
YKL012W,0.433
YKL013C,0.202
YKL014C,0.3575
YKL015W,0.4204
YKL016C,0.333
YKL017C,0.3415
YKL018C-A,
YKL018W,
YKL019W,0.3833
YKL020C,0.4166
YKL021C,0.465
YKL022C,
YKL023C-A,
YKL023W,0.4391
YKL024C,0.5682
YKL025C,
YKL026C,0.4645
YKL027W,0.3952
YKL028W,0.3728
YKL029C,0.333
YKL030W,
YKL031W,
YKL032C,61.1423
YKL033W,0.3819
YKL033WA,
YKL033W-A,0.4095
YKL034W,0.4102
YKL035W,0.308
YKL036C,
YKL037W,
YKL038W,0.3616
YKL039W,0.3318
YKL040C,0.3088
YKL041W,0.3203
YKL042W,0.3657
YKL043W,0.298
YKL044W,
YKL045W,0.343
YKL046C,0.3869
YKL047W,0.3364
YKL048C,0.4049
YKL049C,0.4698
YKL050C,0.5578
YKL051W,0.3292
YKL052C,0.3213
YKL053CA,
YKL053C-A,
YKL053W,
YKL054C,0.3741
YKL055C,0.4369
YKL056C,0.1687
YKL057C,70.4651
YKL058W,0.3051
YKL059C,0.4273
YKL060C,0.0923
YKL061W,0.6127
YKL062W,0.3773
YKL063C,0.2309
YKL064W,0.4025
YKL065C,0.3033
YKL065W-A,
YKL066W,
YKL067W,0.4486
YKL068W,0.3825
YKL068W-A,0.8117
YKL069W,0.4707
YKL070W,
YKL071W,0.9839
YKL072W,0.3919
YKL073W,0.3889
YKL074C,0.447
YKL075C,0.4413
YKL076C,
YKL077W,0.3943
YKL078W,0.4769
YKL079W,0.3847
YKL080W,0.2693
YKL081W,0.6005
YKL082C,0.5745
YKL083W,
YKL084W,
YKL085W,0.3811
YKL086W,
YKL087C,0.3615
YKL088W,0.4698
YKL089W,0.5218
YKL090W,0.3664
YKL091C,0.3018
YKL092C,0.3932
YKL093W,0.4129
YKL094W,0.442
YKL095W,0.4713
YKL096C-B,
YKL096W,
YKL096WA,
YKL096W-A,0.2253
YKL097C,
YKL097W-A,
YKL098W,0.4588
YKL099C,0.3166
YKL100C,0.4067
YKL100W-A,
YKL101W,0.4482
YKL102C,
YKL103C,0.3679
YKL104C,0.2963
YKL105C,0.5414
YKL106C-A,
YKL106W,0.3393
YKL107W,0.5727
YKL108W,0.6002
YKL109W,0.3789
YKL110C,0.3589
YKL111C,
YKL112W,0.4633
YKL113C,0.3928
YKL114C,0.4364
YKL115C,
YKL116C,0.3715
YKL117W,0.4851
YKL118W,
YKL119C,0.3557
YKL120W,0.2367
YKL121W,0.4337
YKL122C,0.3602
YKL123W,
YKL124W,0.4004
YKL125W,0.306
YKL126W,0.32
YKL127W,0.3879
YKL128C,0.4652
YKL129C,0.421
YKL130C,0.4648
YKL131W,
YKL132C,0.3511
YKL133C,0.4067
YKL134C,0.4689
YKL135C,0.4155
YKL136W,
YKL137W,0.8728
YKL138C,0.6158
YKL138C-A,
YKL139W,0.4181
YKL140W,0.4818
YKL141W,0.3075
YKL142W,0.4022
YKL143W,0.6539
YKL144C,0.3342
YKL145W,0.4174
YKL145W-A,
YKL146W,0.3639
YKL147C,
YKL148C,0.2873
YKL149C,0.4725
YKL150W,0.3999
YKL151C,0.5279
YKL152C,0.1854
YKL153W,
YKL154W,0.3994
YKL155C,0.4476
YKL156C-A,
YKL156W,
YKL157W,0.398
YKL158W,
YKL159C,0.4693
YKL160W,0.3487
YKL161C,0.3893
YKL162C,0.3734
YKL162C-A,
YKL163W,0.4289
YKL164C,0.6851
YKL165C,0.3897
YKL165C-A,
YKL166C,0.3606
YKL167C,0.5294
YKL168C,0.4494
YKL169C,
YKL170W,0.4061
YKL171W,0.4728
YKL172W,0.5294
YKL173W,0.4423
YKL174C,0.4541
YKL175W,0.3804
YKL176C,0.431
YKL177W,
YKL178C,0.4318
YKL179C,0.4709
YKL180W,0.1132
YKL181W,0.3512
YKL182W,0.3302
YKL183C-A,
YKL183W,0.2543
YKL184W,0.5016
YKL185W,0.4008
YKL186C,0.3925
YKL187C,0.3494
YKL188C,0.4835
YKL189W,0.3922
YKL190W,0.3757
YKL191W,0.3984
YKL192C,0.3707
YKL193C,0.4037
YKL194C,0.4933
YKL195W,0.4322
YKL196C,0.3985
YKL197C,0.423
YKL198C,0.5492
YKL199C,
YKL200C,
YKL201C,0.4854
YKL202W,
YKL203C,0.4222
YKL204W,0.3232
YKL205W,0.2756
YKL206C,0.3093
YKL207W,0.4531
YKL208W,0.4261
YKL209C,0.3962
YKL210W,0.3656
YKL211C,0.3528
YKL212W,0.3473
YKL213C,0.4574
YKL214C,0.3243
YKL215C,0.4286
YKL216W,0.3649
YKL217W,0.3788
YKL218C,0.4586
YKL219W,
YKL220C,0.4035
YKL221W,0.3635
YKL222C,0.3497
YKL223W,
YKL224C,
YKL225W,
YKR001C,0.3146
YKR002W,0.3826
YKR003W,0.3308
YKR004C,0.464
YKR005C,0.5473
YKR006C,0.2901
YKR007W,0.3798
YKR008W,0.3607
YKR009C,0.3916
YKR010C,0.4246
YKR011C,0.3179
YKR012C,
YKR013W,0.2875
YKR014C,0.3221
YKR015C,0.4761
YKR016W,0.3211
YKR017C,0.399
YKR018C,0.4079
YKR019C,0.3584
YKR020W,0.3087
YKR021W,0.3799
YKR022C,0.4029
YKR023W,0.5652
YKR024C,0.4501
YKR025W,0.4435
YKR026C,0.3782
YKR027W,0.4435
YKR028W,0.474
YKR029C,0.4607
YKR030W,
YKR031C,0.4318
YKR032W,
YKR033C,
YKR034W,0.2654
YKR035C,
YKR035W-A,0.6062
YKR036C,0.413
YKR037C,0.506
YKR038C,0.458
YKR039W,0.47
YKR040C,
YKR041W,0.429
YKR042W,0.328
YKR043C,0.2186
YKR044W,0.3521
YKR045C,0.5514
YKR046C,0.2948
YKR047W,
YKR048C,0.4189
YKR049C,
YKR050W,0.3484
YKR051W,0.3979
YKR052C,0.2984
YKR053C,0.2853
YKR054C,0.4177
YKR055W,0.4026
YKR056W,0.3753
YKR057W,10.9639
YKR058W,0.4023
YKR059W,0.6288
YKR060W,0.3133
YKR061W,0.3193
YKR062W,0.4635
YKR063C,0.4733
YKR064W,0.4528
YKR065C,0.3557
YKR066C,0.4895
YKR067W,0.5101
YKR068C,0.3962
YKR069W,0.3643
YKR070W,0.4237
YKR071C,0.5081
YKR072C,0.514
YKR073C,
YKR074W,0.4309
YKR075C,0.4311
YKR075W-A,
YKR076W,0.4527
YKR077W,0.4112
YKR078W,0.4687
YKR079C,0.4475
YKR080W,0.2889
YKR081C,0.2608
YKR082W,0.4322
YKR083C,0.4413
YKR084C,0.3905
YKR085C,0.2629
YKR086W,0.5283
YKR087C,0.4679
YKR088C,0.3831
YKR089C,0.4348
YKR090W,0.3867
YKR091W,0.3709
YKR092C,1.6384
YKR093W,0.4341
YKR094C,0.3883
YKR095W,0.5553
YKR095W-A,
YKR096W,0.3944
YKR097W,0.429
YKR098C,0.5396
YKR099W,0.4303
YKR100C,0.3038
YKR101W,0.4954
YKR102W,0.5449
YKR103W,0.3196
YKR104W,
YKR105C,
YKR106W,0.4659
YLL001W,0.3029
YLL002W,0.3484
YLL003W,0.394
YLL004W,0.3804
YLL005C,0.3313
YLL006W,0.3112
YLL006W-A,
YLL007C,0.3511
YLL008W,0.4109
YLL009C,
YLL010C,0.3222
YLL011W,0.3584
YLL012W,0.4258
YLL013C,0.4292
YLL014W,
YLL015W,0.4144
YLL016W,
YLL017W,
YLL018C,0.2835
YLL018CA,
YLL018C-A,0.4458
YLL019C,0.3373
YLL019W-A,
YLL020C,
YLL021W,0.4154
YLL022C,0.3585
YLL023C,0.2658
YLL024C,0.5046
YLL025W,0.352
YLL026W,0.4184
YLL027W,0.3518
YLL028W,0.3175
YLL029W,0.3905
YLL030C,
YLL031C,0.3609
YLL032C,0.401
YLL033W,0.2837
YLL034C,0.4231
YLL035W,0.389
YLL036C,0.4003
YLL037W,
YLL038C,0.3049
YLL039C,0.7992
YLL040C,0.42
YLL041C,0.3333
YLL042C,
YLL043W,0.3999
YLL044W,
YLL045C,0.3414
YLL046C,0.6048
YLL047W,
YLL048C,0.3147
YLL049W,0.342
YLL050C,0.4056
YLL051C,0.331
YLL052C,
YLL053C,
YLL054C,0.3806
YLL055W,0.3472
YLL056C,0.5179
YLL057C,0.45
YLL058W,0.5231
YLL059C,
YLL060C,
YLL061W,0.4232
YLL062C,0.4344
YLL063C,
YLL064C,
YLL065W,
YLL066C,0.0516
YLL066W-A,
YLL066W-B,
YLL067C,
YLL067W-A,
YLR001C,77.0105
YLR002C,0.353
YLR003C,0.419
YLR004C,0.2385
YLR005W,0.338
YLR006C,0.3668
YLR007W,0.3246
YLR008C,0.3569
YLR009W,0.3372
YLR010C,
YLR011W,0.4914
YLR012C,0.3655
YLR013W,
YLR014C,0.4412
YLR015W,0.452
YLR016C,0.3869
YLR017W,0.387
YLR018C,0.3797
YLR019W,0.3513
YLR020C,0.4219
YLR021W,0.2758
YLR022C,0.3332
YLR023C,0.3636
YLR024C,0.4036
YLR025W,0.3346
YLR026C,0.4112
YLR027C,0.3587
YLR028C,0.382
YLR029C,0.0357
YLR030W,0.658
YLR031W,
YLR032W,0.3694
YLR033W,0.3838
YLR034C,0.4153
YLR035C,0.2671
YLR035C-A,0.351
YLR036C,
YLR037C,
YLR038C,0.4374
YLR039C,0.4386
YLR040C,0.4181
YLR041W,
YLR042C,
YLR043C,0.3299
YLR044C,0.1099
YLR045C,0.3522
YLR046C,
YLR047C,0.3788
YLR048W,0.06
YLR049C,0.3579
YLR050C,
YLR051C,0.3764
YLR052W,0.2914
YLR053C,
YLR054C,0.374
YLR055C,0.4099
YLR056W,0.3903
YLR057W,0.3302
YLR058C,0.348
YLR059C,0.3357
YLR060W,0.3385
YLR061W,0.0497
YLR062C,
YLR063W,0.3945
YLR064W,0.2701
YLR065C,0.3504
YLR066W,0.4934
YLR067C,0.4135
YLR068W,0.957
YLR069C,0.3777
YLR070C,0.4078
YLR071C,
YLR072W,0.4063
YLR073C,0.2818
YLR074C,0.3066
YLR075W,0.1079
YLR076C,
YLR077W,0.3732
YLR078C,0.3313
YLR079W,0.2676
YLR080W,0.4363
YLR081W,0.4182
YLR082C,0.3871
YLR083C,0.3859
YLR084C,0.4174
YLR085C,0.4165
YLR086W,0.452
YLR087C,0.4124
YLR088W,0.3609
YLR089C,0.295
YLR090W,0.3853
YLR091W,0.344
YLR092W,0.3699
YLR093C,0.2748
YLR094C,0.3249
YLR095C,0.4223
YLR096W,0.4255
YLR097C,0.3929
YLR098C,0.3093
YLR099C,0.4449
YLR099W-A,
YLR100W,0.3448
YLR101C,
YLR102C,0.4444
YLR103C,0.3694
YLR104W,0.5986
YLR105C,0.3962
YLR106C,0.4215
YLR107W,0.4719
YLR108C,0.4292
YLR109W,0.6507
YLR110C,0.2121
YLR111W,
YLR112W,
YLR113W,0.3152
YLR114C,0.4235
YLR115W,0.3548
YLR116W,0.4923
YLR117C,0.3816
YLR118C,0.4218
YLR119W,0.5391
YLR120C,0.277
YLR120W-A,
YLR121C,0.3707
YLR122C,
YLR123C,
YLR124W,
YLR125W,0.5513
YLR126C,0.5057
YLR127C,0.3857
YLR128W,0.2764
YLR129W,0.3954
YLR130C,0.4086
YLR131C,0.3395
YLR132C,0.2582
YLR133W,0.3431
YLR134W,0.281
YLR135W,0.3515
YLR136C,0.3819
YLR137W,0.2721
YLR138W,0.3564
YLR139C,0.3231
YLR140W,
YLR141W,0.2262
YLR142W,0.3643
YLR143W,0.5076
YLR144C,0.4063
YLR145W,0.3484
YLR146C,0.4128
YLR146W-A,
YLR147C,0.623
YLR148W,0.4081
YLR149C,0.4195
YLR149C-A,
YLR150W,0.2218
YLR151C,0.5066
YLR152C,0.4127
YLR153C,0.3773
YLR154C,0.557
YLR154C-G,
YLR154C-H,
YLR154W-A,
YLR154W-B,
YLR154W-C,
YLR154W-E,
YLR154W-F,
YLR155C,
YLR156C-A,
YLR156W,
YLR157C,
YLR157C-B,
YLR157C-C,
YLR157W-D,
YLR157W-E,
YLR158C,
YLR159C-A,
YLR159W,
YLR160C,
YLR161W,
YLR162W,
YLR162W-A,
YLR163C,0.4698
YLR163W-A,
YLR164W,
YLR165C,0.5675
YLR166C,0.3849
YLR167W,0.1156
YLR168C,0.4573
YLR169W,
YLR170C,0.3322
YLR171W,
YLR172C,0.5329
YLR173W,0.2728
YLR174W,0.3953
YLR175W,0.205
YLR176C,0.3854
YLR177W,0.3154
YLR178C,0.4468
YLR179C,
YLR180W,0.3332
YLR181C,0.4128
YLR182W,0.3794
YLR183C,0.4543
YLR184W,
YLR185W,0.1354
YLR186W,0.2423
YLR187W,0.4942
YLR188W,0.3707
YLR189C,0.3805
YLR190W,0.3712
YLR191W,0.4139
YLR192C,0.3364
YLR193C,0.4615
YLR194C,0.3109
YLR195C,0.3928
YLR196W,0.4713
YLR197W,0.2955
YLR198C,
YLR199C,0.3356
YLR200W,0.3423
YLR201C,0.3462
YLR202C,
YLR203C,0.3819
YLR204W,
YLR205C,0.2956
YLR206W,0.8398
YLR207W,0.3662
YLR208W,0.3807
YLR209C,0.4367
YLR210W,0.412
YLR211C,0.3845
YLR212C,49.4743
YLR213C,0.3604
YLR214W,0.4364
YLR215C,0.3993
YLR216C,0.3911
YLR217W,
YLR218C,0.301
YLR219W,0.3659
YLR220W,0.2932
YLR221C,0.352
YLR222C,0.5036
YLR222C-A,
YLR223C,0.5606
YLR224W,0.2836
YLR225C,0.4815
YLR226W,0.3356
YLR227C,0.368
YLR227W-B,
YLR228C,0.4102
YLR229C,0.1429
YLR230W,
YLR231C,0.2986
YLR232W,
YLR233C,0.3935
YLR234W,0.3744
YLR235C,
YLR236C,
YLR237W,0.4106
YLR238W,0.3851
YLR239C,0.4254
YLR240W,0.2999
YLR241W,0.325
YLR242C,
YLR243W,0.238
YLR244C,8.605
YLR245C,0.5688
YLR246W,
YLR247C,0.3713
YLR248W,0.333
YLR249W,0.3291
YLR250W,0.3275
YLR251W,0.3247
YLR252W,
YLR253W,0.4019
YLR254C,0.3423
YLR255C,
YLR256W,0.3899
YLR256W-A,
YLR257W,0.3791
YLR258W,0.3664
YLR259C,0.3884
YLR260W,0.4614
YLR261C,
YLR262C,0.3754
YLR262CA,
YLR262C-A,0.1196
YLR263W,0.4182
YLR264C-A,
YLR264W,0.0102
YLR265C,0.5009
YLR266C,0.3225
YLR267W,0.2901
YLR268W,0.2989
YLR269C,
YLR270W,0.3841
YLR271W,0.6712
YLR272C,0.4191
YLR273C,0.4575
YLR274W,0.4282
YLR275W,
YLR276C,0.3644
YLR277C,0.3781
YLR278C,0.3933
YLR279W,
YLR280C,
YLR281C,
YLR282C,
YLR283W,0.4096
YLR284C,0.5078
YLR285C-A,
YLR285W,0.4525
YLR286C,0.3323
YLR286W-A,
YLR287C,0.5598
YLR287C-A,
YLR288C,0.406
YLR289W,0.4006
YLR290C,0.384
YLR291C,0.3826
YLR292C,0.3366
YLR293C,0.1732
YLR294C,
YLR295C,0.4375
YLR296W,
YLR297W,0.5213
YLR298C,0.396
YLR299C-A,
YLR299W,0.4904
YLR300W,0.3797
YLR301W,0.4379
YLR302C,
YLR303W,0.3795
YLR304C,0.3379
YLR305C,0.3805
YLR306W,0.3277
YLR307C-A,
YLR307W,
YLR308W,13.6662
YLR309C,0.4697
YLR310C,0.3995
YLR311C,
YLR312C,0.3184
YLR312WA,
YLR312W-A,0.2349
YLR313C,0.3679
YLR314C,0.3346
YLR315W,0.3423
YLR316C,0.3573
YLR317W,
YLR318W,0.3871
YLR319C,0.5068
YLR320W,0.4126
YLR321C,0.4217
YLR322W,
YLR323C,0.4862
YLR324W,0.3604
YLR325C,0.0357
YLR326W,0.4129
YLR327C,0.5626
YLR328W,0.3484
YLR329W,
YLR330W,0.525
YLR331C,
YLR332W,0.4468
YLR333C,0.3627
YLR334C,
YLR335W,0.4254
YLR336C,0.4219
YLR337C,0.4236
YLR338W,
YLR339C,
YLR340W,0.1983
YLR341W,0.5339
YLR342W,0.6005
YLR342W-A,
YLR343W,0.4806
YLR344W,0.181
YLR345W,0.3696
YLR346C,
YLR347C,0.3408
YLR347W-A,
YLR348C,0.3151
YLR349W,
YLR350W,0.3831
YLR351C,0.4322
YLR352W,0.4176
YLR353W,0.3573
YLR354C,0.3275
YLR355C,0.1378
YLR356W,0.3464
YLR357W,0.3427
YLR358C,
YLR359W,0.4443
YLR360W,0.4317
YLR361C,0.4142
YLR361C-A,0.4953
YLR362W,0.381
YLR363C,0.7517
YLR363W-A,0.438
YLR364C-A,
YLR364W,0.7693
YLR365W,
YLR366W,
YLR367W,0.5207
YLR368W,0.418
YLR369W,0.5369
YLR370C,0.3004
YLR371W,0.356
YLR372W,0.2369
YLR373C,0.3359
YLR374C,
YLR375W,0.2778
YLR376C,0.3498
YLR377C,0.364
YLR378C,0.3509
YLR379W,
YLR380W,0.3733
YLR381W,0.3658
YLR382C,0.4245
YLR383W,0.3447
YLR384C,0.3717
YLR385C,0.4333
YLR386W,0.4074
YLR387C,0.4284
YLR388W,
YLR389C,0.4038
YLR390W,0.5541
YLR390WA,
YLR390W-A,0.3011
YLR391W,
YLR392C,0.479
YLR393W,0.2958
YLR394W,0.4041
YLR395C,
YLR396C,0.4265
YLR397C,0.465
YLR398C,0.4335
YLR399C,0.3773
YLR399W-A,
YLR400W,
YLR401C,0.4125
YLR402W,
YLR403W,0.35
YLR404W,0.3885
YLR405W,0.3265
YLR406C,
YLR406C-A,
YLR407W,0.4547
YLR408C,0.3049
YLR409C,0.3798
YLR410W,0.4954
YLR410W-A,
YLR410W-B,
YLR411W,0.414
YLR412C-A,
YLR412W,0.2848
YLR413W,0.3014
YLR414C,
YLR415C,
YLR416C,
YLR417W,0.3377
YLR418C,0.4023
YLR419W,0.4272
YLR420W,0.3453
YLR421C,0.6402
YLR422W,0.4098
YLR423C,0.4284
YLR424W,0.3922
YLR425W,0.3795
YLR426W,
YLR427W,0.3412
YLR428C,
YLR429W,0.399
YLR430W,0.3891
YLR431C,0.4321
YLR432W,0.408
YLR433C,0.3295
YLR434C,
YLR435W,0.6258
YLR436C,0.3373
YLR437C,0.1882
YLR437C-A,
YLR438CA,
YLR438C-A,
YLR438W,0.3304
YLR439W,0.4533
YLR440C,0.4282
YLR441C,0.0714
YLR442C,0.4754
YLR443W,0.2682
YLR444C,
YLR445W,0.3035
YLR446W,0.395
YLR447C,0.2084
YLR448W,0.239
YLR449W,0.3297
YLR450W,0.4372
YLR451W,0.3633
YLR452C,0.4207
YLR453C,0.475
YLR454W,0.3965
YLR455W,0.8917
YLR456W,0.587
YLR457C,0.5794
YLR458W,
YLR459W,0.2144
YLR460C,
YLR461W,
YLR462W,
YLR463C,
YLR464W,
YLR465C,
YLR466C-A,
YLR466C-B,
YLR466W,
YLR467C-A,
YLR467W,
YML001W,0.189
YML002W,
YML003W,
YML004C,0.3556
YML005W,0.5638
YML006C,0.3823
YML007C-A,
YML007W,
YML008C,0.2868
YML009C,
YML009C-A,
YML009W-B,
YML010C-B,
YML010W,0.3991
YML010W-A,
YML010W-B,
YML011C,0.3638
YML012C-A,
YML012W,0.1806
YML013C-A,
YML013W,0.3774
YML014W,0.325
YML015C,0.2825
YML016C,0.2863
YML017W,0.3953
YML018C,0.2722
YML019W,0.3281
YML020W,0.3671
YML021C,0.3532
YML022W,0.2516
YML023C,0.4319
YML024W,
YML025C,0.2707
YML026C,
YML027W,0.2894
YML028W,0.2449
YML029W,0.3102
YML030W,0.4261
YML031C-A,
YML031W,0.3658
YML032C,0.3859
YML032C-A,
YML033W,
YML034C-A,
YML034W,0.4284
YML035C,0.3346
YML035C-A,
YML036W,0.3091
YML037C,0.411
YML038C,0.3218
YML039W,
YML040W,
YML041C,0.5181
YML042W,0.3256
YML043C,0.4387
YML045W,
YML045W-A,
YML046W,0.3852
YML047C,0.3575
YML047W-A,
YML048W,0.3783
YML048W-A,
YML049C,0.4504
YML050W,0.4748
YML051W,0.3541
YML052W,0.2881
YML053C,0.4872
YML054C,0.3116
YML054C-A,
YML055W,0.5818
YML056C,
YML057C-A,
YML057W,0.2946
YML058C-A,
YML058W,0.3439
YML058W-A,
YML059C,0.322
YML060W,0.38
YML061C,0.456
YML062C,0.4796
YML063W,0.2252
YML064C,0.3236
YML065W,0.4905
YML066C,0.3361
YML067C,0.3523
YML068W,0.4196
YML069W,0.284
YML070W,0.4061
YML071C,0.4744
YML072C,0.4259
YML073C,0.1839
YML074C,0.3944
YML075C,0.3689
YML076C,0.4098
YML077W,0.3696
YML078W,0.3812
YML079W,0.3375
YML080W,0.4858
YML081CA,
YML081C-A,0.6058
YML081W,0.4324
YML082W,0.3264
YML083C,0.3635
YML084W,
YML085C,0.2617
YML086C,0.3466
YML087C,0.3128
YML088W,0.3918
YML089C,
YML090W,
YML091C,0.3698
YML092C,0.2671
YML093W,0.6091
YML094C-A,
YML094W,0.3766
YML095C,
YML095C-A,
YML096W,0.3765
YML097C,0.4762
YML098W,0.4713
YML099C,0.5022
YML099W-A,
YML100W,0.3646
YML100WA,
YML100W-A,
YML101C,0.2644
YML101C-A,
YML102C-A,
YML102W,0.4308
YML103C,0.3918
YML104C,0.4588
YML105C,0.4388
YML106W,0.2478
YML107C,0.355
YML108W,0.403
YML109W,0.3934
YML110C,0.4214
YML111W,0.3308
YML112W,0.3746
YML113W,0.2458
YML114C,0.3866
YML115C,0.3182
YML116W,0.4048
YML116W-A,
YML117W,0.3897
YML117W-A,
YML118W,0.4462
YML119W,0.4396
YML120C,0.3382
YML121W,0.3961
YML122C,
YML123C,0.129
YML124C,0.4637
YML125C,0.148
YML126C,0.2041
YML127W,0.3158
YML128C,0.3926
YML129C,0.4086
YML130C,0.342
YML131W,0.4103
YML132W,
YML133C,
YML133W-A,
YML133W-B,
YMR001C,0.4136
YMR001C-A,
YMR002W,0.3006
YMR003W,
YMR004W,0.3712
YMR005W,0.3112
YMR006C,0.3923
YMR007W,
YMR008C,0.4044
YMR009W,0.3616
YMR010W,0.3269
YMR011W,0.3531
YMR012W,
YMR013C,0.3238
YMR013C-A,
YMR013W-A,
YMR014W,0.3476
YMR015C,0.2721
YMR016C,0.4058
YMR017W,0.4839
YMR018W,0.3836
YMR019W,0.4595
YMR020W,0.4743
YMR021C,0.4049
YMR022W,
YMR023C,0.3976
YMR024W,0.2935
YMR025W,0.4994
YMR026C,0.4088
YMR027W,0.5023
YMR028W,
YMR029C,0.3417
YMR030W,0.3958
YMR030W-A,
YMR031C,0.4624
YMR031WA,
YMR031W-A,
YMR032W,0.4606
YMR033W,0.4114
YMR034C,0.4168
YMR035W,
YMR036C,0.4103
YMR037C,0.5017
YMR038C,0.621
YMR039C,0.3388
YMR040W,
YMR041C,0.347
YMR042W,0.5022
YMR043W,
YMR044W,0.4921
YMR045C,
YMR046C,
YMR046W-A,
YMR047C,0.3567
YMR048W,0.442
YMR049C,0.3685
YMR050C,
YMR051C,
YMR052C-A,
YMR052W,0.5026
YMR053C,0.4397
YMR054W,0.3661
YMR055C,0.3912
YMR056C,22.1439
YMR057C,
YMR058W,0.4309
YMR059W,0.2889
YMR060C,0.3788
YMR061W,0.288
YMR062C,0.3545
YMR063W,
YMR064W,0.5084
YMR065W,0.4102
YMR066W,
YMR067C,0.472
YMR068W,0.4305
YMR069W,
YMR070W,0.7029
YMR071C,
YMR072W,0.703
YMR073C,0.2974
YMR074C,0.2039
YMR075CA,
YMR075C-A,
YMR075W,0.4371
YMR076C,0.4283
YMR077C,0.4586
YMR078C,0.4379
YMR079W,0.2096
YMR080C,0.3599
YMR081C,0.3794
YMR082C,
YMR083W,0.337
YMR084W,
YMR085W,
YMR086C-A,
YMR086W,0.3624
YMR087W,
YMR088C,0.2869
YMR089C,0.489
YMR090W,0.5432
YMR091C,0.3595
YMR092C,0.4383
YMR093W,0.3999
YMR094W,0.3577
YMR095C,0.2802
YMR096W,0.3859
YMR097C,0.3142
YMR098C,0.3847
YMR099C,0.4767
YMR100W,0.425
YMR101C,0.5158
YMR102C,0.4636
YMR103C,
YMR104C,0.4199
YMR105C,0.4071
YMR105W-A,
YMR106C,0.256
YMR107W,0.2282
YMR108W,0.3587
YMR109W,0.3012
YMR110C,0.5084
YMR111C,0.4307
YMR112C,0.3738
YMR113W,0.3713
YMR114C,0.4676
YMR115W,0.4516
YMR116C,0.116
YMR117C,0.6185
YMR118C,0.3619
YMR119W,0.4395
YMR119WA,
YMR119W-A,
YMR120C,0.4311
YMR121C,
YMR122C,
YMR122W-A,
YMR123W,0.3867
YMR124W,0.4286
YMR125W,0.3949
YMR126C,0.538
YMR127C,0.3291
YMR128W,0.4889
YMR129W,0.442
YMR130W,0.3417
YMR131C,0.3765
YMR132C,0.3567
YMR133W,0.4639
YMR134W,
YMR135C,0.4121
YMR135W-A,
YMR136W,0.3074
YMR137C,0.4893
YMR138W,
YMR139W,0.3657
YMR140W,0.4292
YMR141C,
YMR141W-A,
YMR142C,0.0548
YMR143W,
YMR144W,0.3829
YMR145C,0.3909
YMR146C,0.2495
YMR147W,0.4128
YMR148W,0.3105
YMR149W,0.2657
YMR150C,0.4287
YMR151W,
YMR152W,0.375
YMR153CA,
YMR153C-A,
YMR153W,0.3068
YMR154C,0.4369
YMR155W,0.3618
YMR156C,0.4249
YMR157C,0.3681
YMR158C-A,
YMR158W,0.3334
YMR158W-A,
YMR158W-B,
YMR159C,0.3125
YMR160W,0.4008
YMR161W,0.3534
YMR162C,0.4571
YMR163C,0.4133
YMR164C,0.4564
YMR165C,0.3972
YMR166C,0.3451
YMR167W,0.4441
YMR168C,0.4292
YMR169C,0.6024
YMR170C,0.4678
YMR171C,0.4085
YMR172CA,
YMR172C-A,
YMR172W,0.4765
YMR173W,1.3203
YMR173WA,
YMR173W-A,
YMR174C,1.3949
YMR175W,0.3245
YMR175W-A,
YMR176W,0.4246
YMR177W,0.3685
YMR178W,0.5207
YMR179W,0.4682
YMR180C,0.4376
YMR181C,0.2701
YMR182C,0.2791
YMR182W-A,
YMR183C,0.4189
YMR184W,0.45
YMR185W,0.3591
YMR186W,0.5168
YMR187C,
YMR188C,0.5381
YMR189W,0.3704
YMR190C,0.4038
YMR191W,0.4066
YMR192W,0.391
YMR193C-A,
YMR193W,0.6175
YMR194C-A,
YMR194C-B,
YMR194W,0.1315
YMR195W,
YMR196W,0.3907
YMR197C,0.3151
YMR198W,0.3737
YMR199W,0.282
YMR200W,0.3848
YMR201C,0.3623
YMR202W,0.3135
YMR203W,0.1909
YMR204C,0.4698
YMR205C,0.3484
YMR206W,0.2331
YMR207C,0.3913
YMR208W,0.4629
YMR209C,0.3953
YMR210W,0.3404
YMR211W,0.6127
YMR212C,0.3772
YMR213W,0.4145
YMR214W,
YMR215W,0.488
YMR216C,0.3591
YMR217W,0.267
YMR218C,0.4027
YMR219W,0.5437
YMR220W,0.4606
YMR221C,0.4575
YMR222C,0.4045
YMR223W,0.3105
YMR224C,0.4343
YMR225C,0.7759
YMR226C,0.4761
YMR227C,0.6795
YMR228W,0.4446
YMR229C,0.4356
YMR230W,0.0987
YMR230W-A,
YMR231W,0.4488
YMR232W,0.4459
YMR233W,0.5604
YMR234W,0.5001
YMR235C,0.4206
YMR236W,0.5574
YMR237W,0.3286
YMR238W,0.3433
YMR239C,0.4946
YMR240C,0.5194
YMR241W,0.2446
YMR242C,
YMR242W-A,
YMR243C,0.3885
YMR244CA,
YMR244C-A,0.5781
YMR244W,0.5291
YMR245W,
YMR246W,0.3157
YMR247C,0.4113
YMR247W-A,
YMR250W,0.5336
YMR251W,
YMR251WA,
YMR251W-A,0.295
YMR252C,0.484
YMR253C,0.3802
YMR254C,
YMR255W,0.3861
YMR256C,
YMR257C,0.4324
YMR258C,0.3247
YMR259C,0.3351
YMR260C,0.5041
YMR261C,0.3742
YMR262W,0.3186
YMR263W,0.3112
YMR264W,0.284
YMR265C,0.4114
YMR266W,0.3571
YMR267W,0.5112
YMR268C,0.4511
YMR269W,0.7303
YMR270C,0.3416
YMR271C,0.4757
YMR272C,0.3152
YMR272W-A,
YMR272W-B,
YMR273C,0.4197
YMR274C,
YMR275C,
YMR276W,0.2681
YMR277W,0.299
YMR278W,0.4165
YMR279C,0.382
YMR280C,0.4252
YMR281W,0.4516
YMR282C,0.3972
YMR283C,0.4625
YMR284W,0.5778
YMR285C,0.4855
YMR286W,0.5233
YMR287C,0.4305
YMR288W,0.4362
YMR289W,0.5222
YMR290C,0.3164
YMR290W-A,
YMR291W,0.3864
YMR292W,
YMR293C,0.4104
YMR294W,0.5413
YMR294WA,
YMR294W-A,
YMR295C,0.3101
YMR296C,0.3601
YMR297W,0.4033
YMR298W,0.46
YMR299C,0.3284
YMR300C,0.3275
YMR301C,0.3957
YMR302C,0.388
YMR303C,0.5035
YMR304C-A,
YMR304W,23.3504
YMR305C,0.3346
YMR306CA,
YMR306C-A,
YMR306W,0.4175
YMR307C-A,
YMR307W,0.4786
YMR308C,0.3605
YMR309C,0.2879
YMR310C,0.3598
YMR311C,0.7248
YMR312W,0.2827
YMR313C,0.4102
YMR314W,0.2033
YMR315W,0.4336
YMR315W-A,
YMR316C-A,
YMR316C-B,
YMR316W,0.3445
YMR317W,0.4675
YMR318C,0.5791
YMR319C,0.5163
YMR320W,
YMR321C,
YMR322C,0.5306
YMR323W,
YMR324C,
YMR325W,0.8042
YMR326C,
YNL001W,0.4093
YNL002C,0.3299
YNL003C,0.3722
YNL004W,0.3441
YNL005C,0.4304
YNL006W,0.3058
YNL007C,0.3242
YNL008C,0.3833
YNL009W,0.3611
YNL010W,0.4154
YNL011C,0.5007
YNL012W,0.445
YNL013C,
YNL014W,0.4435
YNL015W,0.2953
YNL016W,0.2859
YNL017C,
YNL018C,
YNL019C,
YNL020C,0.4423
YNL021W,0.3832
YNL022C,0.3351
YNL023C,0.3793
YNL024C,0.2802
YNL024C-A,
YNL025C,0.4188
YNL026W,0.3339
YNL027W,0.3683
YNL028W,
YNL029C,0.4168
YNL030W,
YNL031C,
YNL032W,0.3335
YNL033W,0.5259
YNL034W,0.4814
YNL035C,0.422
YNL036W,0.4244
YNL037C,0.3324
YNL038W,0.487
YNL039W,0.6846
YNL040W,0.4007
YNL041C,0.3713
YNL042W,0.3405
YNL042W-B,
YNL043C,
YNL044W,0.2951
YNL045W,0.4067
YNL046W,
YNL047C,0.4648
YNL048W,0.4616
YNL049C,0.4251
YNL050C,0.2213
YNL051W,0.4063
YNL052W,0.2585
YNL053W,0.2836
YNL054W,0.3358
YNL054W-A,
YNL055C,0.3975
YNL056W,0.2783
YNL057W,
YNL058C,0.4337
YNL059C,0.3621
YNL061W,0.456
YNL062C,0.5065
YNL063W,0.3458
YNL064C,0.3345
YNL065W,0.3204
YNL066W,0.5577
YNL067W,0.386
YNL067W-A,
YNL067W-B,
YNL068C,0.4336
YNL069C,0.0695
YNL070W,
YNL071W,0.2785
YNL072W,0.4196
YNL073W,0.4387
YNL074C,0.2775
YNL075W,0.2471
YNL076W,0.2999
YNL077W,0.4196
YNL078W,0.4981
YNL079C,0.4456
YNL080C,0.3388
YNL081C,0.5937
YNL082W,0.5592
YNL083W,0.355
YNL084C,0.5365
YNL085W,0.3719
YNL086W,
YNL087W,0.3679
YNL088W,0.416
YNL089C,
YNL090W,0.5502
YNL091W,0.4396
YNL092W,0.421
YNL093W,0.4532
YNL094W,0.4248
YNL095C,0.3526
YNL096C,0.0849
YNL097C,0.4328
YNL097C-B,
YNL097W-A,
YNL098C,0.2386
YNL099C,0.4189
YNL100W,0.3951
YNL101W,0.4332
YNL102W,0.4316
YNL103W,0.532
YNL103W-A,
YNL104C,0.3256
YNL105W,
YNL106C,0.4645
YNL107W,0.3682
YNL108C,0.4443
YNL109W,
YNL110C,0.5821
YNL111C,0.3264
YNL112W,0.6138
YNL113W,0.3805
YNL114C,
YNL115C,0.4668
YNL116W,0.3338
YNL117W,0.4657
YNL118C,0.4547
YNL119W,0.436
YNL120C,
YNL121C,0.3595
YNL122C,
YNL123W,0.3988
YNL124W,0.3744
YNL125C,0.3634
YNL126W,
YNL127W,0.4437
YNL128W,0.4369
YNL129W,0.3346
YNL130C,0.3861
YNL130C-A,
YNL131W,0.4388
YNL132W,0.4331
YNL133C,0.8375
YNL134C,0.5678
YNL135C,0.2114
YNL136W,0.5038
YNL137C,0.4111
YNL138W,0.4567
YNL138W-A,
YNL139C,0.3894
YNL140C,
YNL141W,0.4124
YNL142W,0.3358
YNL143C,
YNL144C,0.4392
YNL144W-A,
YNL145W,
YNL146C-A,
YNL146W,
YNL147W,0.3992
YNL148C,0.3655
YNL149C,0.3637
YNL150W,
YNL151C,0.5442
YNL152W,0.4547
YNL153C,0.263
YNL154C,0.436
YNL155W,0.4653
YNL156C,0.3238
YNL157W,0.5968
YNL158W,
YNL159C,0.4006
YNL160W,0.3689
YNL161W,0.4578
YNL162W,
YNL162W-A,
YNL163C,0.4162
YNL164C,0.4582
YNL165W,0.4964
YNL166C,0.4848
YNL167C,0.426
YNL168C,0.4173
YNL169C,0.4179
YNL170W,
YNL171C,
YNL172W,0.436
YNL173C,0.4961
YNL174W,
YNL175C,0.2901
YNL176C,0.5333
YNL177C,0.6166
YNL178W,0.1327
YNL179C,
YNL180C,0.2612
YNL181W,0.3403
YNL182C,0.4497
YNL183C,0.4089
YNL184C,
YNL185C,0.4668
YNL186W,0.4936
YNL187W,0.3733
YNL188W,0.4644
YNL189W,0.3416
YNL190W,1.0263
YNL191W,0.34
YNL192W,0.4553
YNL193W,0.408
YNL194C,0.4396
YNL195C,0.6246
YNL196C,0.6017
YNL197C,0.3579
YNL198C,
YNL199C,0.38
YNL200C,0.2692
YNL201C,0.3609
YNL202W,0.5156
YNL203C,
YNL204C,0.4907
YNL205C,
YNL206C,0.6162
YNL207W,0.5188
YNL208W,0.4032
YNL209W,0.2791
YNL210W,0.4027
YNL211C,
YNL212W,0.4757
YNL213C,0.371
YNL214W,0.4074
YNL215W,0.4676
YNL216W,0.4194
YNL217W,0.3796
YNL218W,0.4745
YNL219C,0.3988
YNL220W,0.2952
YNL221C,0.4438
YNL222W,0.1185
YNL223W,0.3692
YNL224C,0.6237
YNL225C,0.4874
YNL226W,
YNL227C,0.5496
YNL228W,
YNL229C,0.3813
YNL230C,0.3053
YNL231C,0.3313
YNL232W,0.411
YNL233W,0.4778
YNL234W,0.5211
YNL235C,
YNL236W,0.4613
YNL237W,0.3921
YNL238W,0.426
YNL239W,
YNL240C,0.3386
YNL241C,0.3556
YNL242W,0.4048
YNL243W,0.3193
YNL244C,0.1108
YNL245C,
YNL246W,0.4566
YNL247W,0.4326
YNL248C,0.4394
YNL249C,0.4279
YNL250W,0.4544
YNL251C,0.338
YNL252C,0.4793
YNL253W,0.4575
YNL254C,0.3808
YNL255C,0.4537
YNL256W,0.4704
YNL257C,0.452
YNL258C,0.4002
YNL259C,
YNL260C,0.8866
YNL261W,0.4545
YNL262W,0.4101
YNL263C,0.3561
YNL264C,0.3715
YNL265C,0.5582
YNL266W,
YNL267W,0.3807
YNL268W,0.411
YNL269W,
YNL270C,0.4239
YNL271C,0.4429
YNL272C,0.3593
YNL273W,0.485
YNL274C,0.5144
YNL275W,0.4374
YNL276C,
YNL277W,0.4011
YNL277W-A,
YNL278W,0.3571
YNL279W,0.3804
YNL280C,0.2898
YNL281W,0.1911
YNL282W,0.4732
YNL283C,0.2365
YNL284C,0.4282
YNL284C-A,
YNL284C-B,
YNL285W,
YNL286W,0.3231
YNL287W,0.3076
YNL288W,0.2975
YNL289W,0.3559
YNL290W,0.4348
YNL291C,0.4113
YNL292W,0.3722
YNL293W,0.348
YNL294C,0.425
YNL295W,0.462
YNL296W,
YNL297C,0.4497
YNL298W,0.3554
YNL299W,0.4639
YNL300W,0.5264
YNL301C,0.6989
YNL302C,0.2196
YNL303W,
YNL304W,0.3587
YNL305C,0.4601
YNL306W,0.3809
YNL307C,0.2573
YNL308C,0.8731
YNL309W,0.3449
YNL310C,0.3713
YNL311C,0.3807
YNL312W,0.3184
YNL313C,0.377
YNL314W,0.4103
YNL315C,0.5774
YNL316C,0.4041
YNL317W,0.4141
YNL318C,0.4152
YNL319W,
YNL320W,0.2973
YNL321W,0.0155
YNL322C,0.0226
YNL323W,0.0147
YNL324W,
YNL325C,0.0092
YNL326C,0.0
YNL327W,0.0101
YNL328C,0.0001
YNL329C,0.0179
YNL330C,0.0198
YNL331C,0.0718
YNL332W,
YNL333W,0.4475
YNL334C,
YNL335W,0.4417
YNL336W,0.5135
YNL337W,
YNL338W,
YNL339C,
YNL339W-A,
YNL339W-B,
YNR001C,0.3238
YNR001W-A,
YNR002C,0.4732
YNR003C,0.2853
YNR003W-A,
YNR004W,0.599
YNR005C,
YNR006W,0.376
YNR007C,0.397
YNR008W,0.3406
YNR009W,0.2929
YNR010W,0.3769
YNR011C,0.3734
YNR012W,0.4414
YNR013C,0.3218
YNR014W,0.3467
YNR015W,0.3344
YNR016C,0.3238
YNR017W,0.2786
YNR018W,0.4655
YNR019W,0.3436
YNR020C,0.4912
YNR021W,0.3518
YNR022C,0.3771
YNR023W,0.4819
YNR024W,0.3779
YNR025C,
YNR026C,0.3502
YNR027W,0.379
YNR028W,0.5017
YNR029C,0.4077
YNR030W,0.3836
YNR031C,0.4066
YNR032CA,
YNR032C-A,
YNR032W,0.448
YNR033W,0.3869
YNR034W,
YNR034W-A,0.3196
YNR035C,0.3323
YNR036C,0.2545
YNR037C,
YNR038W,0.3258
YNR039C,0.3286
YNR040W,0.4208
YNR041C,0.3658
YNR042W,
YNR043W,0.3514
YNR044W,0.4168
YNR045W,0.4269
YNR046W,0.4954
YNR047W,0.4521
YNR048W,0.3109
YNR049C,0.4168
YNR050C,0.3887
YNR051C,0.402
YNR052C,0.213
YNR053C,0.3912
YNR054C,0.4933
YNR055C,0.393
YNR056C,0.3752
YNR057C,0.131
YNR058W,0.3538
YNR059W,0.3293
YNR060W,0.2741
YNR061C,0.3827
YNR062C,0.2295
YNR063W,0.1922
YNR064C,0.2147
YNR065C,
YNR066C,0.4896
YNR067C,0.2501
YNR068C,
YNR069C,0.3024
YNR070W,65.874
YNR071C,
YNR072W,0.5003
YNR073C,0.4626
YNR074C,0.4632
YNR075C-A,
YNR075W,0.3769
YNR076W,
YNR077C,
YOL001W,0.3622
YOL002C,0.3069
YOL003C,0.4802
YOL004W,0.4217
YOL005C,0.3451
YOL006C,0.4806
YOL007C,0.4323
YOL008W,0.3899
YOL009C,0.3932
YOL010W,0.3386
YOL011W,0.4016
YOL012C,0.1819
YOL013C,0.2898
YOL013W-A,
YOL013W-B,
YOL014W,0.663
YOL015W,0.5054
YOL016C,0.3442
YOL017W,0.3896
YOL018C,0.3744
YOL019W,0.3765
YOL019W-A,
YOL020W,0.2751
YOL021C,0.3304
YOL022C,0.5212
YOL023W,0.3044
YOL024W,0.3795
YOL025W,0.3759
YOL026C,
YOL027C,0.3054
YOL028C,
YOL029C,0.2388
YOL030W,0.3981
YOL031C,0.4192
YOL032W,0.3057
YOL033W,0.3984
YOL034W,0.5774
YOL035C,
YOL036W,0.3344
YOL037C,
YOL038C-A,
YOL038W,0.2711
YOL039W,0.2732
YOL040C,0.0709
YOL041C,0.4975
YOL042W,0.3141
YOL043C,0.4638
YOL044W,0.4204
YOL045W,0.4113
YOL046C,
YOL047C,
YOL048C,0.4643
YOL049W,0.3998
YOL050C,
YOL051W,0.4434
YOL052C,
YOL052CA,
YOL052C-A,
YOL053C-A,
YOL053W,
YOL054W,0.4715
YOL055C,0.4158
YOL056W,0.3453
YOL057W,0.4374
YOL058W,0.366
YOL059W,0.2141
YOL060C,0.3579
YOL061W,0.3996
YOL062C,0.386
YOL063C,0.3967
YOL064C,0.2701
YOL065C,0.3642
YOL066C,0.4756
YOL067C,0.4228
YOL068C,0.4154
YOL069W,0.3578
YOL070C,0.3471
YOL071W,0.6423
YOL072W,0.3411
YOL073C,0.3603
YOL075C,0.3923
YOL076W,0.3187
YOL077C,0.3312
YOL077W-A,0.3023
YOL078W,0.3906
YOL079W,
YOL080C,0.4127
YOL081W,0.4569
YOL082W,
YOL083C-A,
YOL083W,0.6416
YOL084W,0.4496
YOL085C,
YOL085W-A,
YOL086C,0.1202
YOL086W-A,0.4241
YOL087C,0.3905
YOL088C,0.4364
YOL089C,0.4759
YOL090W,0.4334
YOL091W,0.3962
YOL092W,0.2425
YOL093W,0.3928
YOL094C,0.3401
YOL095C,0.4202
YOL096C,0.49
YOL097C,0.3465
YOL097W-A,
YOL098C,0.4224
YOL099C,
YOL100W,0.4505
YOL101C,0.4231
YOL102C,0.4533
YOL103W,0.4518
YOL103W-A,
YOL103W-B,
YOL104C,0.4352
YOL105C,0.4487
YOL106W,
YOL107W,0.3606
YOL108C,0.5494
YOL109W,0.2665
YOL110W,
YOL111C,0.3587
YOL112W,0.3588
YOL113W,0.5068
YOL114C,
YOL115W,0.4909
YOL116W,0.3869
YOL117W,0.3992
YOL118C,
YOL119C,0.3576
YOL120C,
YOL121C,0.0702
YOL122C,0.6475
YOL123W,0.3275
YOL124C,0.4312
YOL125W,0.506
YOL126C,0.4703
YOL127W,0.031
YOL128C,0.3762
YOL129W,0.3214
YOL130W,0.4354
YOL131W,
YOL132W,0.4516
YOL133W,0.2729
YOL134C,
YOL135C,0.3852
YOL136C,0.3862
YOL137W,0.4277
YOL138C,0.4105
YOL139C,0.2566
YOL140W,0.392
YOL141W,0.4672
YOL142W,0.2643
YOL143C,0.2376
YOL144W,0.5604
YOL145C,0.5555
YOL146W,0.4594
YOL147C,0.3963
YOL148C,0.3663
YOL149W,0.3454
YOL150C,
YOL151W,0.3467
YOL152W,0.2398
YOL153C,
YOL154W,0.4166
YOL155C,0.3846
YOL155W-A,
YOL156W,
YOL157C,
YOL158C,0.4212
YOL159C,0.1882
YOL159C-A,
YOL160W,
YOL161C,0.1503
YOL162W,
YOL163W,
YOL164W,
YOL164W-A,
YOL165C,
YOL166C,
YOL166W-A,
YOR001W,0.4406
YOR002W,
YOR003W,0.4367
YOR004W,0.3019
YOR005C,0.399
YOR006C,0.466
YOR007C,0.3367
YOR008C,0.3253
YOR008C-A,
YOR008W-B,
YOR009W,0.4661
YOR010C,0.8003
YOR011W,0.3226
YOR011W-A,
YOR012W,0.8984
YOR013W,
YOR014W,0.3309
YOR015W,
YOR016C,0.2739
YOR017W,0.4083
YOR018W,0.3176
YOR019W,0.412
YOR020C,0.1677
YOR020W-A,0.9266
YOR021C,0.4577
YOR022C,0.4418
YOR023C,0.4135
YOR024W,
YOR025W,0.3936
YOR026W,0.3865
YOR027W,0.3486
YOR028C,0.5954
YOR029W,
YOR030W,0.4259
YOR031W,
YOR032C,0.4268
YOR032W-A,
YOR033C,0.414
YOR034C,0.365
YOR034C-A,
YOR035C,0.3536
YOR036W,0.4075
YOR037W,0.3576
YOR038C,0.3103
YOR039W,0.4525
YOR040W,0.4192
YOR041C,
YOR042W,0.3959
YOR043W,0.3554
YOR044W,
YOR045W,0.1443
YOR046C,0.4241
YOR047C,0.6043
YOR048C,0.3938
YOR049C,0.4359
YOR050C,
YOR051C,0.5546
YOR052C,0.6413
YOR053W,
YOR054C,0.5715
YOR055W,
YOR056C,0.3387
YOR057W,0.4268
YOR058C,0.3829
YOR059C,0.4573
YOR060C,0.3633
YOR061W,0.2228
YOR062C,0.448
YOR063W,0.1165
YOR064C,0.4128
YOR065W,0.2611
YOR066W,0.3971
YOR067C,0.3426
YOR068C,
YOR069W,0.4038
YOR070C,0.3697
YOR071C,0.3479
YOR072W,
YOR072W-A,
YOR072W-B,
YOR073W,0.3233
YOR073W-A,
YOR074C,0.3342
YOR075W,0.3763
YOR076C,0.4109
YOR077W,0.3713
YOR078W,0.4632
YOR079C,0.4046
YOR080W,0.3346
YOR081C,0.3826
YOR082C,
YOR083W,0.2724
YOR084W,0.4872
YOR085W,0.3785
YOR086C,0.4203
YOR087W,0.3941
YOR088W,
YOR089C,0.2762
YOR090C,0.424
YOR091W,0.4086
YOR092W,0.3756
YOR093C,
YOR094W,0.2891
YOR095C,0.4447
YOR096W,
YOR097C,0.4387
YOR098C,0.4172
YOR099W,0.4144
YOR100C,0.235
YOR101W,0.3956
YOR102W,
YOR103C,
YOR104W,0.5174
YOR105W,
YOR106W,0.4963
YOR107W,0.669
YOR108C-A,
YOR108W,0.3632
YOR109W,0.5296
YOR110W,0.3862
YOR111W,0.487
YOR112W,0.3175
YOR113W,0.4572
YOR114W,0.3524
YOR115C,0.3986
YOR116C,0.3755
YOR117W,0.3783
YOR118W,0.4314
YOR119C,0.4852
YOR120W,0.5195
YOR121C,
YOR122C,0.2127
YOR123C,0.4001
YOR124C,0.3923
YOR125C,0.3742
YOR126C,0.3911
YOR127W,0.4608
YOR128C,0.3929
YOR129C,0.4421
YOR130C,0.4003
YOR131C,0.2902
YOR132W,0.4331
YOR133W,
YOR134W,0.4173
YOR135C,
YOR136W,0.3906
YOR137C,0.4988
YOR138C,0.3643
YOR139C,
YOR140W,0.2787
YOR141C,0.3665
YOR142W,0.5119
YOR142W-B,0.6009
YOR143C,0.3901
YOR144C,0.4292
YOR145C,0.3206
YOR146W,
YOR147W,0.3192
YOR148C,0.6345
YOR149C,0.3282
YOR150W,0.8145
YOR151C,0.364
YOR152C,0.2626
YOR153W,0.5483
YOR154W,0.4161
YOR155C,0.4934
YOR156C,0.3856
YOR157C,0.2575
YOR158W,0.4779
YOR159C,0.2447
YOR160W,0.3769
YOR161C,0.4115
YOR161C-C,
YOR161W-A,
YOR161W-B,
YOR162C,0.3233
YOR163W,0.5037
YOR164C,0.2792
YOR165W,0.384
YOR166C,0.4639
YOR167C,0.0293
YOR168W,0.4724
YOR169C,
YOR170W,
YOR171C,0.4128
YOR172W,0.4552
YOR173W,0.3994
YOR174W,0.5013
YOR175C,0.3612
YOR176W,0.411
YOR177C,0.4044
YOR178C,0.6613
YOR179C,0.4141
YOR180C,0.487
YOR181W,0.4134
YOR182C,0.9389
YOR183W,
YOR184W,0.3551
YOR185C,0.3522
YOR186C-A,
YOR186W,0.3982
YOR187W,0.3563
YOR188W,0.4467
YOR189W,1.0843
YOR190W,0.3878
YOR191W,0.467
YOR192C,0.3762
YOR192C-A,
YOR192C-B,
YOR192C-C,
YOR193W,36.7537
YOR194C,0.3571
YOR195W,0.5594
YOR196C,0.3332
YOR197W,0.3578
YOR198C,0.4674
YOR199W,
YOR200W,
YOR201C,0.4468
YOR202W,
YOR203W,
YOR204W,0.3219
YOR205C,0.5132
YOR206W,0.4334
YOR207C,0.4516
YOR208W,0.4826
YOR209C,0.4171
YOR210W,0.5465
YOR211C,0.4875
YOR212W,0.3959
YOR213C,0.4722
YOR214C,0.4326
YOR215C,0.3602
YOR216C,0.4003
YOR217W,0.3946
YOR218C,
YOR219C,0.4495
YOR220W,0.2941
YOR221C,0.369
YOR222W,0.3335
YOR223W,0.4728
YOR224C,0.2932
YOR225W,
YOR226C,0.2746
YOR227W,0.4108
YOR228C,0.3383
YOR229W,0.3844
YOR230W,0.3702
YOR231C-A,
YOR231W,0.3579
YOR232W,0.2695
YOR233W,0.3993
YOR234C,
YOR235W,
YOR236W,0.3465
YOR237W,0.3733
YOR238W,0.3773
YOR239W,0.3231
YOR240W,
YOR241W,0.4127
YOR242C,0.4469
YOR243C,0.4087
YOR244W,0.4567
YOR245C,0.3642
YOR246C,0.3154
YOR247W,0.2511
YOR248W,
YOR249C,0.4634
YOR250C,0.3457
YOR251C,0.5621
YOR252W,0.3602
YOR253W,0.3779
YOR254C,0.4521
YOR255W,0.5168
YOR256C,0.4042
YOR257W,0.4895
YOR258W,0.6763
YOR259C,0.3204
YOR260W,0.3147
YOR261C,0.3331
YOR262W,0.5789
YOR263C,
YOR264W,0.5223
YOR265W,0.5467
YOR266W,0.4636
YOR267C,0.4044
YOR268C,
YOR269W,0.3193
YOR270C,0.3471
YOR271C,0.3514
YOR272W,0.3093
YOR273C,0.3627
YOR274W,0.5884
YOR275C,0.4417
YOR276W,0.2091
YOR277C,
YOR278W,0.655
YOR279C,0.4699
YOR280C,0.4941
YOR281C,0.5194
YOR282W,
YOR283W,0.269
YOR284W,0.3884
YOR285W,0.5075
YOR286W,
YOR287C,0.4325
YOR288C,0.4528
YOR289W,0.4401
YOR290C,0.4768
YOR291W,0.41
YOR292C,
YOR293C-A,
YOR293W,0.0515
YOR294W,0.338
YOR295W,0.3793
YOR296W,0.3884
YOR297C,0.4454
YOR298CA,
YOR298C-A,0.35
YOR298W,0.3996
YOR299W,0.3602
YOR300W,
YOR301W,0.4096
YOR302W,
YOR303W,0.4458
YOR304CA,
YOR304C-A,0.335
YOR304W,0.4513
YOR305W,0.4663
YOR306C,0.4286
YOR307C,0.3627
YOR308C,0.5616
YOR309C,
YOR310C,0.3237
YOR311C,0.2838
YOR312C,0.1242
YOR313C,0.4578
YOR314W,
YOR314W-A,
YOR315W,0.3865
YOR316C,0.3793
YOR316C-A,
YOR317W,0.4189
YOR318C,
YOR319W,0.4325
YOR320C,0.3865
YOR321W,0.3764
YOR322C,0.4136
YOR323C,0.4053
YOR324C,0.3621
YOR325W,
YOR326W,0.3882
YOR327C,0.3356
YOR328W,0.4141
YOR329C,0.4286
YOR329W-A,
YOR330C,0.4028
YOR331C,
YOR332W,0.2834
YOR333C,
YOR334W,0.4149
YOR335C,0.392
YOR335W-A,
YOR336W,0.3949
YOR337W,0.3477
YOR338W,0.2842
YOR339C,0.36
YOR340C,0.2727
YOR341W,0.3402
YOR342C,0.3597
YOR343C,
YOR343W-A,
YOR343W-B,
YOR344C,0.3136
YOR345C,
YOR346W,0.288
YOR347C,0.3602
YOR348C,0.4023
YOR349W,0.3737
YOR350C,0.3282
YOR351C,0.4884
YOR352W,0.3313
YOR353C,0.3632
YOR354C,0.4046
YOR355W,0.4049
YOR356W,0.4003
YOR357C,0.19
YOR358W,0.5423
YOR359W,0.3375
YOR360C,0.2839
YOR361C,0.4154
YOR362C,0.4256
YOR363C,0.4733
YOR364W,
YOR365C,0.4354
YOR366W,
YOR367W,0.4274
YOR368W,0.4576
YOR369C,0.2648
YOR370C,0.4419
YOR371C,0.3907
YOR372C,0.4452
YOR373W,0.2912
YOR374W,0.3376
YOR375C,0.4118
YOR376W,
YOR376W-A,
YOR377W,0.4022
YOR378W,0.3739
YOR379C,
YOR380W,0.3451
YOR381W,0.4075
YOR381W-A,
YOR382W,0.2091
YOR383C,0.5789
YOR384W,0.261
YOR385W,
YOR386W,0.4392
YOR387C,
YOR388C,0.3724
YOR389W,
YOR390W,0.2662
YOR391C,
YOR392W,
YOR393W,
YOR394C-A,
YOR394W,
YOR396C-A,
YOR396W,
YPL001W,0.4987
YPL002C,0.41
YPL003W,0.3151
YPL004C,0.4607
YPL005W,0.4196
YPL006W,0.4207
YPL007C,0.3994
YPL008W,0.3975
YPL009C,0.4842
YPL010W,0.2174
YPL011C,0.4967
YPL012W,0.4648
YPL013C,0.3753
YPL014W,0.3647
YPL015C,0.2441
YPL016W,0.3744
YPL017C,0.3882
YPL018W,0.4609
YPL019C,0.3534
YPL020C,0.3844
YPL021W,
YPL022W,0.4023
YPL023C,0.376
YPL024W,0.2646
YPL025C,
YPL026C,0.4196
YPL027W,
YPL028W,0.3743
YPL029W,0.4017
YPL030W,0.3376
YPL031C,0.3307
YPL032C,0.3548
YPL033C,
YPL034W,0.4443
YPL035C,
YPL036W,0.9393
YPL037C,0.1256
YPL038W,0.3619
YPL038W-A,
YPL039W,0.3033
YPL040C,0.3841
YPL041C,
YPL042C,0.4151
YPL043W,0.4497
YPL044C,
YPL045W,0.4191
YPL046C,0.501
YPL047W,
YPL048W,0.409
YPL049C,0.3915
YPL050C,0.3158
YPL051W,0.3356
YPL052W,0.5005
YPL053C,67.7859
YPL054W,0.4274
YPL055C,0.3603
YPL056C,
YPL057C,0.4382
YPL058C,0.498
YPL059W,0.3331
YPL060C-A,
YPL060W,0.4365
YPL061W,0.3981
YPL062W,
YPL063W,0.372
YPL064C,0.3335
YPL065W,0.4325
YPL066W,0.3858
YPL067C,
YPL068C,0.5028
YPL069C,0.2268
YPL070W,0.3808
YPL071C,0.2671
YPL072W,0.5409
YPL073C,
YPL074W,0.3705
YPL075W,0.3644
YPL076W,0.2779
YPL077C,0.6074
YPL078C,0.3458
YPL079W,0.2734
YPL080C,
YPL081W,0.8226
YPL082C,0.4441
YPL083C,0.4714
YPL084W,0.4044
YPL085W,0.4561
YPL086C,0.3931
YPL087W,0.3643
YPL088W,0.3937
YPL089C,0.5649
YPL090C,0.1332
YPL091W,0.3845
YPL092W,0.3073
YPL093W,0.353
YPL094C,0.2047
YPL095C,0.3941
YPL096C-A,
YPL096W,0.3606
YPL097W,0.3613
YPL098C,0.2389
YPL099C,0.5671
YPL100W,0.4556
YPL101W,0.4802
YPL102C,
YPL103C,0.4302
YPL104W,0.3323
YPL105C,0.5462
YPL106C,0.5693
YPL107W,0.455
YPL108W,
YPL109C,0.464
YPL110C,0.4465
YPL111W,13.0434
YPL112C,0.2858
YPL113C,0.4805
YPL114W,
YPL115C,0.3971
YPL116W,0.3957
YPL117C,0.3739
YPL118W,0.3579
YPL119C,0.5055
YPL119C-A,
YPL120W,0.3694
YPL121C,0.5334
YPL122C,0.3444
YPL123C,0.481
YPL124W,0.3533
YPL125W,0.3697
YPL126W,0.359
YPL127C,0.4282
YPL128C,0.2901
YPL129W,0.2499
YPL130W,0.566
YPL131W,0.3661
YPL132W,0.4629
YPL133C,0.4461
YPL134C,0.4279
YPL135C-A,
YPL135W,0.3256
YPL136W,
YPL137C,0.4542
YPL138C,0.4379
YPL139C,0.511
YPL140C,0.4442
YPL141C,0.3933
YPL142C,
YPL143W,0.0343
YPL144W,
YPL145C,0.327
YPL146C,0.4089
YPL147W,0.4049
YPL148C,
YPL149W,0.4882
YPL150W,0.4553
YPL151C,0.4007
YPL152W,0.4368
YPL152W-A,
YPL153C,0.4094
YPL154C,0.364
YPL155C,0.3468
YPL156C,0.3878
YPL157W,0.4591
YPL158C,0.4929
YPL159C,0.3547
YPL160W,0.3364
YPL161C,0.4246
YPL162C,0.3132
YPL163C,0.2595
YPL164C,0.4456
YPL165C,
YPL166W,0.5197
YPL167C,0.4735
YPL168W,0.4516
YPL169C,0.348
YPL170W,0.3359
YPL171C,0.397
YPL172C,0.3794
YPL173W,0.2976
YPL174C,0.4091
YPL175W,0.4701
YPL176C,0.3806
YPL177C,0.426
YPL178W,77.6606
YPL179W,0.3544
YPL180W,0.3989
YPL181W,0.5828
YPL182C,
YPL183C,0.458
YPL183WA,
YPL183W-A,
YPL184C,0.4551
YPL185W,
YPL186C,0.5345
YPL187W,1.1074
YPL188W,0.3751
YPL189C-A,
YPL189W,0.3945
YPL190C,0.5311
YPL191C,0.44
YPL192C,0.4588
YPL193W,0.5984
YPL194W,0.4625
YPL195W,0.4194
YPL196W,0.3459
YPL197C,
YPL198W,0.4044
YPL199C,0.329
YPL200W,
YPL201C,0.4338
YPL202C,0.5256
YPL203W,0.3178
YPL204W,0.2577
YPL205C,
YPL206C,0.3033
YPL207W,0.4209
YPL208W,0.4213
YPL209C,0.5517
YPL210C,0.4546
YPL211W,0.3055
YPL212C,0.4614
YPL213W,0.4583
YPL214C,0.4504
YPL215W,0.3589
YPL216W,0.5236
YPL217C,0.4088
YPL218W,0.3546
YPL219W,0.3727
YPL220W,0.1843
YPL221W,0.3795
YPL222C-A,
YPL222W,0.435
YPL223C,0.4595
YPL224C,0.4403
YPL225W,0.4195
YPL226W,0.4399
YPL227C,0.3017
YPL228W,0.5997
YPL229W,0.3183
YPL230W,0.3634
YPL231W,0.3862
YPL232W,0.3669
YPL233W,0.3828
YPL234C,0.1228
YPL235W,0.3332
YPL236C,0.3916
YPL237W,0.1718
YPL238C,
YPL239W,0.5302
YPL240C,0.6151
YPL241C,
YPL242C,0.4423
YPL243W,0.3532
YPL244C,0.3271
YPL245W,0.3005
YPL246C,0.4672
YPL247C,0.3578
YPL248C,0.4137
YPL249C,0.3323
YPL249CA,
YPL249C-A,0.031
YPL250C,0.2541
YPL250W-A,
YPL251W,
YPL252C,0.3047
YPL253C,0.4113
YPL254W,0.5496
YPL255W,0.31
YPL256C,0.4379
YPL257W,
YPL257W-A,
YPL257W-B,
YPL258C,0.1782
YPL259C,0.3379
YPL260W,0.3306
YPL261C,
YPL262W,0.465
YPL263C,0.454
YPL264C,0.3129
YPL265W,0.2978
YPL266W,0.3912
YPL267W,0.5284
YPL268W,0.5093
YPL269W,0.4012
YPL270W,0.3973
YPL271W,
YPL272C,0.3955
YPL273W,0.4725
YPL274W,9.1232
YPL275W,
YPL276W,
YPL277C,0.5112
YPL278C,
YPL279C,
YPL280W,
YPL281C,
YPL282C,
YPL283C,0.1041
YPL283W-A,
YPL283W-B,
YPR001W,0.3657
YPR002C-A,
YPR002W,0.336
YPR003C,0.3924
YPR004C,0.3039
YPR005C,0.4087
YPR006C,0.3914
YPR007C,0.4219
YPR008W,0.3442
YPR009W,
YPR010C,0.3843
YPR010C-A,
YPR011C,0.3617
YPR012W,
YPR013C,0.36
YPR014C,
YPR015C,
YPR016C,0.2295
YPR016W-A,
YPR017C,0.5504
YPR018W,0.4362
YPR019W,0.3108
YPR020W,0.2077
YPR021C,0.4343
YPR022C,0.4239
YPR023C,0.3785
YPR024W,0.4334
YPR025C,0.5103
YPR026W,0.4101
YPR027C,0.3872
YPR028W,0.3154
YPR029C,0.3691
YPR030W,0.435
YPR031W,0.4254
YPR032W,0.3391
YPR033C,0.4061
YPR034W,0.2447
YPR035W,0.3076
YPR036W,0.2017
YPR036W-A,0.131
YPR037C,0.743
YPR038W,
YPR039W,
YPR040W,0.3004
YPR041W,0.3229
YPR042C,0.4162
YPR043W,0.507
YPR044C,
YPR045C,0.2743
YPR046W,
YPR047W,0.4789
YPR048W,0.3585
YPR049C,0.4227
YPR050C,
YPR051W,
YPR052C,
YPR053C,
YPR054W,0.3684
YPR055W,0.435
YPR056W,0.3882
YPR057W,0.3159
YPR058W,0.2918
YPR059C,
YPR060C,0.3844
YPR061C,0.399
YPR062W,0.4407
YPR063C,0.4572
YPR064W,
YPR065W,0.5006
YPR066W,0.4366
YPR067W,0.4452
YPR068C,0.4393
YPR069C,0.527
YPR070W,0.4131
YPR071W,
YPR072W,0.3484
YPR073C,0.4452
YPR074C,0.3502
YPR074W-A,
YPR075C,0.4647
YPR076W,
YPR077C,
YPR078C,0.3733
YPR079W,0.3985
YPR080W,0.1221
YPR081C,0.3806
YPR082C,0.2771
YPR083W,0.3242
YPR084W,0.4164
YPR085C,0.481
YPR086W,0.442
YPR087W,
YPR088C,0.3566
YPR089W,0.374
YPR090W,
YPR091C,0.4365
YPR092W,
YPR093C,0.323
YPR094W,
YPR095C,
YPR096C,
YPR097W,0.5688
YPR098C,0.3685
YPR099C,
YPR100W,0.4409
YPR101W,0.3581
YPR102C,0.3825
YPR103W,0.3768
YPR104C,0.5615
YPR105C,0.4031
YPR106W,0.4521
YPR107C,
YPR108W,0.3676
YPR108W-A,
YPR109W,0.4483
YPR110C,0.3745
YPR111W,
YPR112C,0.5131
YPR113W,0.3757
YPR114W,0.2798
YPR115W,0.4772
YPR116W,0.4137
YPR117W,0.4267
YPR118W,0.3894
YPR119W,0.361
YPR120C,0.3442
YPR121W,0.4141
YPR122W,0.3239
YPR123C,
YPR124W,0.3808
YPR125W,0.3923
YPR126C,
YPR127W,0.4783
YPR128C,0.334
YPR129W,0.4525
YPR130C,
YPR131C,0.3929
YPR132W,
YPR133C,0.3991
YPR133WA,
YPR133W-A,
YPR134W,0.4184
YPR135W,0.4472
YPR136C,
YPR137C-B,
YPR137W,0.4096
YPR138C,59.3151
YPR139C,0.2891
YPR140W,0.3277
YPR141C,0.4734
YPR142C,
YPR143W,0.515
YPR144C,0.3729
YPR145C-A,
YPR145W,0.3748
YPR146C,
YPR147C,0.4446
YPR148C,0.3606
YPR149W,0.2785
YPR150W,
YPR151C,0.4805
YPR152C,0.4154
YPR153W,
YPR154W,0.3477
YPR155C,0.3951
YPR156C,0.3978
YPR157W,0.4496
YPR158C-C,
YPR158C-D,
YPR158W,0.4969
YPR158W-A,
YPR158W-B,
YPR159C-A,
YPR159W,0.285
YPR160C-A,
YPR160W,0.4131
YPR160W-A,
YPR161C,0.3804
YPR162C,0.3926
YPR163C,0.5374
YPR164W,0.5621
YPR165W,0.186
YPR166C,0.3804
YPR167C,0.4172
YPR168W,0.4589
YPR169W,0.5035
YPR169W-A,
YPR170C,
YPR170W-A,
YPR170W-B,
YPR171W,0.3235
YPR172W,0.3916
YPR173C,0.357
YPR174C,0.3194
YPR175W,0.3583
YPR176C,0.4324
YPR177C,
YPR178W,0.4009
YPR179C,0.415
YPR180W,0.4208
YPR181C,0.3098
YPR182W,
YPR183W,0.3491
YPR184W,0.4172
YPR185W,0.3895
YPR186C,0.4217
YPR187W,0.2852
YPR188C,0.3098
YPR189W,0.4267
YPR190C,0.4177
YPR191W,0.3776
YPR192W,0.3112
YPR193C,0.2965
YPR194C,0.4295
YPR195C,
YPR196W,0.5603
YPR197C,
YPR198W,0.2017
YPR199C,0.0461
YPR200C,0.1047
YPR201W,
YPR202W,0.1001
YPR203W,
YPR204C-A,
YPR204W,
