ID,Noise YEPD
Q0010,
Q0017,
Q0032,
Q0045,
Q0050,
Q0055,
Q0060,
Q0065,
Q0070,
Q0075,
Q0080,
Q0085,
Q0092,
Q0105,
Q0110,
Q0115,
Q0120,
Q0130,
Q0140,
Q0142,
Q0143,
Q0144,
Q0160,
Q0182,
Q0250,
Q0255,
Q0275,
Q0297,
R0020C,
R0040C,
snR10,
YAL001C,
YAL002W,
YAL003W,
YAL004W,
YAL005C,13.0966027603
YAL007C,2.0571045416
YAL008W,
YAL009W,
YAL010C,
YAL011W,
YAL012W,-0.855090061
YAL013W,
YAL014C,
YAL015C,
YAL016C-A,
YAL016C-B,
YAL016W,-2.4778357225
YAL017W,
YAL018C,
YAL019W,0.0221512025
YAL019W-A,
YAL020C,
YAL021C,-1.4334734086
YAL022C,
YAL023C,-2.7499864792
YAL024C,
YAL025C,
YAL026C,-0.4423381699
YAL026C-A,
YAL027W,
YAL028W,
YAL029C,-0.4803422069
YAL030W,
YAL031C,
YAL031W-A,
YAL032C,
YAL033W,0.8102594179
YAL034C,
YAL034C-B,
YAL034WA,
YAL034W-A,
YAL035C-A,
YAL035W,-0.9298493089
YAL036C,-1.3313715886
YAL037C-A,
YAL037C-B,
YAL037W,
YAL038W,3.835239737
YAL039C,
YAL040C,
YAL041W,-1.7276807453
YAL042C-A,
YAL042W,
YAL043C,-3.1152982368
YAL043C-A,
YAL044C,11.0247218314
YAL044W-A,
YAL045C,
YAL046C,
YAL047C,
YAL047W-A,
YAL048C,
YAL049C,
YAL051W,
YAL053W,
YAL054C,
YAL055W,
YAL056C-A,
YAL056W,
YAL058C-A,
YAL058W,
YAL059C-A,
YAL059W,1.6980342284
YAL060W,9.7581059062
YAL061W,
YAL062W,
YAL063C,
YAL063C-A,
YAL064C-A,
YAL064W,
YAL064W-B,
YAL065C,
YAL065C-A,
YAL066W,
YAL067C,
YAL067W-A,
YAL068C,
YAL068W-A,
YAL069W,
YAR002CA,
YAR002C-A,-2.5497963126
YAR002W,0.6078490564
YAR003W,
YAR007C,
YAR008W,
YAR009C,
YAR010C,
YAR014C,0.4444938054
YAR015W,4.4925629403
YAR018C,
YAR019C,
YAR019W-A,
YAR020C,
YAR023C,
YAR027W,
YAR028W,0.3107948829
YAR029W,
YAR030C,
YAR031W,
YAR033W,
YAR035C-A,
YAR035W,
YAR037W,
YAR040C,
YAR042W,
YAR043C,
YAR044W,-0.8517932519
YAR047C,
YAR050W,
YAR052C,
YAR053W,
YAR060C,
YAR061W,
YAR062W,
YAR064W,
YAR066W,
YAR068W,
YAR069C,
YAR070C,
YAR071W,
YAR073W,
YAR074C,
YAR075W,
YBL001C,
YBL002W,-1.6288193348
YBL003C,0.7359432579
YBL004W,0.7638359527
YBL005W,
YBL005WA,
YBL005W-A,
YBL005W-B,
YBL006C,
YBL006W-A,
YBL007C,3.2329607354
YBL008W,
YBL008W-A,
YBL009W,
YBL010C,
YBL011W,-0.312006513
YBL012C,
YBL013W,
YBL014C,
YBL015W,
YBL016W,-1.307102295
YBL017C,-1.0027218474
YBL018C,
YBL019W,
YBL020W,
YBL021C,
YBL022C,0.2342145247
YBL023C,1.8184935299
YBL024W,-0.6355729377
YBL025W,
YBL026W,2.7282276658
YBL027W,-2.6558862176
YBL028C,-0.6955515549
YBL029C-A,0.6776768266
YBL029W,
YBL030C,
YBL031W,
YBL032W,-1.1938406562
YBL033C,-0.4562142533
YBL034C,
YBL035C,
YBL036C,0.6524010345
YBL037W,-2.4083900888
YBL038W,
YBL039C,-0.5302944087
YBL039C-A,
YBL039W-B,
YBL040C,
YBL041W,
YBL042C,5.4183802845
YBL043W,
YBL044W,
YBL045C,2.7078121576
YBL046W,-1.2381077802
YBL047C,2.7764509579
YBL048W,
YBL049W,
YBL050W,
YBL051C,0.6282646563
YBL052C,
YBL053W,
YBL054W,
YBL055C,
YBL056W,-0.8324537945
YBL057C,
YBL058W,0.2525747807
YBL059C-A,
YBL059W,
YBL060W,
YBL061C,0.6026308075
YBL062W,
YBL063W,
YBL064C,5.4304990344
YBL065W,
YBL066C,
YBL067C,
YBL068W,-1.5534584855
YBL068W-A,
YBL069W,
YBL070C,
YBL071C,
YBL071C-B,
YBL071W-A,-1.5511690849
YBL072C,-2.3412360461
YBL073W,
YBL074C,
YBL075C,
YBL076C,-0.3031686243
YBL077W,
YBL078C,
YBL079W,
YBL080C,
YBL081W,
YBL082C,
YBL083C,
YBL084C,
YBL085W,-0.9819283168
YBL086C,
YBL087C,-0.9181846037
YBL088C,
YBL089W,
YBL090W,
YBL091C,-0.8552982368
YBL091CA,
YBL091C-A,
YBL092W,
YBL093C,
YBL094C,
YBL095W,
YBL096C,
YBL097W,
YBL098W,
YBL099W,8.9081927802
YBL100C,
YBL100W-A,
YBL100W-B,
YBL100W-C,
YBL101C,
YBL101WA,
YBL101W-A,
YBL101W-B,
YBL102W,2.800701407
YBL103C,
YBL104C,-2.161244247
YBL105C,0.0402019101
YBL106C,
YBL107C,
YBL107WA,
YBL107W-A,
YBL108C-A,
YBL108W,
YBL109W,
YBL111C,
YBL112C,
YBL113C,
YBL113W-A,
YBR001C,
YBR002C,-1.7224038341
YBR003W,3.3642145247
YBR004C,
YBR005W,
YBR006W,
YBR007C,
YBR008C,
YBR009C,51.3426010723
YBR010W,
YBR011C,7.1118270083
YBR012C,
YBR012W-A,
YBR012W-B,
YBR013C,
YBR014C,
YBR015C,0.0386022468
YBR016W,
YBR017C,0.8009656573
YBR018C,
YBR019C,
YBR020W,
YBR021W,
YBR022W,
YBR023C,
YBR024W,
YBR025C,-0.6711474727
YBR026C,
YBR027C,
YBR028C,-0.8179024191
YBR029C,
YBR030W,
YBR031W,
YBR032W,
YBR033W,
YBR034C,-1.2337929872
YBR035C,
YBR036C,-0.2239979697
YBR037C,
YBR038W,
YBR039W,13.9598150356
YBR040W,
YBR041W,
YBR042C,
YBR043C,
YBR044C,
YBR045C,
YBR046C,2.6764693497
YBR047W,
YBR048W,
YBR049C,-0.0664434887
YBR050C,
YBR051W,
YBR052C,2.2519730305
YBR053C,
YBR054W,22.2144120633
YBR055C,
YBR056C-B,
YBR056W,
YBR056W-A,
YBR057C,
YBR058C,
YBR058C-A,1.7075165656
YBR059C,0.1483728985
YBR060C,
YBR061C,1.9467125811
YBR062C,
YBR063C,
YBR064W,
YBR065C,
YBR066C,
YBR067C,13.4705927897
YBR068C,1.6815160562
YBR069C,1.0621396226
YBR070C,
YBR071W,
YBR072C-A,
YBR072W,
YBR073W,
YBR074W,
YBR075W,
YBR076C-A,
YBR076W,
YBR077C,-1.0171565148
YBR078W,
YBR079C,-0.8408133276
YBR080C,-0.6624290936
YBR081C,2.7781287653
YBR082C,-1.3473638922
YBR083W,
YBR084C-A,-0.7817450617
YBR084W,3.3881527006
YBR085C-A,4.3387660351
YBR085W,
YBR086C,1.4266310906
YBR087W,2.4876116198
YBR088C,
YBR089CA,
YBR089C-A,0.381958062
YBR089W,
YBR090C,1.1920015581
YBR090C-A,
YBR091C,
YBR092C,9.1434028016
YBR093C,
YBR094W,
YBR095C,3.3178990684
YBR096W,
YBR097W,
YBR098W,
YBR099C,
YBR100W,
YBR101C,-0.6783102132
YBR102C,-4.6199864792
YBR103C-A,
YBR103W,
YBR104W,
YBR105C,2.520659607
YBR106W,-0.9958683018
YBR107C,
YBR108W,
YBR109C,
YBR109W-A,
YBR110W,3.4183539434
YBR111C,
YBR111W-A,
YBR112C,
YBR113W,
YBR114W,
YBR115C,4.9412758993
YBR116C,
YBR117C,
YBR118W,-0.7480011119
YBR119W,
YBR120C,-0.0387155642
YBR121C,-0.043397875
YBR121C-A,
YBR122C,0.571073002
YBR123C,
YBR124W,
YBR125C,
YBR126C,6.5793405711
YBR126W-A,
YBR126W-B,
YBR127C,-2.1440534681
YBR128C,
YBR129C,
YBR130C,-1.7392965833
YBR131C-A,
YBR131W,
YBR132C,3.0991666667
YBR133C,
YBR134W,
YBR135W,
YBR136W,
YBR137W,
YBR138C,
YBR139W,
YBR140C,
YBR141C,
YBR141W-A,
YBR142W,-0.9595760268
YBR143C,-2.3781808016
YBR144C,
YBR145W,
YBR146W,
YBR147W,
YBR148W,
YBR149W,9.4737500538
YBR150C,
YBR151W,4.681073002
YBR152W,0.6274764216
YBR153W,
YBR154C,
YBR155W,0.1886061894
YBR156C,
YBR157C,
YBR158W,
YBR159W,-1.9575426065
YBR160W,-1.7416621597
YBR161W,
YBR162C,-0.1790246384
YBR162WA,
YBR162W-A,0.2052019101
YBR163W,
YBR164C,-0.7502121582
YBR165W,
YBR166C,1.5562471521
YBR167C,
YBR168W,
YBR169C,5.9705530598
YBR170C,-0.6737002727
YBR171W,-1.9986422637
YBR172C,-1.0175340001
YBR173C,
YBR174C,
YBR175W,
YBR176W,
YBR177C,0.839775897
YBR178W,
YBR179C,-0.9779573092
YBR180W,
YBR181C,0.2809656573
YBR182C,
YBR182C-A,
YBR183W,
YBR184W,
YBR185C,-0.1276323758
YBR186W,
YBR187W,-0.267006513
YBR188C,
YBR189W,-1.4297642028
YBR190W,
YBR191W,-2.7085018696
YBR191W-A,
YBR192W,
YBR193C,
YBR194W,
YBR195C,
YBR196C,1.8721898668
YBR196C-A,
YBR196C-B,
YBR197C,
YBR198C,
YBR199W,5.7002037584
YBR200W,0.8947366533
YBR200W-A,
YBR201C-A,
YBR201W,
YBR202W,4.7255392814
YBR203W,
YBR204C,
YBR205W,
YBR206W,
YBR207W,2.9856233501
YBR208C,7.9142703574
YBR209W,
YBR210W,
YBR211C,
YBR212W,0.0708632636
YBR213W,
YBR214W,1.8267848723
YBR215W,
YBR216C,-1.223
YBR217W,
YBR218C,2.2042411374
YBR219C,
YBR220C,
YBR221C,6.2273850055
YBR221W-A,
YBR222C,5.2991326794
YBR223C,
YBR223W-A,
YBR224W,
YBR225W,
YBR226C,
YBR227C,-1.0865453148
YBR228W,
YBR229C,
YBR230C,
YBR230W-A,
YBR231C,
YBR232C,
YBR233W,
YBR233W-A,
YBR234C,
YBR235W,
YBR236C,-1.7515219741
YBR237W,-2.6620643157
YBR238C,
YBR239C,
YBR240C,
YBR241C,0.0242703574
YBR242W,2.0032266804
YBR243C,
YBR244W,14.2976529314
YBR245C,-0.8237607455
YBR246W,
YBR247C,-0.1955888175
YBR248C,-0.5784681025
YBR249C,3.3304702369
YBR250W,
YBR251W,-0.2898504387
YBR252W,1.8436381035
YBR253W,0.1045563051
YBR254C,
YBR255C-A,
YBR255W,
YBR256C,
YBR257W,
YBR258C,
YBR259W,
YBR260C,-0.8906471262
YBR261C,
YBR262C,-0.1677237955
YBR263W,2.6371625417
YBR264C,
YBR265W,-0.0569545961
YBR266C,
YBR267W,
YBR268W,5.596353596
YBR269C,
YBR270C,
YBR271W,
YBR272C,
YBR273C,
YBR274W,
YBR275C,
YBR276C,
YBR277C,
YBR278W,
YBR279W,-0.7210504658
YBR280C,
YBR281C,
YBR282W,0.2025987128
YBR283C,-0.1768353982
YBR284W,
YBR285W,
YBR286W,
YBR287W,3.7094055048
YBR288C,-3.5244498496
YBR289W,
YBR290W,0.0743831877
YBR291C,
YBR292C,
YBR293W,
YBR294W,
YBR295W,
YBR296C,
YBR296C-A,
YBR297W,
YBR298C,
YBR298C-A,
YBR299W,
YBR300C,
YBR301W,
YBR302C,
YCL001W,2.4382531076
YCL001W-A,
YCL001W-B,
YCL002C,
YCL003W,
YCL004W,
YCL005W,
YCL005W-A,
YCL006C,
YCL007C,
YCL008C,
YCL009C,5.3767494182
YCL010C,0.7755966518
YCL011C,-0.7480097695
YCL012C,
YCL012W,
YCL013W,
YCL014W,
YCL016C,
YCL017C,2.3271840016
YCL018W,
YCL019W,
YCL020W,
YCL021W,
YCL021W-A,
YCL022C,
YCL023C,
YCL024W,
YCL025C,21.6171947516
YCL026C,
YCL026CA,
YCL026C-A,
YCL026C-B,
YCL027W,
YCL028W,0.9459656573
YCL029C,
YCL030C,3.5002536737
YCL031C,-0.4409772981
YCL032W,
YCL033C,
YCL034W,
YCL035C,2.2363904206
YCL036W,
YCL037C,-0.6495303191
YCL038C,
YCL039W,
YCL040W,5.6893119941
YCL041C,
YCL042W,
YCL043C,0.4409965531
YCL044C,
YCL045C,-1.5374639396
YCL046W,
YCL047C,
YCL048W,
YCL048W-A,
YCL049C,
YCL050C,0.3559883526
YCL051W,
YCL052C,0.1878390664
YCL053C,
YCL054W,
YCL054W-A,
YCL055W,1.5182067481
YCL056C,
YCL057C-A,
YCL057W,-0.5684044398
YCL058C,
YCL058W-A,
YCL059C,3.9019204652
YCL060C,
YCL061C,
YCL062W,
YCL063W,
YCL064C,8.7785135532
YCL065W,
YCL066W,
YCL067C,
YCL068C,
YCL069W,
YCL073C,
YCL074W,
YCL075W,
YCL076W,
YCR001W,
YCR002C,2.3174291915
YCR003W,1.3632531076
YCR004C,2.8338699704
YCR005C,
YCR006C,
YCR007C,
YCR008W,
YCR009C,-0.3649855326
YCR010C,
YCR011C,-0.3002701831
YCR012W,-0.5535861525
YCR013C,
YCR014C,
YCR015C,
YCR016W,1.0313742741
YCR017C,0.9192703574
YCR018C,
YCR018C-A,12.5360950864
YCR019W,
YCR020C,
YCR020CA,
YCR020C-A,
YCR020WB,
YCR020W-B,-1.1620769004
YCR021C,
YCR022C,
YCR023C,
YCR024C,
YCR024CA,
YCR024C-A,1.3903610516
YCR024C-B,
YCR025C,
YCR026C,
YCR027C,-2.621244247
YCR028C,0.8562599293
YCR028CA,
YCR028C-A,3.3384892432
YCR029C,
YCR029C-A,
YCR030C,2.2286381035
YCR031C,
YCR032W,
YCR033W,
YCR034W,-1.9040503145
YCR035C,
YCR036W,0.0109216648
YCR037C,
YCR038C,
YCR038W-A,
YCR039C,
YCR040W,
YCR041W,
YCR042C,
YCR043C,-1.3314327791
YCR044C,1.2555530598
YCR045C,
YCR045W-A,
YCR046C,2.5366066996
YCR047C,1.884921347
YCR047W-A,
YCR048W,
YCR049C,
YCR050C,
YCR051W,0.7747017632
YCR052W,
YCR053W,-1.5066772488
YCR054C,-1.2857854753
YCR055C,
YCR056W,
YCR057C,-1.0707878493
YCR058C,
YCR059C,2.5564581659
YCR060W,1.3419177542
YCR061W,
YCR062W,
YCR063W,-0.4028374583
YCR064C,
YCR065W,
YCR066W,
YCR067C,0.6671512025
YCR068W,
YCR069W,
YCR070W,
YCR071C,1.3055362911
YCR072C,
YCR073C,
YCR073WA,
YCR073W-A,
YCR074C,
YCR075C,
YCR075W-A,
YCR076C,
YCR077C,-1.2977886343
YCR079W,
YCR080W,
YCR081C-A,
YCR081W,
YCR082W,
YCR083W,
YCR084C,
YCR085W,
YCR086W,
YCR087C-A,0.2122147133
YCR087W,
YCR088W,1.9187758514
YCR089W,
YCR090C,1.4518069477
YCR091W,
YCR092C,
YCR093W,-1.0164353501
YCR094W,1.4216802191
YCR095C,
YCR095W-A,
YCR096C,
YCR097W,
YCR097WA,
YCR097W-A,
YCR097WB,
YCR098C,
YCR099C,
YCR100C,
YCR101C,
YCR102C,
YCR102WA,
YCR102W-A,
YCR103C,
YCR104W,
YCR105W,
YCR106W,
YCR107W,
YCR108C,
YDL001W,
YDL002C,-1.1953422069
YDL003W,
YDL004W,
YDL005C,5.3995496949
YDL006W,
YDL007C-A,
YDL007W,
YDL008W,-2.5033243195
YDL009C,
YDL010W,
YDL011C,
YDL012C,-2.2599260193
YDL013W,
YDL014W,
YDL015C,-1.7355202984
YDL016C,
YDL017W,
YDL018C,-0.4486025323
YDL019C,-0.7931543746
YDL020C,
YDL021W,
YDL022C-A,
YDL022W,7.8712317526
YDL023C,
YDL024C,
YDL025C,1.9691041228
YDL025W-A,
YDL026W,
YDL027C,
YDL028C,
YDL029W,
YDL030W,
YDL031W,
YDL032W,
YDL033C,
YDL034W,
YDL035C,
YDL036C,
YDL037C,
YDL038C,
YDL039C,
YDL040C,-1.4781809483
YDL041W,
YDL042C,
YDL043C,
YDL044C,
YDL045C,
YDL045WA,
YDL045W-A,
YDL046W,-0.4633900888
YDL047W,1.3609131496
YDL048C,
YDL049C,
YDL050C,
YDL051W,0.1147106176
YDL052C,-2.1825094234
YDL053C,-0.7635804668
YDL054C,
YDL055C,
YDL056W,
YDL057W,
YDL058W,0.8514195332
YDL059C,
YDL060W,-0.5421096264
YDL061C,-2.7319546502
YDL062W,
YDL063C,0.1927986369
YDL064W,
YDL065C,-0.5087155642
YDL066W,2.7653517084
YDL067C,
YDL068W,
YDL069C,
YDL070W,0.0712599293
YDL071C,
YDL072C,0.9243676103
YDL073W,
YDL074C,-0.2974314761
YDL075W,
YDL076C,1.6878390664
YDL077C,
YDL078C,1.2509079093
YDL079C,
YDL080C,
YDL081C,-0.6573959218
YDL082W,-2.0733473121
YDL083C,-0.2587157381
YDL084W,
YDL085C-A,-0.6430714658
YDL085W,
YDL086C-A,
YDL086W,
YDL087C,
YDL088C,1.862080473
YDL089W,
YDL090C,
YDL091C,
YDL092W,-2.0844060947
YDL093W,
YDL094C,
YDL095W,-1.2233728211
YDL096C,
YDL097C,-2.1518978042
YDL098C,
YDL099W,-0.6497719609
YDL100C,-2.1912207627
YDL101C,
YDL102W,-1.7624630096
YDL103C,-0.4288720353
YDL104C,
YDL105W,
YDL106C,
YDL107W,
YDL108W,
YDL109C,
YDL110C,5.5940527197
YDL111C,0.1624659999
YDL112W,
YDL113C,
YDL114W,
YDL114W-A,
YDL115C,
YDL116W,-1.8966598904
YDL117W,
YDL118W,
YDL119C,
YDL120W,-0.6412456463
YDL121C,-0.7671052871
YDL122W,3.9107873908
YDL123W,0.8352370379
YDL124W,11.6117857717
YDL125C,-1.5589061929
YDL126C,1.1421060753
YDL127W,
YDL128W,2.8199182474
YDL129W,
YDL130W,-1.1566242554
YDL130WA,
YDL130W-A,3.0211015517
YDL131W,1.0191995709
YDL132W,0.0757948829
YDL133CA,
YDL133C-A,-0.5741618406
YDL133W,
YDL134C,-1.8004432105
YDL134C-A,
YDL135C,-0.6464893029
YDL136W,-2.4847475419
YDL137W,1.9681438964
YDL138W,
YDL139C,
YDL140C,1.1934066334
YDL141W,-0.4381371517
YDL142C,
YDL143W,
YDL144C,-0.9594444444
YDL145C,-3.2613398108
YDL146W,
YDL147W,-2.1310535609
YDL148C,
YDL149W,
YDL150W,1.1942059552
YDL151C,
YDL152W,
YDL153C,
YDL154W,
YDL155W,
YDL156W,
YDL157C,
YDL158C,
YDL159C-B,
YDL159W,3.6114602435
YDL159W-A,
YDL160C,-2.4215685758
YDL160C-A,
YDL161W,-0.6202151434
YDL162C,
YDL163W,
YDL164C,
YDL165W,1.1518922198
YDL166C,-1.5750817526
YDL167C,0.0183636329
YDL168W,9.107771121
YDL169C,
YDL170W,
YDL171C,2.5906392514
YDL172C,
YDL173W,2.0153483607
YDL174C,
YDL175C,
YDL176W,
YDL177C,
YDL178W,3.5269368644
YDL179W,
YDL180W,
YDL181W,8.4602019101
YDL182W,3.8612911303
YDL183C,
YDL184C,-2.4414710723
YDL185C-A,
YDL185W,-1.0109245842
YDL186W,
YDL187C,
YDL188C,
YDL189W,0.5634243013
YDL190C,-1.2488720353
YDL191W,-1.3996856037
YDL192W,-4.7103779952
YDL193W,-1.0594057001
YDL194W,
YDL195W,2.7243928667
YDL196W,
YDL197C,
YDL198C,
YDL199C,
YDL200C,
YDL201W,2.1282646563
YDL202W,1.7924422158
YDL203C,
YDL204W,
YDL205C,0.2186180735
YDL206W,
YDL207W,
YDL208W,-0.7241496095
YDL209C,
YDL210W,
YDL211C,
YDL212W,-2.0088839062
YDL213C,-1.6790788892
YDL214C,
YDL215C,2.437771121
YDL216C,
YDL217C,
YDL218W,
YDL219W,
YDL220C,
YDL221W,
YDL222C,
YDL223C,
YDL224C,0.3238016342
YDL225W,1.0835696676
YDL226C,-1.9702781686
YDL227C,
YDL228C,
YDL229W,-1.2648663612
YDL230W,
YDL231C,
YDL232W,-2.074449957
YDL233W,
YDL234C,
YDL235C,-1.5463035368
YDL236W,4.4234209792
YDL237W,
YDL238C,
YDL239C,
YDL240C-A,
YDL240W,
YDL241W,
YDL242W,
YDL243C,
YDL244W,
YDL245C,
YDL246C,
YDL247W,
YDL247W-A,
YDL248W,
YDR001C,2.3586381035
YDR002W,
YDR003W,0.0678490564
YDR003W-A,
YDR004W,
YDR005C,
YDR006C,
YDR007W,-1.5679573092
YDR008C,
YDR009W,
YDR010C,
YDR011W,1.1695865355
YDR012W,0.4050835455
YDR013W,
YDR014W,
YDR014W-A,
YDR015C,
YDR016C,-0.8027852867
YDR017C,-0.5006471262
YDR018C,
YDR019C,6.0721670607
YDR020C,1.7368456254
YDR021W,-1.5799864792
YDR022C,
YDR023W,0.0828322965
YDR024W,
YDR025W,
YDR026C,
YDR027C,-2.8819460621
YDR028C,-0.883926998
YDR029W,
YDR030C,
YDR031W,
YDR032C,2.1465415145
YDR033W,4.4653265885
YDR034C,
YDR034CA,
YDR034C-A,
YDR034C-C,
YDR034C-D,
YDR034WB,
YDR034W-B,0.8010815114
YDR035W,0.1297676223
YDR036C,1.3566012256
YDR037W,
YDR038C,
YDR039C,
YDR040C,
YDR041W,
YDR042C,
YDR043C,
YDR044W,5.2959621499
YDR045C,
YDR046C,-0.3693804951
YDR047W,-0.5558099722
YDR048C,
YDR049W,-1.4462499462
YDR050C,-0.6687215517
YDR051C,-0.7594444444
YDR052C,
YDR053W,
YDR054C,-0.1475203343
YDR055W,6.3083365451
YDR056C,-0.0714417537
YDR057W,
YDR058C,
YDR059C,
YDR060W,0.9985646499
YDR061W,1.825534555
YDR062W,-0.7769724514
YDR063W,-0.8185306503
YDR064W,
YDR065W,
YDR066C,
YDR067C,
YDR068W,1.146015197
YDR069C,
YDR070C,10.5380454039
YDR071C,-0.7406117495
YDR072C,
YDR073W,
YDR074W,9.9662231749
YDR075W,
YDR076W,
YDR077W,10.1515766735
YDR078C,
YDR079C-A,
YDR079W,
YDR080W,
YDR081C,
YDR082W,
YDR083W,1.1268456254
YDR084C,3.5451495613
YDR085C,
YDR086C,-0.9944280313
YDR087C,0.1318778765
YDR088C,
YDR089W,
YDR090C,1.4647614106
YDR091C,-0.7318161311
YDR092W,-0.1187799398
YDR093W,-0.3926923077
YDR094W,
YDR095C,
YDR096W,
YDR097C,
YDR098C,-0.7080757002
YDR098C-A,
YDR098C-B,
YDR099W,-2.0189079992
YDR100W,2.156015197
YDR101C,-0.2096428571
YDR102C,
YDR103W,
YDR104C,
YDR105C,0.2893929919
YDR106W,
YDR107C,
YDR108W,
YDR109C,
YDR110W,
YDR111C,
YDR112W,
YDR113C,
YDR114C,
YDR115W,
YDR116C,2.2271868272
YDR117C,
YDR118W,
YDR118W-A,
YDR119W,-0.2743528395
YDR119W-A,
YDR120C,0.289914787
YDR121W,
YDR122W,0.2823406776
YDR123C,
YDR124W,
YDR125C,
YDR126W,
YDR127W,1.8410663564
YDR128W,
YDR129C,1.6299790213
YDR130C,
YDR131C,
YDR132C,
YDR133C,
YDR134C,
YDR135C,-0.2295904477
YDR136C,
YDR137W,
YDR138W,
YDR139C,
YDR140W,-2.9768712347
YDR141C,-1.2072013631
YDR142C,
YDR143C,
YDR144C,
YDR145W,3.8143929919
YDR146C,
YDR147W,
YDR148C,-0.5570643157
YDR149C,
YDR150W,-1.4383197809
YDR151C,
YDR152W,-1.242967654
YDR153C,-1.1653403113
YDR154C,
YDR155C,0.0874360333
YDR156W,1.6488016342
YDR157W,
YDR158W,-0.3842983315
YDR159W,
YDR160W,
YDR161W,-0.3311583424
YDR162C,
YDR163W,
YDR164C,
YDR165W,0.6099249161
YDR166C,0.6479648852
YDR167W,
YDR168W,-0.8799732248
YDR169C,
YDR169C-A,
YDR170C,-0.4563035368
YDR170W-A,13.7483224076
YDR171W,7.9559131496
YDR172W,-1.4129822743
YDR173C,
YDR174W,2.8877551433
YDR175C,
YDR176W,
YDR177W,-1.3036025323
YDR178W,
YDR179C,
YDR179WA,
YDR179W-A,
YDR180W,
YDR181C,
YDR182W,
YDR182W-A,
YDR183C-A,
YDR183W,
YDR184C,
YDR185C,
YDR186C,
YDR187C,
YDR188W,
YDR189W,-1.6009772981
YDR190C,4.1501833835
YDR191W,
YDR192C,
YDR193W,
YDR194C,2.9345912583
YDR194W-A,
YDR195W,-1.0304436949
YDR196C,4.1877449582
YDR197W,
YDR198C,
YDR199W,
YDR200C,
YDR201W,
YDR202C,
YDR203W,
YDR204W,
YDR205W,-2.3174012872
YDR206W,
YDR207C,
YDR208W,
YDR209C,
YDR210C-C,
YDR210C-D,
YDR210W,2.0312599293
YDR210W-A,
YDR210W-B,
YDR211W,-1.0659671052
YDR212W,
YDR213W,
YDR214W,0.6267757071
YDR215C,
YDR216W,
YDR217C,
YDR218C,
YDR219C,-1.1018712347
YDR220C,
YDR221W,-3.9074292807
YDR222W,
YDR223W,
YDR224C,
YDR225W,
YDR226W,-2.5351494654
YDR227W,-1.6198504387
YDR228C,
YDR229W,4.7439483291
YDR230W,
YDR231C,
YDR232W,6.3817697393
YDR233C,1.1043020188
YDR234W,4.4022113657
YDR235W,
YDR236C,
YDR237W,
YDR238C,-2.9698801985
YDR239C,-1.4424012872
YDR240C,
YDR241W,
YDR242W,
YDR243C,
YDR244W,
YDR245W,-2.1213977532
YDR246W,0.0516756805
YDR246W-A,
YDR247W,0.0417125811
YDR248C,
YDR249C,
YDR250C,
YDR251W,
YDR252W,
YDR253C,
YDR254W,
YDR255C,
YDR256C,
YDR257C,-0.4313618965
YDR258C,7.466578548
YDR259C,
YDR260C,
YDR261C,0.36625
YDR261C-C,
YDR261C-D,
YDR261W-A,
YDR261W-B,
YDR262W,-2.6921009316
YDR263C,
YDR264C,-0.4165256373
YDR265W,
YDR266C,-1.0603422069
YDR267C,
YDR268W,
YDR269C,
YDR270W,0.4798364947
YDR271C,
YDR272W,-0.2504419575
YDR273W,
YDR274C,
YDR275W,
YDR276C,
YDR277C,
YDR278C,
YDR279W,
YDR280W,1.6233138221
YDR281C,
YDR282C,
YDR283C,
YDR284C,
YDR285W,
YDR286C,
YDR287W,
YDR288W,
YDR289C,
YDR290W,
YDR291W,
YDR292C,
YDR293C,2.4459211108
YDR294C,-1.0512122128
YDR295C,
YDR296W,1.0781527006
YDR297W,0.3875866601
YDR298C,10.8792836104
YDR299W,-0.435407833
YDR300C,-0.5885480072
YDR301W,
YDR302W,-1.183295114
YDR303C,
YDR304C,3.8490638131
YDR305C,
YDR306C,
YDR307W,0.3740505637
YDR308C,
YDR309C,4.6205025899
YDR310C,
YDR311W,-2.1249260193
YDR312W,3.9372147133
YDR313C,
YDR314C,
YDR315C,
YDR316W,
YDR316W-A,
YDR316W-B,
YDR317W,
YDR318W,
YDR319C,
YDR320C,0.1132647995
YDR320C-A,0.1240638131
YDR320W-B,
YDR321W,
YDR322CA,
YDR322C-A,1.8642703574
YDR322W,0.0238541246
YDR323C,
YDR324C,-1.090429444
YDR325W,
YDR326C,
YDR327W,
YDR328C,-1.4950750839
YDR329C,6.59625
YDR330W,-0.058
YDR331W,-0.9031332405
YDR332W,
YDR333C,
YDR334W,
YDR335W,0.0447614106
YDR336W,
YDR337W,
YDR338C,
YDR339C,
YDR340W,
YDR341C,
YDR342C,
YDR343C,8.8315627789
YDR344C,
YDR345C,4.7293901104
YDR346C,-2.1969700722
YDR347W,
YDR348C,
YDR349C,
YDR350C,
YDR351W,
YDR352W,3.6598037018
YDR353W,-0.9233098211
YDR354C-A,
YDR354W,3.9936022468
YDR355C,
YDR356W,
YDR357C,
YDR358W,2.7841632247
YDR359C,
YDR360W,
YDR361C,-0.7054600879
YDR362C,
YDR363W,
YDR363WA,
YDR363W-A,-2.3242141414
YDR364C,
YDR365C,9.5239264579
YDR365W-B,
YDR366C,
YDR367W,0.9507873908
YDR368W,2.1476710293
YDR369C,
YDR370C,
YDR371C-A,
YDR371W,
YDR372C,-0.4970187116
YDR373W,3.0526768266
YDR374C,
YDR374W-A,
YDR375C,
YDR376W,
YDR377W,7.6883795737
YDR378C,
YDR379C-A,
YDR379W,
YDR380W,
YDR381C-A,
YDR381W,
YDR382W,-2.4281159849
YDR383C,
YDR384C,3.361073002
YDR385W,1.9562965178
YDR386W,
YDR387C,
YDR388W,-0.878479908
YDR389W,-2.8261910673
YDR390C,-2.3694444444
YDR391C,3.7872875746
YDR392W,
YDR393W,
YDR394W,0.7088975012
YDR395W,0.2738384133
YDR396W,
YDR397C,-0.9068905258
YDR398W,-0.8900213456
YDR399W,-0.8170486251
YDR400W,-1.3607296426
YDR401W,
YDR402C,
YDR403W,
YDR404C,
YDR405W,-0.4278707002
YDR406W,
YDR406W-A,
YDR407C,
YDR408C,0.0767668684
YDR409W,
YDR410C,
YDR411C,-0.8300981616
YDR412W,-0.9892051171
YDR413C,
YDR414C,
YDR415C,
YDR416W,
YDR417C,
YDR418W,-2.9960066006
YDR419W,
YDR420W,
YDR421W,
YDR422C,
YDR423C,
YDR424C,
YDR425W,
YDR426C,
YDR427W,-0.825880435
YDR428C,
YDR429C,
YDR430C,0.1638975012
YDR431W,
YDR432W,-0.9764781123
YDR433W,
YDR434W,1.9904239732
YDR435C,
YDR436W,
YDR437W,
YDR438W,
YDR439W,
YDR440W,
YDR441C,0.272771121
YDR442W,
YDR443C,
YDR444W,
YDR445C,
YDR446W,
YDR447C,-0.7357373088
YDR448W,-2.5627124254
YDR449C,-0.3295778221
YDR450W,-0.415085213
YDR451C,
YDR452W,
YDR453C,11.3987543537
YDR454C,-1.1295512076
YDR455C,
YDR456W,-0.5159637567
YDR457W,
YDR458C,
YDR459C,
YDR460W,
YDR461C-A,
YDR461W,13.6799104662
YDR462W,0.5026308075
YDR463W,
YDR464C-A,
YDR464W,
YDR465C,1.8320975809
YDR466W,
YDR467C,
YDR468C,
YDR469W,
YDR470C,
YDR471W,-0.9388373745
YDR472W,0.3899441384
YDR473C,
YDR474C,
YDR475C,
YDR476C,4.1131069032
YDR477W,-1.1391950444
YDR478W,
YDR479C,
YDR480W,
YDR481C,
YDR482C,-1.5901635053
YDR483W,2.2605991914
YDR484W,
YDR485C,
YDR486C,2.1649441384
YDR487C,0.8239604954
YDR488C,
YDR489W,
YDR490C,
YDR491C,
YDR492W,
YDR493W,
YDR494W,
YDR495C,
YDR496C,-0.7668105238
YDR497C,3.2281205739
YDR498C,
YDR499W,
YDR500C,-1.8224219289
YDR501W,
YDR502C,6.9065789474
YDR503C,
YDR504C,
YDR505C,-2.9433197809
YDR506C,
YDR507C,1.1633728985
YDR508C,-1.7156979812
YDR509W,
YDR510C-A,
YDR510W,-2.6728290297
YDR511W,
YDR512C,
YDR513W,-1.2018233698
YDR514C,
YDR515W,0.5632067481
YDR516C,10.2575987128
YDR517W,-1.0515256373
YDR518W,
YDR519W,
YDR520C,
YDR521W,
YDR522C,
YDR523C,
YDR524C,0.6868922198
YDR524C-A,
YDR524C-B,
YDR524W-C,
YDR525W,
YDR525WA,
YDR525W-A,0.1558058622
YDR526C,
YDR527W,0.3052927678
YDR528W,
YDR529C,7.2375381757
YDR530C,
YDR531W,-3.1508367753
YDR532C,
YDR533C,
YDR534C,
YDR535C,
YDR536W,
YDR537C,
YDR538W,
YDR539W,3.6631287653
YDR540C,
YDR541C,
YDR542W,
YDR543C,
YDR544C,
YDR545C-A,
YDR545W,
YEL001C,1.9381026247
YEL002C,-0.5378545235
YEL003W,1.1034546852
YEL004W,
YEL005C,
YEL006W,
YEL007W,0.6690643826
YEL008C-A,
YEL008W,
YEL009C,
YEL009C-A,
YEL010W,
YEL011W,
YEL012W,0.2970426908
YEL013W,-0.0526676368
YEL014C,0.7660676557
YEL015W,1.5117697393
YEL016C,
YEL017CA,
YEL017C-A,-2.0567673387
YEL017W,
YEL018C-A,
YEL018W,
YEL019C,0.1605501504
YEL020C,
YEL020C-B,
YEL020WA,
YEL020W-A,
YEL021W,
YEL022W,-0.7391950444
YEL023C,
YEL024W,5.2773192547
YEL025C,
YEL026W,
YEL027W,-1.1409218731
YEL028W,
YEL029C,
YEL030C-A,
YEL030W,
YEL031W,-3.1744622325
YEL032C-A,
YEL032W,
YEL033W,
YEL034C-A,
YEL034W,
YEL035C,
YEL036C,-1.3446914658
YEL037C,0.658755753
YEL038W,0.413398787
YEL039C,
YEL040W,-1.4638849053
YEL041W,
YEL042W,-3.3049864792
YEL043W,-2.4784252184
YEL044W,
YEL045C,
YEL046C,-1.4471274875
YEL047C,0.5373893821
YEL048C,-0.0208367753
YEL049W,
YEL050C,
YEL050W-A,
YEL051W,-3.0490707072
YEL052W,2.246353596
YEL053C,
YEL053W-A,
YEL054C,-1.6508430889
YEL055C,-0.0590500826
YEL056W,
YEL057C,
YEL058W,12.5348364947
YEL059CA,
YEL059C-A,
YEL059W,
YEL060C,5.3868628483
YEL061C,
YEL062W,
YEL063C,-2.1753058748
YEL064C,
YEL065W,24.9996622712
YEL066W,0.3352037584
YEL067C,
YEL068C,
YEL069C,
YEL070W,
YEL071W,5.3370856952
YEL072W,
YEL073C,
YEL074W,
YEL075C,
YEL075W-A,
YEL076C,
YEL076C-A,
YEL076W-C,
YEL077C,
YEL077W-A,
YER001W,1.6913882483
YER002W,-1.1555955336
YER003C,-0.1807667001
YER004W,1.9115248634
YER005W,
YER006C-A,
YER006W,1.4510938071
YER007CA,
YER007C-A,0.2048726578
YER007W,
YER008C,0.0414581659
YER009W,
YER010C,
YER011W,17.6902927678
YER012W,
YER013W,
YER014C-A,
YER014W,
YER015W,
YER016W,-1.5324292807
YER017C,-0.6663977532
YER018C,
YER019CA,
YER019C-A,-1.5040341246
YER019W,
YER020W,2.7167034399
YER021W,
YER022W,-0.7154432105
YER023C-A,
YER023W,-0.7935480072
YER024W,
YER025W,
YER026C,
YER027C,0.677080473
YER028C,
YER029C,-1.3726581658
YER030W,-1.000224103
YER031C,-2.3891437095
YER032W,
YER033C,
YER034W,-0.0358099722
YER035W,1.0743619095
YER036C,-0.8057024828
YER037W,
YER038C,
YER038W-A,
YER039C,
YER039CA,
YER039C-A,
YER040W,
YER041W,
YER042W,1.8391900278
YER043C,-0.8291941969
YER044C,-1.0968233698
YER044CA,
YER044C-A,
YER045C,
YER046W,
YER046W-A,
YER047C,
YER048C,
YER048WA,
YER048W-A,0.4250351494
YER049W,0.6478462305
YER050C,
YER051W,
YER052C,0.1479841185
YER053C,
YER053C-A,16.1168787229
YER054C,
YER055C,
YER056C,4.2403165657
YER056CA,
YER056C-A,-2.8334508908
YER057C,
YER058W,
YER059W,-2.6268712347
YER060W,
YER060w-A,
YER060W-A,
YER061C,
YER062C,13.2074422158
YER063W,
YER064C,
YER065C,
YER066C-A,
YER066W,
YER067C-A,
YER067W,29.5035475259
YER068C-A,
YER068W,-1.6653531158
YER069W,
YER070W,23.4432643523
YER071C,
YER072W,3.1960114095
YER073W,7.8308562905
YER074W,0.8447431054
YER074W-A,
YER075C,
YER076C,
YER076W-A,
YER077C,
YER078C,
YER078W-A,
YER079C-A,
YER079W,
YER080W,0.554921347
YER081W,
YER082C,
YER083C,-0.5083819051
YER084W,0.4478390664
YER084W-A,
YER085C,
YER086W,7.9531051954
YER087C-A,
YER087C-B,
YER087W,
YER088C,1.6242059552
YER088C-A,
YER088W-B,
YER089C,0.1426389946
YER090C-A,
YER090W,0.081911711
YER091C,14.5811854874
YER091C-A,
YER092W,0.152
YER093C,
YER093CA,
YER093C-A,
YER094C,
YER095W,5.2402705748
YER096W,
YER097W,
YER098W,
YER099C,-1.3932299048
YER100W,
YER101C,
YER102W,-2.4812533003
YER103W,28.7691666667
YER104W,
YER105C,-1.2629024191
YER106W,
YER107C,1.2543528738
YER107W-A,
YER108C,
YER109C,
YER110C,1.9398610668
YER111C,
YER112W,-0.4333933004
YER113C,-0.7759637567
YER114C,-0.7013398509
YER115C,
YER116C,
YER117W,
YER118C,-0.4381629363
YER119C,
YER119CA,
YER119C-A,
YER120W,-0.6038213402
YER121W,
YER122C,-2.912905836
YER123W,-2.5894444444
YER124C,
YER125W,
YER126C,-1.4137678975
YER127W,
YER128W,0.6864107107
YER129W,
YER130C,
YER131W,0.2840181835
YER132C,1.0843441642
YER133W,-2.3291453852
YER133W-A,
YER134C,-0.1365147164
YER135C,
YER136W,-1.4374627934
YER137C,
YER137W-A,
YER138C,
YER138WA,
YER138W-A,
YER139C,
YER140W,
YER141W,1.8844044664
YER142C,
YER143W,5.8275707193
YER144C,
YER145C,3.7406432297
YER145C-A,
YER146W,
YER147C,
YER147C-A,
YER148W,-0.491483441
YER148W-A,
YER149C,-1.9024292807
YER150W,
YER151C,-2.8706228231
YER152C,1.6902037584
YER152W-A,
YER153C,
YER154W,0.3493778234
YER155C,0.1604095523
YER156C,0.8278298132
YER157W,-1.3044637089
YER158C,
YER158W-A,
YER159C,-0.9112142533
YER160C,
YER161C,-0.6422007402
YER162C,
YER163C,
YER164W,0.3897386805
YER165C-A,
YER165W,-2.0368597237
YER166W,-0.4682829504
YER167W,
YER168C,2.2343983628
YER169W,
YER170W,
YER171W,
YER172C,
YER172C-A,
YER173W,
YER174C,
YER175C,
YER175W-A,
YER176W,-0.1756168123
YER177W,-2.5563561876
YER178W,16.8860663564
YER179W,
YER180C,
YER180C-A,
YER181C,
YER182W,
YER183C,
YER184C,
YER185W,
YER186C,
YER187W,
YER188C-A,
YER188W,
YER189W,
YER190C-A,
YER190C-B,
YER190W,
YFL001W,0.6553420586
YFL002C,-0.4956471262
YFL002W-A,
YFL002W-B,
YFL003C,
YFL004W,1.612558476
YFL005W,
YFL006W,4.5380716832
YFL007W,2.3636071177
YFL008W,-1.1528131728
YFL009W,
YFL010C,
YFL010W-A,
YFL011W,
YFL011W-A,
YFL012W,
YFL012W-A,
YFL013C,-1.9064662632
YFL013W-A,
YFL014W,
YFL015C,
YFL015W-A,
YFL016C,7.6707097658
YFL017C,
YFL017WA,
YFL017W-A,-0.5309341044
YFL018C,3.2258266262
YFL018W-A,
YFL019C,
YFL020C,
YFL021C-A,
YFL021W,
YFL022C,
YFL023W,-1.4233728211
YFL024C,
YFL025C,
YFL026W,6.6612911303
YFL027C,
YFL028C,
YFL029C,
YFL030W,
YFL031C-A,
YFL031W,
YFL032W,
YFL033C,
YFL034CA,
YFL034C-A,5.4660690847
YFL034CB,
YFL034C-B,-0.7221609336
YFL034W,
YFL035C,
YFL035C-A,
YFL035C-B,
YFL036W,0.701882925
YFL037W,
YFL038C,
YFL039C,
YFL040W,
YFL041W,-0.0894803201
YFL041W-A,
YFL042C,
YFL043C,
YFL044C,
YFL045C,
YFL046W,
YFL047W,-1.876780284
YFL048C,1.2724254023
YFL049W,
YFL050C,
YFL051C,
YFL052W,
YFL053W,
YFL054C,
YFL055W,
YFL056C,
YFL057C,
YFL058W,
YFL059W,
YFL060C,
YFL061W,
YFL062W,
YFL063W,
YFL064C,
YFL065C,
YFL066C,
YFL067W,
YFL068W,
YFL-TYA,
YFL-TYB,
YFR001W,-0.3283689094
YFR002W,-1.508917694
YFR003C,
YFR004W,-1.6154820792
YFR005C,
YFR006W,4.4246341527
YFR007W,
YFR008W,
YFR009W,-1.1602449099
YFR009W-A,
YFR010W,
YFR010W-A,
YFR011C,-0.0939369519
YFR012W,
YFR012W-A,
YFR013W,-2.2185397565
YFR014C,
YFR015C,4.3119242998
YFR016C,0.0218854755
YFR017C,
YFR018C,
YFR019W,
YFR020W,
YFR021W,-1.9185397565
YFR022W,
YFR023W,
YFR024C,-0.7081249731
YFR024CA,
YFR024C-A,-0.3699328886
YFR025C,
YFR026C,
YFR027W,
YFR028C,0.3463882483
YFR029W,
YFR030W,
YFR031C,
YFR031CA,
YFR031C-A,-1.9657453169
YFR032C,
YFR032CA,
YFR032C-A,
YFR032C-B,
YFR033C,6.8184344792
YFR034C,
YFR034W-A,
YFR035C,
YFR036W,
YFR036W-A,
YFR037C,1.6638925605
YFR038W,
YFR039C,
YFR040W,-1.2830884898
YFR041C,2.6467697393
YFR042W,
YFR043C,
YFR044C,4.642136126
YFR045W,
YFR046C,
YFR047C,
YFR048W,0.3772321876
YFR049W,3.865873909
YFR050C,
YFR051C,-2.8507617673
YFR052C-A,
YFR052W,-1.4446185021
YFR053C,0.2187543537
YFR054C,
YFR055W,
YFR056C,
YFR057W,
YGL001C,3.5059753616
YGL002W,
YGL003C,
YGL004C,
YGL005C,
YGL006W,
YGL006W-A,
YGL007C-A,
YGL007W,
YGL008C,5.0506766648
YGL009C,8.8362433295
YGL010W,
YGL011C,
YGL012W,-0.7975743248
YGL013C,
YGL014C-A,
YGL014W,-1.0583964429
YGL015C,
YGL016W,0.2473418342
YGL017W,
YGL018C,
YGL019W,0.3647848566
YGL020C,-1.1582352878
YGL021W,
YGL022W,-2.7162339649
YGL023C,
YGL024W,
YGL025C,
YGL026C,0.213633084
YGL027C,
YGL028C,-0.1782299048
YGL029W,-0.7860735421
YGL030W,
YGL031C,-1.0068038116
YGL032C,
YGL033W,
YGL034C,
YGL035C,3.2504792061
YGL036W,
YGL037C,10.5796915034
YGL038C,2.3494779915
YGL039W,4.4355025899
YGL040C,0.4048275496
YGL041C,
YGL041C-B,
YGL041W-A,
YGL042C,
YGL043W,-1.0751763879
YGL044C,
YGL045W,
YGL046W,0.4322147133
YGL047W,
YGL048C,-2.8962601671
YGL049C,-0.9286095794
YGL050W,
YGL051W,
YGL052W,
YGL053W,
YGL054C,-2.5162121212
YGL055W,-1.2266724391
YGL056C,-0.5443512249
YGL057C,
YGL058W,1.7321478037
YGL059W,
YGL060W,
YGL061C,
YGL062W,4.2606264522
YGL063C-A,
YGL063W,
YGL064C,
YGL065C,-0.6802431257
YGL066W,
YGL067W,-3.3078739038
YGL068W,1.7841937477
YGL069C,
YGL070C,-2.2659678068
YGL071W,
YGL072C,
YGL073W,
YGL074C,
YGL075C,0.6150619925
YGL076C,
YGL077C,1.7752728129
YGL078C,1.3553274076
YGL079W,
YGL080W,-0.4299380075
YGL081W,
YGL082W,0.7405094808
YGL083W,
YGL084C,0.9816180949
YGL085W,
YGL086W,
YGL087C,0.0867472339
YGL088W,
YGL089C,
YGL090W,
YGL091C,
YGL092W,-1.6768983648
YGL093W,
YGL094C,
YGL095C,
YGL096W,
YGL097W,-1.0397294252
YGL098W,-2.3662046101
YGL099W,-0.7472981869
YGL100W,
YGL101W,-0.4752151434
YGL102C,
YGL103W,
YGL104C,
YGL105W,-1.6633967483
YGL106W,
YGL107C,1.2162844358
YGL108C,
YGL109W,
YGL110C,-1.1015971984
YGL111W,-0.599226614
YGL112C,
YGL113W,
YGL114W,
YGL115W,3.2913028416
YGL116W,
YGL117W,
YGL118C,
YGL119W,-0.6505798773
YGL120C,-0.6543700353
YGL121C,
YGL122C,
YGL123C-A,
YGL123W,
YGL124C,
YGL125W,
YGL126W,1.7759131496
YGL127C,-1.759126091
YGL128C,
YGL129C,0.5847854422
YGL130W,0.7087953899
YGL131C,
YGL132W,
YGL133W,-0.19375
YGL134W,
YGL135W,-2.1919703274
YGL136C,
YGL137W,-2.6838456135
YGL138C,
YGL139W,1.599071711
YGL140C,-1.9645645172
YGL141W,
YGL142C,
YGL143C,
YGL144C,
YGL145W,-1.5380822458
YGL146C,
YGL147C,-2.8457895174
YGL148W,-2.0734901235
YGL149W,
YGL150C,1.3546341527
YGL151W,-0.7730703108
YGL152C,
YGL153W,
YGL154C,
YGL155W,
YGL156W,
YGL157W,2.5040269689
YGL158W,
YGL159W,
YGL160W,
YGL161C,
YGL162W,
YGL163C,
YGL164C,0.0878990684
YGL165C,
YGL166W,
YGL167C,-2.7528954584
YGL168W,
YGL169W,-0.3771009316
YGL170C,
YGL171W,
YGL172W,-0.2540344473
YGL173C,0.5902036874
YGL174W,
YGL175C,
YGL176C,
YGL177W,
YGL178W,0.0037543537
YGL179C,
YGL180W,
YGL181W,-1.4152633467
YGL182C,
YGL183C,
YGL184C,
YGL185C,
YGL186C,
YGL187C,13.0841815175
YGL188C,
YGL188C-A,
YGL189C,-2.2574039217
YGL190C,0.4662397369
YGL191W,
YGL192W,
YGL193C,
YGL194C,2.0678462305
YGL194C-A,
YGL195W,-0.8844281587
YGL196W,
YGL197W,
YGL198W,
YGL199C,
YGL200C,-2.8331512419
YGL201C,1.3107097658
YGL202W,-0.320271674
YGL203C,-0.5550217691
YGL204C,
YGL205W,
YGL206C,1.6588991629
YGL207W,0.0060482146
YGL208W,
YGL209W,
YGL210W,0.059775897
YGL211W,
YGL212W,-1.923
YGL213C,0.8266066996
YGL214W,
YGL215W,
YGL216W,1.5468922198
YGL217C,
YGL218W,
YGL219C,
YGL220W,3.7592703574
YGL221C,-0.2919283168
YGL222C,-0.0690783352
YGL223C,0.9687500538
YGL224C,
YGL225W,-2.0626797735
YGL226CA,
YGL226C-A,
YGL226W,
YGL227W,
YGL228W,
YGL229C,0.3725707193
YGL230C,
YGL231C,0.2497386805
YGL232W,
YGL233W,1.387771121
YGL234W,3.9185400151
YGL235W,
YGL236C,
YGL237C,
YGL238W,
YGL239C,
YGL240W,
YGL241W,
YGL242C,
YGL243W,
YGL244W,0.4139495342
YGL245W,-1.661305309
YGL246C,1.1412397369
YGL247W,
YGL248W,
YGL249W,
YGL250W,
YGL251C,
YGL252C,-1.7863047421
YGL253W,1.0422213
YGL254W,
YGL255W,
YGL256W,
YGL257C,
YGL258W,
YGL258W-A,
YGL259W,
YGL260W,
YGL261C,
YGL262W,
YGL263W,
YGR001C,-0.2698166165
YGR002C,
YGR003W,
YGR004W,
YGR005C,
YGR006W,
YGR007W,
YGR008C,12.2661786598
YGR009C,
YGR010W,
YGR011W,
YGR012W,
YGR013W,
YGR014W,2.2559753616
YGR015C,
YGR016W,
YGR017W,-1.4410516709
YGR018C,
YGR019W,11.8363028416
YGR020C,-2.4399313013
YGR021W,-1.0933197809
YGR022C,
YGR023W,
YGR024C,8.8969177542
YGR025W,
YGR026W,-1.1435963076
YGR027C,0.5037787074
YGR027W-A,
YGR027W-B,
YGR028W,
YGR029W,
YGR030C,-2.3495207939
YGR031C-A,
YGR031W,0.0367848723
YGR032W,
YGR033C,
YGR034W,-3.136220507
YGR035C,
YGR035W-A,
YGR036C,0.3996622712
YGR037C,0.4594684737
YGR038C-A,
YGR038C-B,
YGR038W,0.3533728985
YGR039W,
YGR040W,
YGR041W,
YGR042W,
YGR043C,
YGR044C,
YGR045C,
YGR046W,
YGR047C,
YGR048W,1.6720146554
YGR049W,
YGR050C,
YGR051C,
YGR052W,
YGR053C,
YGR054W,
YGR055W,4.7387556339
YGR056W,
YGR057C,
YGR058W,
YGR059W,
YGR060W,-0.1014477292
YGR061C,4.2119394665
YGR062C,
YGR063C,0.467578663
YGR064W,
YGR065C,2.7605530598
YGR066C,
YGR067C,
YGR068C,
YGR068W-A,
YGR069W,
YGR070W,
YGR071C,
YGR072W,0.439207842
YGR073C,
YGR074W,-2.3122007402
YGR075C,0.0645496949
YGR076C,-0.0750533641
YGR077C,
YGR078C,-2.2879183876
YGR079W,
YGR080W,0.000534555
YGR081C,0.0429019159
YGR082W,5.4499148569
YGR083C,-1.810414749
YGR084C,0.7679230996
YGR085C,-1.3914527527
YGR086C,4.9929708935
YGR087C,
YGR088W,
YGR089W,
YGR090W,0.24128645
YGR091W,
YGR092W,-0.4694905192
YGR093W,
YGR094W,
YGR095C,1.4294028424
YGR096W,
YGR097W,
YGR098C,
YGR099W,
YGR100W,
YGR101W,
YGR102C,
YGR103W,-0.0960038311
YGR104C,
YGR105W,
YGR106C,-0.4462994828
YGR107W,
YGR108W,
YGR109C,
YGR109W-A,
YGR109W-B,
YGR110W,
YGR111W,-0.9351635053
YGR112W,
YGR113W,
YGR114C,
YGR115C,
YGR116W,1.2781282256
YGR117C,-0.7807296426
YGR118W,0.9566945699
YGR119C,-1.2453233244
YGR120C,
YGR121C,
YGR121W-A,
YGR122C-A,
YGR122W,
YGR123C,-1.4423649207
YGR124W,-1.052754391
YGR125W,
YGR126W,
YGR127W,
YGR128C,-1.6369924015
YGR129W,
YGR130C,2.6778974414
YGR131W,
YGR132C,
YGR133W,
YGR134W,
YGR135W,-1.0684029379
YGR136W,-0.6380269695
YGR137W,
YGR138C,9.5205530598
YGR139W,
YGR140W,
YGR141W,
YGR142W,
YGR143W,
YGR144W,
YGR145W,
YGR146C,
YGR146C-A,
YGR147C,-0.0834118224
YGR148C,-1.7252965358
YGR149W,
YGR150C,
YGR151C,
YGR152C,-1.2178123858
YGR153W,
YGR154C,
YGR155W,0.2752945597
YGR156W,-1.8417352005
YGR157W,-0.5105521412
YGR158C,1.8854846059
YGR159C,0.4232737258
YGR160W,
YGR161C,
YGR161C-D,
YGR161W-A,
YGR161W-B,
YGR161W-C,
YGR162W,-1.2849864796
YGR163W,-1.1111910673
YGR164W,
YGR165W,2.2003667669
YGR166W,
YGR167W,1.4266769717
YGR168C,
YGR169C,
YGR169C-A,
YGR170W,
YGR171C,
YGR172C,
YGR173W,-1.9805202984
YGR174C,
YGR174W-A,
YGR175C,-0.6855870822
YGR176W,
YGR177C,1.8031766302
YGR178C,-1.8393512249
YGR179C,
YGR180C,-0.4132901024
YGR181W,
YGR182C,
YGR183C,8.8644478588
YGR184C,
YGR185C,-3.3196750622
YGR186W,-2.4486363636
YGR187C,0.1763154037
YGR188C,
YGR189C,2.9923076923
YGR190C,
YGR191W,-1.4911952808
YGR192C,0.2924417084
YGR193C,
YGR194C,
YGR195W,-0.6244008086
YGR196C,
YGR197C,
YGR198W,
YGR199W,
YGR200C,-0.0152118287
YGR201C,
YGR202C,-0.6833933004
YGR203W,0.5511520556
YGR204C-A,
YGR204W,0.7712719186
YGR205W,-0.3483197809
YGR206W,
YGR207C,1.0312750501
YGR208W,-0.6851072789
YGR209C,4.0460203522
YGR210C,-0.5392902342
YGR211W,-0.0475970731
YGR212W,
YGR213C,
YGR214W,-0.4063562127
YGR215W,3.9875685239
YGR216C,
YGR217W,
YGR218W,9.5361838121
YGR219W,
YGR220C,2.6007111438
YGR221C,
YGR222W,
YGR223C,
YGR224W,
YGR225W,
YGR226C,
YGR227W,
YGR228W,
YGR229C,-1.8139049136
YGR230W,
YGR231C,
YGR232W,
YGR233C,4.6487543537
YGR234W,18.7065885343
YGR235C,1.0696161999
YGR236C,
YGR237C,
YGR238C,
YGR239C,
YGR240C,0.1533709813
YGR240C-A,
YGR241C,-0.6995009656
YGR242W,
YGR243W,
YGR244C,5.3578298132
YGR245C,
YGR246C,
YGR247W,
YGR248W,
YGR249W,
YGR250C,-0.7167932519
YGR251W,-0.2131077802
YGR252W,
YGR253C,-1.3598142667
YGR254W,22.9153596659
YGR255C,
YGR256W,
YGR257C,
YGR258C,
YGR259C,
YGR260W,5.4335475259
YGR261C,-0.4152151434
YGR262C,1.7318456254
YGR263C,
YGR264C,-0.8458235022
YGR265W,
YGR266W,-1.6667353437
YGR267C,
YGR268C,
YGR269W,2.0289483291
YGR270C-A,
YGR270W,
YGR271C-A,-1.1795904477
YGR271W,
YGR272C,
YGR273C,
YGR274C,
YGR275W,-1.4621609336
YGR276C,
YGR277C,
YGR278W,
YGR279C,5.4634997784
YGR280C,2.6947100613
YGR281W,-0.2056163099
YGR282C,
YGR283C,
YGR284C,-1.7038793253
YGR285C,-1.5076228173
YGR286C,
YGR287C,
YGR288W,
YGR289C,
YGR290W,
YGR291C,
YGR292W,
YGR293C,
YGR294W,
YGR295C,4.6518458717
YGR296C-A,
YGR296C-B,
YGR296W,
YHL001W,-1.7301305685
YHL002C-A,
YHL002W,-0.0735397565
YHL003C,
YHL004W,1.2880342284
YHL005C,
YHL006C,
YHL006W-A,
YHL007C,-0.6256023051
YHL008C,
YHL009C,-1.9612046101
YHL009W-A,
YHL009W-B,
YHL010C,
YHL011C,-1.1249793358
YHL012W,
YHL013C,0.1147614106
YHL014C,
YHL015W,
YHL015W-A,
YHL016C,
YHL017W,
YHL018W,
YHL019C,
YHL019W-A,
YHL020C,1.0225755743
YHL021C,6.6393119941
YHL022C,
YHL023C,
YHL024W,
YHL025W,
YHL026C,
YHL027W,
YHL028W,
YHL029C,-1.5955787648
YHL030W,0.5723418342
YHL030W-A,
YHL031C,
YHL032C,
YHL033C,0.5002577332
YHL034C,-1.5980574791
YHL034W-A,
YHL035C,
YHL036W,
YHL037C,
YHL038C,
YHL039W,1.9921876142
YHL040C,
YHL041W,
YHL042W,
YHL043W,
YHL044W,
YHL045W,
YHL046C,
YHL046W-A,
YHL047C,
YHL048C-A,
YHL048W,-1.6249260193
YHL049C,
YHL050C,
YHL050W-A,
YHR001W,
YHR001WA,
YHR001W-A,2.9896577931
YHR002W,
YHR003C,0.5876768266
YHR004C,
YHR005C,-2.0062859892
YHR005CA,
YHR005C-A,
YHR006W,
YHR007C,0.7517114064
YHR007C-A,
YHR008C,7.2188095238
YHR009C,0.3467125811
YHR010W,5.4371478037
YHR011W,
YHR012W,
YHR013C,0.7285696676
YHR014W,
YHR015W,
YHR016C,
YHR017W,
YHR018C,2.8128222879
YHR019C,
YHR020W,
YHR021C,-2.185968612
YHR021WA,
YHR021W-A,
YHR022C,
YHR022C-A,
YHR023W,
YHR024C,1.0484209792
YHR025W,8.2771478037
YHR026W,-2.4525549534
YHR027C,-1.3925426065
YHR028C,
YHR028W-A,
YHR029C,
YHR030C,-0.3246332331
YHR031C,
YHR032C-A,
YHR032W,
YHR032W-A,
YHR033W,
YHR034C,
YHR035W,
YHR036W,
YHR037W,3.8764678421
YHR038W,
YHR039C,2.8313915528
YHR039CA,
YHR039C-A,-1.2101366019
YHR039C-B,
YHR040W,
YHR041C,
YHR042W,-1.5921397639
YHR043C,2.0204354828
YHR044C,
YHR045W,
YHR046C,1.8490638131
YHR047C,11.7307367374
YHR048W,
YHR049CA,
YHR049C-A,
YHR049W,3.2395252819
YHR050W,
YHR050W-A,
YHR051W,5.8823850055
YHR052W,0.3542332999
YHR052W-A,
YHR053C,
YHR054C,
YHR054W-A,
YHR055C,
YHR056C,
YHR056W-A,
YHR057C,
YHR058C,1.3528222879
YHR059W,
YHR060W,
YHR061C,
YHR062C,-1.3609963695
YHR063C,1.9850135208
YHR063W-A,
YHR064C,-0.9072131223
YHR065C,
YHR066W,0.6685756012
YHR067W,
YHR068W,-1.1753089538
YHR069C,-1.2792789924
YHR069C-A,
YHR070C-A,
YHR070W,-0.7476923797
YHR071C-A,
YHR071W,
YHR072W,-0.2015064701
YHR072W-A,0.2028787355
YHR073C-B,
YHR073W,-1.1880097695
YHR073W-A,
YHR074W,
YHR075C,
YHR076W,
YHR077C,-2.2645645172
YHR078W,
YHR079C,
YHR079C-A,
YHR079C-B,
YHR080C,
YHR081W,
YHR082C,-0.7652633467
YHR083W,
YHR084W,
YHR085W,-0.5194637089
YHR086W,-0.8173691925
YHR086W-A,
YHR087W,24.7018079408
YHR088W,
YHR089C,
YHR090C,
YHR091C,
YHR092C,
YHR093W,
YHR094C,
YHR095W,
YHR096C,
YHR097C,-1.4595645172
YHR098C,-2.462113307
YHR099W,
YHR100C,
YHR101C,
YHR102W,
YHR103W,
YHR104W,4.4865230947
YHR105W,
YHR106W,
YHR107C,
YHR108W,0.0430264859
YHR109W,
YHR110W,2.0771988835
YHR111W,0.2089196998
YHR112C,
YHR113W,
YHR114W,-1.8178131728
YHR115C,
YHR116W,-1.6329573092
YHR117W,0.7152660456
YHR118C,
YHR119W,0.1473192547
YHR120W,
YHR121W,
YHR122W,1.313755753
YHR123W,12.9282266804
YHR124W,
YHR125W,
YHR126C,
YHR127W,0.0425987128
YHR128W,
YHR129C,
YHR130C,
YHR131C,
YHR131W-A,
YHR132C,
YHR132W-A,-0.1479024191
YHR133C,0.4532808182
YHR134W,
YHR135C,0.3058978647
YHR136C,5.6656196273
YHR137C-A,
YHR137W,18.8876389946
YHR138C,
YHR139C,
YHR139C-A,
YHR140W,
YHR141C,-1.5777914558
YHR142W,-0.82951076
YHR143W,
YHR143WA,
YHR143W-A,
YHR144C,
YHR145C,
YHR146W,-1.1969652924
YHR147C,-0.3258833021
YHR148W,
YHR149C,-0.4882302607
YHR150W,
YHR151C,
YHR152W,
YHR153C,
YHR154W,
YHR155W,
YHR156C,
YHR157W,
YHR158C,0.7794212352
YHR159W,
YHR160C,
YHR161C,
YHR162W,0.3402769149
YHR163W,5.8257097658
YHR164C,
YHR165C,
YHR165W-A,
YHR166C,
YHR167W,
YHR168W,
YHR169W,-0.0652349639
YHR170W,-0.2150621529
YHR171W,
YHR172W,
YHR173C,
YHR174W,0.256558217
YHR175W,1.1740638131
YHR175W-A,
YHR176W,
YHR177W,
YHR178W,
YHR179W,6.786086248
YHR180C-B,
YHR180W,
YHR180W-A,
YHR181W,
YHR182C-A,
YHR182W,
YHR183W,4.9395419381
YHR184W,
YHR185C,
YHR186C,
YHR187W,0.2766271789
YHR188C,
YHR189W,
YHR190W,
YHR191C,
YHR192W,
YHR193C,-0.8869445353
YHR193C-A,
YHR194W,
YHR195W,
YHR196W,-0.322896079
YHR197W,0.0082531076
YHR198C,
YHR199C,
YHR199C-A,
YHR200W,-0.1670769004
YHR201C,-2.2566435496
YHR202W,
YHR203C,-1.7656362768
YHR204W,
YHR205W,0.6266066996
YHR206W,
YHR207C,0.8605966518
YHR208W,
YHR209W,
YHR210C,
YHR211W,
YHR212C,
YHR212W-A,
YHR213W,
YHR213W-A,
YHR213W-B,
YHR214C-B,
YHR214C-C,
YHR214C-D,
YHR214C-E,
YHR214W,
YHR214WA,
YHR214W-A,
YHR215W,
YHR216W,4.1256233501
YHR217C,
YHR218W,
YHR218W-A,
YHR219C-A,
YHR219W,
YIL001W,
YIL002C,
YIL002W-A,
YIL003W,
YIL004C,1.779207842
YIL005W,-0.2535397565
YIL006W,
YIL007C,
YIL008W,1.2164678421
YIL009C-A,
YIL009W,7.6592175296
YIL010W,
YIL011W,
YIL012W,
YIL013C,
YIL014C-A,
YIL014W,
YIL015C-A,
YIL015W,7.0859444024
YIL016W,-0.4909370665
YIL017C,
YIL017W,
YIL018W,
YIL019W,
YIL020C,2.3405362911
YIL020C-A,
YIL021C-A,
YIL021W,-1.4537645378
YIL022W,1.7427551433
YIL023C,
YIL024C,
YIL025C,
YIL026C,-2.6905798773
YIL027C,-0.2201045321
YIL028W,
YIL029C,
YIL029W-A,
YIL030C,-1.7483197809
YIL030W-A,
YIL031W,
YIL032C,
YIL033C,3.3483159299
YIL034C,1.6706471605
YIL035C,-2.4186622974
YIL036W,
YIL037C,
YIL038C,1.6601130925
YIL039W,
YIL040W,3.4355896798
YIL041W,-0.5318105238
YIL042C,
YIL043C,-0.8614786546
YIL044C,-0.1705787648
YIL045W,
YIL046W,
YIL046W-A,
YIL047C,0.7197017632
YIL047C-A,
YIL048W,-0.5309102165
YIL049W,
YIL050W,
YIL051C,2.1240269689
YIL052C,-0.3453159054
YIL053W,4.5773059921
YIL054W,
YIL055C,
YIL056W,
YIL057C,
YIL058W,
YIL059C,
YIL060W,
YIL061C,
YIL062C,-2.7158053964
YIL063C,
YIL064W,
YIL065C,-0.0586363636
YIL066C,
YIL066W-A,
YIL067C,
YIL068C,-1.577228879
YIL068W-A,
YIL069C,-1.5057292808
YIL070C,3.2873604359
YIL071C,
YIL071W-A,
YIL072W,
YIL073C,
YIL074C,0.6448991914
YIL075C,0.0663767813
YIL076W,-1.8925315931
YIL077C,
YIL078W,-1.9912616457
YIL079C,
YIL080W,
YIL082W,
YIL082WA,
YIL082W-A,
YIL083C,0.122051625
YIL084C,
YIL085C,
YIL086C,
YIL087C,
YIL088C,1.818755753
YIL089W,
YIL090W,-1.5915411229
YIL091C,-2.1884751366
YIL092W,
YIL093C,0.811739441
YIL094C,2.5259444024
YIL095W,
YIL096C,
YIL097W,
YIL098C,
YIL099W,
YIL100C-A,
YIL100W,
YIL101C,
YIL102C,
YIL102C-A,
YIL103W,-0.844226614
YIL104C,-1.7874244257
YIL105C,-2.159595711
YIL105W-A,
YIL106W,0.4066310906
YIL107C,
YIL108W,
YIL109C,
YIL110W,
YIL111W,
YIL112W,
YIL113W,
YIL114C,
YIL115C,-0.6130631356
YIL115W-A,
YIL116W,3.8265415145
YIL117C,3.3492145247
YIL118W,
YIL119C,
YIL120W,
YIL121W,5.5694055048
YIL122W,
YIL123W,
YIL124W,3.8414236323
YIL125W,6.7297600062
YIL126W,1.9694938054
YIL127C,0.5770789702
YIL128W,-0.6321777121
YIL129C,
YIL130W,-0.6913928823
YIL131C,
YIL132C,
YIL133C,-2.3115857805
YIL134C-A,
YIL134W,
YIL135C,-2.0100981616
YIL136W,
YIL137C,12.5499466359
YIL138C,-0.3857780024
YIL139C,
YIL140W,1.0475237154
YIL141W,
YIL142C-A,
YIL142W,
YIL143C,-2.4233197809
YIL144W,
YIL145C,-0.2640536306
YIL146C,
YIL147C,
YIL148W,5.0612986529
YIL149C,
YIL150C,
YIL151C,
YIL152W,
YIL153W,-1.1802431257
YIL154C,
YIL155C,
YIL156W,
YIL156W-A,
YIL156W-B,
YIL157C,
YIL158W,-1.0067733196
YIL159W,
YIL160C,
YIL161W,-1.5581310415
YIL162W,
YIL163C,
YIL164C,
YIL165C,
YIL166C,
YIL167W,
YIL168W,
YIL169C,
YIL170W,
YIL171W,
YIL171W-A,
YIL172C,
YIL173W,
YIL174W,
YIL175W,
YIL176C,
YIL177C,
YIL177W-A,
YIR001C,
YIR002C,
YIR003W,-0.1492784596
YIR004W,-0.7690456801
YIR005W,
YIR006C,-1.2854928284
YIR007W,
YIR008C,
YIR009W,
YIR010W,
YIR011C,
YIR012W,-1.2374584926
YIR013C,
YIR014W,
YIR015W,
YIR016W,
YIR017C,
YIR017W-A,
YIR018C-A,
YIR018W,
YIR019C,
YIR020C,
YIR020C-B,
YIR020W-A,
YIR021W,
YIR021W-A,
YIR022W,
YIR023C-A,
YIR023W,
YIR024C,
YIR025W,
YIR026C,-0.298978322
YIR027C,
YIR028W,
YIR029W,
YIR030C,
YIR030W-A,
YIR031C,
YIR032C,
YIR033W,
YIR034C,3.5652164491
YIR035C,
YIR036C,
YIR036W-A,
YIR037W,4.2133617708
YIR038C,
YIR039C,
YIR040C,
YIR041W,
YIR042C,
YIR043C,
YIR044C,
YJL001W,25.7774433434
YJL002C,-2.822899442
YJL003W,
YJL004C,-1.6394498496
YJL005W,1.1137953899
YJL006C,
YJL007C,
YJL008C,
YJL009W,
YJL010C,-0.4299478298
YJL011C,-1.5694637089
YJL012C,
YJL012C-A,2.0348405776
YJL013C,
YJL014W,
YJL015C,
YJL016W,
YJL017W,
YJL018W,1.453650071
YJL019W,
YJL020C,
YJL020W-A,
YJL021C,1.622036357
YJL022W,
YJL023C,
YJL024C,0.9897650361
YJL025W,
YJL026C-A,
YJL026W,-1.040640891
YJL027C,
YJL028W,
YJL029C,-1.6902431257
YJL030W,
YJL031C,
YJL032W,
YJL033W,-0.875026682
YJL034W,
YJL035C,
YJL036W,
YJL037W,
YJL038C,
YJL039C,0.2854846059
YJL041W,1.4764650729
YJL042W,1.4402019101
YJL043W,
YJL044C,1.0025707193
YJL045W,
YJL046W,
YJL047C,
YJL047C-A,
YJL048C,
YJL049W,
YJL050W,6.4953349402
YJL051W,
YJL052C-A,
YJL052W,22.1697412739
YJL053W,0.2314693497
YJL054W,0.8366271789
YJL055W,0.7751948631
YJL056C,
YJL057C,
YJL058C,
YJL059W,
YJL060W,
YJL061W,-0.3516995739
YJL062W,-1.0226581658
YJL062W-A,
YJL063C,3.0286381035
YJL064W,
YJL065C,1.0684780259
YJL066C,
YJL067W,
YJL068C,
YJL069C,-0.0896354126
YJL070C,
YJL071W,
YJL072C,
YJL073W,
YJL074C,0.0227992598
YJL075C,
YJL076W,0.3534463888
YJL077C,
YJL077W-A,
YJL077W-B,
YJL078C,17.4895399121
YJL079C,10.158650071
YJL080C,-2.6001626807
YJL081C,
YJL082W,1.4534507184
YJL083W,
YJL084C,
YJL085W,0.7722147133
YJL086C,
YJL087C,0.0784852836
YJL088W,
YJL089W,
YJL090C,
YJL091C,-0.1483689094
YJL092W,
YJL093C,
YJL094C,
YJL095W,
YJL096W,5.1034350591
YJL097W,0.3796255252
YJL098W,0.5403274198
YJL099W,
YJL100W,
YJL101C,
YJL102W,
YJL103C,
YJL104W,0.7777766477
YJL105W,
YJL106W,
YJL107C,
YJL108C,
YJL109C,2.135
YJL110C,
YJL111W,
YJL112W,-0.6607854753
YJL113W,
YJL114W,
YJL115W,5.662772718
YJL116C,
YJL117W,-0.0447282837
YJL118W,
YJL119C,
YJL120W,
YJL121C,2.1357985795
YJL122W,0.2746596887
YJL123C,-0.1619485227
YJL124C,-1.192246276
YJL125C,-1.7018712347
YJL126W,
YJL127C,
YJL127C-B,
YJL127W-A,
YJL128C,-0.2735892893
YJL129C,
YJL130C,7.5237511506
YJL131C,
YJL132W,
YJL133C-A,
YJL133W,
YJL134W,
YJL135W,
YJL136C,-0.7213495893
YJL136W-A,
YJL137C,
YJL138C,-2.0298214526
YJL139C,
YJL140W,
YJL141C,
YJL142C,
YJL143W,61.0491864493
YJL144W,
YJL145W,0.7271876142
YJL146W,
YJL147C,
YJL148W,-0.5287645604
YJL149W,
YJL150W,
YJL151C,0.9312620425
YJL152W,
YJL153C,
YJL154C,-1.5134769053
YJL155C,
YJL156C,
YJL156W-A,
YJL157C,
YJL158C,
YJL159W,
YJL160C,
YJL161W,
YJL162C,
YJL163C,
YJL164C,1.7016802191
YJL165C,
YJL166W,2.1626308075
YJL167W,
YJL168C,-4.4877124254
YJL169W,-1.5347271871
YJL170C,
YJL171C,0.6243882505
YJL172W,
YJL173C,
YJL174W,
YJL175W,
YJL176C,
YJL177W,-2.0231579602
YJL178C,0.1110630481
YJL179W,1.4873192547
YJL180C,
YJL181W,
YJL182C,
YJL183W,-1.5381953859
YJL184W,
YJL185C,
YJL186W,-0.7366382292
YJL187C,
YJL188C,
YJL189W,
YJL190C,-2.6590609158
YJL191W,2.2273475636
YJL192C,-0.9524887322
YJL193W,
YJL194W,
YJL195C,
YJL196C,9.8920958281
YJL197C-A,
YJL197W,-0.5173231734
YJL198W,-1.4292105741
YJL199C,
YJL200C,8.3384743482
YJL201W,-0.9009341044
YJL202C,
YJL203W,
YJL204C,
YJL205C,
YJL206C,
YJL206C-A,
YJL207C,0.2757215404
YJL208C,
YJL209W,
YJL210W,
YJL211C,
YJL212C,6.93048924
YJL213W,
YJL214W,
YJL215C,
YJL216C,
YJL217W,2.5872147133
YJL218W,
YJL219W,
YJL220W,
YJL221C,
YJL222W,
YJL222W-A,
YJL222W-B,
YJL223C,
YJL225C,
YJL225W-A,
YJR001W,
YJR002W,
YJR003C,-0.0159102165
YJR004C,
YJR005C-A,
YJR005W,-0.179226614
YJR006W,
YJR007W,1.4008343813
YJR008W,
YJR009C,11.1494761058
YJR010CA,
YJR010C-A,-0.2559494363
YJR010W,0.0965955602
YJR011C,
YJR012C,
YJR013W,1.3118922198
YJR014W,-2.5930178056
YJR015W,-0.3144974101
YJR016C,3.4907057343
YJR017C,0.1880852478
YJR018W,
YJR019C,
YJR020W,
YJR021C,
YJR022W,
YJR023C,
YJR024C,
YJR025C,
YJR026W,
YJR027W,
YJR028W,
YJR029W,
YJR030C,
YJR031C,-1.4508958772
YJR032W,2.4055094808
YJR033C,
YJR034W,
YJR035W,
YJR036C,
YJR037W,
YJR038C,
YJR039W,
YJR040W,
YJR041C,-0.3361024988
YJR042W,-0.368260559
YJR043C,
YJR044C,0.8884935299
YJR045C,
YJR046W,
YJR047C,5.8702137546
YJR048W,7.2061520556
YJR049C,-0.1371009316
YJR050W,
YJR051W,
YJR052W,
YJR053W,
YJR054W,
YJR055W,
YJR056C,
YJR057W,
YJR058C,
YJR059W,-0.6856016372
YJR060W,-0.6913819265
YJR061W,
YJR062C,
YJR063W,-1.482666111
YJR064W,
YJR065C,
YJR066W,
YJR067C,-0.3107854753
YJR068W,-0.0792105741
YJR069C,1.6395953279
YJR070C,-0.2354510084
YJR071W,
YJR072C,-0.3814353501
YJR073C,8.8280454039
YJR074W,
YJR075W,-1.2778487975
YJR076C,1.401899371
YJR077C,4.3026154102
YJR078W,
YJR079W,
YJR080C,6.1450739807
YJR082C,
YJR083C,-0.4324292807
YJR084W,
YJR085C,2.610534555
YJR086W,-0.3912045356
YJR087W,
YJR088C,-1.511187134
YJR089W,
YJR090C,
YJR091C,1.330701407
YJR092W,0.7444627972
YJR093C,
YJR094C,
YJR094WA,
YJR094W-A,-0.6111605121
YJR095W,
YJR096W,
YJR097W,0.206353596
YJR098C,
YJR099W,
YJR100C,
YJR101W,1.7714581659
YJR102C,
YJR103W,
YJR104C,3.4863087489
YJR105W,-0.5961208237
YJR106W,
YJR107W,
YJR108W,
YJR109C,9.5833028704
YJR110W,
YJR111C,
YJR112W,-2.5771609336
YJR112W-A,
YJR113C,1.5803495832
YJR114W,
YJR115W,
YJR116W,6.5620426908
YJR117W,-0.5211675857
YJR118C,
YJR119C,
YJR120W,
YJR121W,19.1553185546
YJR122W,
YJR123W,
YJR124C,
YJR125C,
YJR126C,
YJR127C,
YJR128W,
YJR129C,
YJR130C,
YJR131W,2.4704751065
YJR132W,0.297036357
YJR133W,
YJR134C,
YJR135C,
YJR135W-A,
YJR136C,
YJR137C,4.6141166979
YJR138W,
YJR139C,1.0943868546
YJR140C,
YJR140W-A,
YJR141W,
YJR142W,
YJR143C,
YJR144W,
YJR145C,-1.1155363086
YJR146W,
YJR147W,2.2418588818
YJR148W,15.0404902269
YJR149W,
YJR150C,
YJR151C,
YJR151W-A,
YJR152W,
YJR153W,
YJR154W,
YJR155W,
YJR156C,
YJR157W,
YJR158W,
YJR159W,
YJR160C,
YJR161C,
YJR162C,
YKL001C,
YKL002W,3.1873406776
YKL003C,
YKL004W,-0.5215048848
YKL005C,
YKL006CA,
YKL006C-A,-0.2773883802
YKL006W,-3.639923724
YKL007W,1.0280964096
YKL008C,2.1576350793
YKL009W,-2.0595166522
YKL010C,-0.8462499462
YKL011C,
YKL012W,
YKL013C,0.9976036798
YKL014C,0.2614195332
YKL015W,
YKL016C,5.4710630481
YKL017C,
YKL018C-A,
YKL018W,
YKL019W,
YKL020C,
YKL021C,0.7897650361
YKL022C,
YKL023C-A,
YKL023W,
YKL024C,0.9537857333
YKL025C,-0.1319545961
YKL026C,
YKL027W,0.253901615
YKL028W,0.4119115102
YKL029C,4.2224804441
YKL030W,
YKL031W,
YKL032C,-0.2818652878
YKL033W,
YKL033WA,
YKL033W-A,
YKL034W,
YKL035W,0.378426568
YKL036C,
YKL037W,
YKL038W,
YKL039W,
YKL040C,1.2567877082
YKL041W,1.7750227818
YKL042W,
YKL043W,
YKL044W,
YKL045W,
YKL046C,-0.6870630455
YKL047W,
YKL048C,
YKL049C,
YKL050C,
YKL051W,3.4946951272
YKL052C,-0.0917201464
YKL053CA,
YKL053C-A,2.1818922198
YKL053W,
YKL054C,-0.8758901415
YKL055C,
YKL056C,-2.3348903101
YKL057C,
YKL058W,2.4634350591
YKL059C,-2.0549545507
YKL060C,-0.7093264209
YKL061W,0.7778990684
YKL062W,
YKL063C,-4.1620643157
YKL064W,
YKL065C,2.2479759323
YKL065W-A,
YKL066W,
YKL067W,1.662132306
YKL068W,1.6016310906
YKL068W-A,
YKL069W,-0.3032527661
YKL070W,
YKL071W,-0.4426779649
YKL072W,
YKL073W,
YKL074C,
YKL075C,
YKL076C,
YKL077W,0.1915310467
YKL078W,
YKL079W,2.3743441642
YKL080W,-1.6685490421
YKL081W,0.9340063851
YKL082C,
YKL083W,
YKL084W,
YKL085W,13.7370054083
YKL086W,
YKL087C,
YKL088W,0.1884852836
YKL089W,
YKL090W,
YKL091C,
YKL092C,
YKL093W,
YKL094W,-0.0384734086
YKL095W,
YKL096C-B,
YKL096W,22.7255905041
YKL096WA,
YKL096W-A,2.887370637
YKL097C,
YKL097W-A,
YKL098W,
YKL099C,
YKL100C,
YKL100W-A,
YKL101W,
YKL102C,
YKL103C,9.8220426908
YKL104C,
YKL105C,
YKL106C-A,
YKL106W,1.2069296892
YKL107W,
YKL108W,
YKL109W,
YKL110C,0.8210790796
YKL111C,
YKL112W,0.5988896305
YKL113C,2.0806698805
YKL114C,
YKL115C,
YKL116C,1.7836022468
YKL117W,-1.2524083083
YKL118W,
YKL119C,
YKL120W,6.2115269831
YKL121W,
YKL122C,-1.8498268239
YKL123W,
YKL124W,
YKL125W,
YKL126W,-0.1823649207
YKL127W,1.1022762045
YKL128C,5.6143619095
YKL129C,2.1593836901
YKL130C,0.3653667669
YKL131W,
YKL132C,
YKL133C,
YKL134C,
YKL135C,-2.7558099722
YKL136W,
YKL137W,
YKL138C,2.0447614106
YKL138C-A,
YKL139W,
YKL140W,
YKL141W,
YKL142W,2.624558349
YKL143W,-0.13805266
YKL144C,
YKL145W,-2.0148156467
YKL145W-A,
YKL146W,
YKL147C,
YKL148C,
YKL149C,
YKL150W,
YKL151C,
YKL152C,-1.8865027944
YKL153W,
YKL154W,-2.0278279179
YKL155C,-1.9677124254
YKL156C-A,
YKL156W,-0.2691207172
YKL157W,2.8156004031
YKL158W,
YKL159C,
YKL160W,-1.6090344473
YKL161C,
YKL162C,
YKL162C-A,
YKL163W,
YKL164C,26.4428573562
YKL165C,-0.2716382292
YKL165C-A,
YKL166C,-2.3281310415
YKL167C,0.7513333333
YKL168C,
YKL169C,
YKL170W,-0.6205798773
YKL171W,
YKL172W,
YKL173W,1.1687953899
YKL174C,
YKL175W,
YKL176C,
YKL177W,
YKL178C,
YKL179C,0.0318588818
YKL180W,-0.1624237308
YKL181W,-0.7483412505
YKL182W,1.6386870146
YKL183C-A,
YKL183W,-0.1895645172
YKL184W,
YKL185W,
YKL186C,
YKL187C,
YKL188C,
YKL189W,
YKL190W,-1.3383882757
YKL191W,0.5847650361
YKL192C,6.5611779123
YKL193C,1.742051625
YKL194C,
YKL195W,2.5416271789
YKL196C,
YKL197C,
YKL198C,
YKL199C,
YKL200C,
YKL201C,
YKL202W,
YKL203C,
YKL204W,-0.5094374072
YKL205W,-2.0950533641
YKL206C,2.004207842
YKL207W,
YKL208W,
YKL209C,1.0720816124
YKL210W,1.6687323623
YKL211C,-0.4218305875
YKL212W,-1.5800393265
YKL213C,-2.5664662632
YKL214C,
YKL215C,2.2994779915
YKL216W,7.7713024925
YKL217W,
YKL218C,
YKL219W,
YKL220C,
YKL221W,
YKL222C,
YKL223W,
YKL224C,
YKL225W,
YKR001C,1.0748807053
YKR002W,0.1238016342
YKR003W,-0.1669518415
YKR004C,
YKR005C,
YKR006C,1.1410474089
YKR007W,-0.7809730311
YKR008W,-2.0621096264
YKR009C,
YKR010C,
YKR011C,
YKR012C,
YKR013W,
YKR014C,-1.1832689794
YKR015C,
YKR016W,
YKR017C,
YKR018C,-1.2541583167
YKR019C,
YKR020W,
YKR021W,
YKR022C,
YKR023W,
YKR024C,
YKR025W,1.6261855795
YKR026C,-1.4910803002
YKR027W,
YKR028W,
YKR029C,
YKR030W,
YKR031C,
YKR032W,
YKR033C,
YKR034W,
YKR035C,
YKR035W-A,0.6550413283
YKR036C,
YKR037C,
YKR038C,-1.6065147164
YKR039W,
YKR040C,
YKR041W,
YKR042W,
YKR043C,0.4350686217
YKR044W,
YKR045C,-0.7076593224
YKR046C,
YKR047W,
YKR048C,-2.1859166362
YKR049C,
YKR050W,
YKR051W,
YKR052C,2.2950077068
YKR053C,
YKR054C,
YKR055W,
YKR056W,
YKR057W,-3.1484926019
YKR058W,
YKR059W,-1.9433712207
YKR060W,-2.5364245836
YKR061W,
YKR062W,
YKR063C,
YKR064W,
YKR065C,1.009775897
YKR066C,2.9502137546
YKR067W,1.1055094808
YKR068C,-2.3456558358
YKR069W,
YKR070W,
YKR071C,0.2293619095
YKR072C,-0.5183975984
YKR073C,
YKR074W,0.0350619925
YKR075C,
YKR075W-A,
YKR076W,
YKR077W,
YKR078W,
YKR079C,0.7461483912
YKR080W,5.6684997784
YKR081C,
YKR082W,
YKR083C,
YKR084C,-0.5997339544
YKR085C,-0.4539184886
YKR086W,
YKR087C,
YKR088C,0.2562050571
YKR089C,
YKR090W,-3.3922007402
YKR091W,
YKR092C,-0.142812643
YKR093W,
YKR094C,-1.3535425453
YKR095W,-0.3704432105
YKR095W-A,
YKR096W,
YKR097W,
YKR098C,
YKR099W,
YKR100C,-0.4811765779
YKR101W,
YKR102W,
YKR103W,
YKR104W,
YKR105C,
YKR106W,
YLL001W,
YLL002W,
YLL003W,-4.005928289
YLL004W,
YLL005C,
YLL006W,
YLL006W-A,
YLL007C,
YLL008W,-0.8169818203
YLL009C,-2.160003431
YLL010C,0.0641900278
YLL011W,-0.554192622
YLL012W,2.1278222879
YLL013C,-1.6307940448
YLL014W,
YLL015W,
YLL016W,
YLL017W,
YLL018C,-1.8767381859
YLL018CA,
YLL018C-A,-1.664916046
YLL019C,
YLL019W-A,
YLL020C,
YLL021W,
YLL022C,0.0821292998
YLL023C,5.0465881776
YLL024C,2.7145802708
YLL025W,
YLL026W,8.2294981459
YLL027W,3.9425685239
YLL028W,10.8983080877
YLL029W,-1.0711029211
YLL030C,
YLL031C,-1.392681316
YLL032C,-0.7119283168
YLL033W,
YLL034C,-1.1072007402
YLL035W,
YLL036C,0.0400619925
YLL037W,
YLL038C,0.3247614106
YLL039C,10.498219716
YLL040C,0.2844609653
YLL041C,3.6968628483
YLL042C,
YLL043W,-0.3481371517
YLL044W,
YLL045C,-0.2232468399
YLL046C,
YLL047W,
YLL048C,1.3422809805
YLL049W,
YLL050C,
YLL051C,
YLL052C,
YLL053C,
YLL054C,
YLL055W,
YLL056C,
YLL057C,
YLL058W,
YLL059C,
YLL060C,
YLL061W,
YLL062C,
YLL063C,
YLL064C,
YLL065W,
YLL066C,
YLL066W-A,
YLL066W-B,
YLL067C,
YLL067W-A,
YLR001C,
YLR002C,-1.3299478298
YLR003C,
YLR004C,
YLR005W,
YLR006C,
YLR007W,
YLR008C,
YLR009W,
YLR010C,
YLR011W,
YLR012C,
YLR013W,
YLR014C,
YLR015W,
YLR016C,
YLR017W,0.5099018384
YLR018C,-0.9233987744
YLR019W,
YLR020C,0.7545563051
YLR021W,
YLR022C,-1.3948869075
YLR023C,
YLR024C,
YLR025W,-0.1941367364
YLR026C,
YLR027C,
YLR028C,-1.1579049861
YLR029C,
YLR030W,
YLR031W,
YLR032W,
YLR033W,0.7934507184
YLR034C,1.2859444024
YLR035C,
YLR035C-A,
YLR036C,
YLR037C,
YLR038C,
YLR039C,
YLR040C,
YLR041W,
YLR042C,
YLR043C,0.2439938462
YLR044C,-0.392547837
YLR045C,-2.762124505
YLR046C,
YLR047C,
YLR048W,
YLR049C,
YLR050C,-2.0549260193
YLR051C,-0.1655220085
YLR052W,2.1593528738
YLR053C,
YLR054C,
YLR055C,
YLR056W,-0.1182802548
YLR057W,
YLR058C,0.2220362429
YLR059C,2.1600640901
YLR060W,1.6314636722
YLR061W,-3.1105423699
YLR062C,
YLR063W,-1.7643285961
YLR064W,0.0964534434
YLR065C,-2.4534252184
YLR066W,2.7712397369
YLR067C,
YLR068W,-1.3978487975
YLR069C,-2.0117765514
YLR070C,
YLR071C,
YLR072W,
YLR073C,-1.3835397565
YLR074C,-0.2145590046
YLR075W,-0.4173825872
YLR076C,
YLR077W,
YLR078C,
YLR079W,
YLR080W,
YLR081W,
YLR082C,
YLR083C,-1.2955829116
YLR084C,0.9091215006
YLR085C,
YLR086W,-1.7627124254
YLR087C,
YLR088W,
YLR089C,
YLR090W,-0.1605372028
YLR091W,
YLR092W,
YLR093C,
YLR094C,
YLR095C,-1.2538516088
YLR096W,
YLR097C,
YLR098C,
YLR099C,
YLR099W-A,
YLR100W,0.3144044664
YLR101C,
YLR102C,
YLR103C,
YLR104W,
YLR105C,
YLR106C,0.5723676242
YLR107W,
YLR108C,2.0290362433
YLR109W,3.4089294724
YLR110C,4.5672848663
YLR111W,
YLR112W,
YLR113W,-0.3741574735
YLR114C,-2.3607940448
YLR115W,
YLR116W,-0.6356558358
YLR117C,
YLR118C,3.6541041228
YLR119W,
YLR120C,
YLR120W-A,
YLR121C,
YLR122C,
YLR123C,
YLR124W,
YLR125W,
YLR126C,
YLR127C,
YLR128W,
YLR129W,
YLR130C,9.9911520556
YLR131C,
YLR132C,
YLR133W,0.4273192547
YLR134W,18.8525707193
YLR135W,
YLR136C,
YLR137W,
YLR138W,1.1523676242
YLR139C,
YLR140W,
YLR141W,
YLR142W,
YLR143W,-2.2649260193
YLR144C,
YLR145W,
YLR146C,
YLR146W-A,
YLR147C,
YLR148W,1.7541041228
YLR149C,
YLR149C-A,
YLR150W,2.3169555718
YLR151C,
YLR152C,
YLR153C,1.3095417345
YLR154C,
YLR154C-G,
YLR154C-H,
YLR154W-A,
YLR154W-B,
YLR154W-C,
YLR154W-E,
YLR154W-F,
YLR155C,
YLR156C-A,
YLR156W,
YLR157C,
YLR157C-B,
YLR157C-C,
YLR157W-D,
YLR157W-E,
YLR158C,
YLR159C-A,
YLR159W,
YLR160C,
YLR161W,
YLR162W,
YLR162W-A,
YLR163C,3.1449441384
YLR163W-A,
YLR164W,
YLR165C,
YLR166C,-1.0632965601
YLR167W,
YLR168C,2.8350739807
YLR169W,
YLR170C,
YLR171W,
YLR172C,0.2645399121
YLR173W,
YLR174W,
YLR175W,4.7051461551
YLR176C,
YLR177W,
YLR178C,
YLR179C,0.8130735409
YLR180W,-0.8876060753
YLR181C,-1.0423883802
YLR182W,-0.5108958772
YLR183C,
YLR184W,
YLR185W,-2.6406151497
YLR186W,2.7581438964
YLR187W,-2.0402431257
YLR188W,
YLR189C,
YLR190W,-1.7871009316
YLR191W,
YLR192C,-1.722357443
YLR193C,
YLR194C,4.8038016342
YLR195C,
YLR196W,-0.6784175679
YLR197W,
YLR198C,
YLR199C,
YLR200W,1.5600067604
YLR201C,
YLR202C,
YLR203C,0.939239013
YLR204W,
YLR205C,
YLR206W,-0.8452385894
YLR207W,
YLR208W,
YLR209C,
YLR210W,
YLR211C,
YLR212C,2.9213974677
YLR213C,
YLR214W,
YLR215C,-3.240928289
YLR216C,4.1196126306
YLR217W,
YLR218C,1.7084546852
YLR219W,-1.9078011165
YLR220W,
YLR221C,-1.1442351607
YLR222C,-1.4661904762
YLR222C-A,
YLR223C,
YLR224W,
YLR225C,2.1355362911
YLR226W,
YLR227C,
YLR227W-B,
YLR228C,
YLR229C,
YLR230W,
YLR231C,
YLR232W,
YLR233C,
YLR234W,
YLR235C,
YLR236C,
YLR237W,12.0545496949
YLR238W,
YLR239C,
YLR240W,-0.6269283168
YLR241W,
YLR242C,
YLR243W,
YLR244C,0.0724472781
YLR245C,-0.2770351148
YLR246W,
YLR247C,
YLR248W,-1.055760987
YLR249W,4.255679681
YLR250W,-0.3790868504
YLR251W,
YLR252W,
YLR253W,
YLR254C,
YLR255C,
YLR256W,
YLR256W-A,
YLR257W,3.8588047192
YLR258W,16.5893421216
YLR259C,
YLR260W,
YLR261C,
YLR262C,-0.985728416
YLR262CA,
YLR262C-A,-1.3130980378
YLR263W,
YLR264C-A,
YLR264W,-0.7675195559
YLR265C,
YLR266C,
YLR267W,
YLR268W,-0.6457854753
YLR269C,
YLR270W,2.5645496949
YLR271W,
YLR272C,
YLR273C,
YLR274W,
YLR275W,
YLR276C,
YLR277C,-2.9515453148
YLR278C,
YLR279W,
YLR280C,
YLR281C,
YLR282C,
YLR283W,
YLR284C,
YLR285C-A,
YLR285W,3.863901615
YLR286C,
YLR286W-A,
YLR287C,-0.7313938106
YLR287C-A,-0.890772905
YLR288C,
YLR289W,
YLR290C,
YLR291C,-1.4272971623
YLR292C,-2.0987873886
YLR293C,
YLR294C,
YLR295C,5.3639716656
YLR296W,
YLR297W,
YLR298C,
YLR299C-A,
YLR299W,
YLR300W,1.1774738948
YLR301W,
YLR302C,
YLR303W,
YLR304C,
YLR305C,
YLR306W,
YLR307C-A,
YLR307W,
YLR308W,
YLR309C,1.1178222879
YLR310C,
YLR311C,
YLR312C,
YLR312WA,
YLR312W-A,0.5589879827
YLR313C,
YLR314C,
YLR315W,
YLR316C,
YLR317W,
YLR318W,
YLR319C,-1.7550406685
YLR320W,
YLR321C,-0.3410120173
YLR322W,
YLR323C,
YLR324W,0.0579356843
YLR325C,-1.4163204502
YLR326W,
YLR327C,6.9409131496
YLR328W,-1.0805061946
YLR329W,
YLR330W,
YLR331C,
YLR332W,-1.1546061848
YLR333C,3.652740503
YLR334C,
YLR335W,-0.9247327225
YLR336C,-1.2747072322
YLR337C,2.3750077068
YLR338W,
YLR339C,
YLR340W,
YLR341W,
YLR342W,1.551197087
YLR342W-A,
YLR343W,
YLR344W,-1.7349911089
YLR345W,
YLR346C,
YLR347C,-0.6245154598
YLR347W-A,
YLR348C,3.2041166979
YLR349W,
YLR350W,2.0883401096
YLR351C,-1.8243285961
YLR352W,
YLR353W,
YLR354C,2.9622853442
YLR355C,
YLR356W,
YLR357W,-1.0493285961
YLR358C,
YLR359W,
YLR360W,
YLR361C,
YLR361C-A,
YLR362W,
YLR363C,-0.5442789924
YLR363W-A,-0.1016435496
YLR364C-A,
YLR364W,
YLR365W,
YLR366W,
YLR367W,-0.1977746185
YLR368W,
YLR369W,-0.0335397565
YLR370C,
YLR371W,
YLR372W,-3.0486759311
YLR373C,-2.9284252184
YLR374C,
YLR375W,
YLR376C,
YLR377C,
YLR378C,
YLR379W,
YLR380W,0.5954409954
YLR381W,
YLR382C,
YLR383W,
YLR384C,1.2147106176
YLR385C,
YLR386W,-1.874465445
YLR387C,2.229126094
YLR388W,-2.4476290932
YLR389C,
YLR390W,
YLR390WA,
YLR390W-A,-2.0517477086
YLR391W,
YLR392C,
YLR393W,
YLR394W,
YLR395C,4.5869487254
YLR396C,
YLR397C,-2.008
YLR398C,2.6709655527
YLR399C,-0.6225745977
YLR399W-A,
YLR400W,
YLR401C,
YLR402W,
YLR403W,
YLR404W,
YLR405W,-0.7901635053
YLR406C,-0.6798949396
YLR406C-A,
YLR407W,-0.7083891017
YLR408C,
YLR409C,5.7564680741
YLR410W,-0.0785624381
YLR410W-A,
YLR410W-B,
YLR411W,
YLR412C-A,
YLR412W,1.5705025899
YLR413W,8.2043680814
YLR414C,2.0272829517
YLR415C,
YLR416C,
YLR417W,
YLR418C,2.0489196998
YLR419W,
YLR420W,6.340178185
YLR421C,-0.9715790208
YLR422W,
YLR423C,
YLR424W,
YLR425W,
YLR426W,
YLR427W,
YLR428C,
YLR429W,2.2484648446
YLR430W,
YLR431C,
YLR432W,1.1685766084
YLR433C,0.0497848566
YLR434C,
YLR435W,0.1831282256
YLR436C,
YLR437C,
YLR437C-A,
YLR438CA,
YLR438C-A,-2.4480588925
YLR438W,20.3459393619
YLR439W,
YLR440C,-2.0665649409
YLR441C,
YLR442C,
YLR443W,
YLR444C,
YLR445W,
YLR446W,
YLR447C,-2.9143804951
YLR448W,-1.0242661888
YLR449W,-0.6259040932
YLR450W,2.1866271789
YLR451W,
YLR452C,1.8904792061
YLR453C,
YLR454W,
YLR455W,-2.0047072322
YLR456W,
YLR457C,
YLR458W,
YLR459W,
YLR460C,
YLR461W,
YLR462W,
YLR463C,
YLR464W,
YLR465C,
YLR466C-A,
YLR466C-B,
YLR466W,
YLR467C-A,
YLR467W,
YML001W,0.6483858582
YML002W,
YML003W,
YML004C,
YML005W,-1.3869460621
YML006C,
YML007C-A,0.9549441384
YML007W,-2.8671609336
YML008C,0.5991754541
YML009C,1.6828462305
YML009C-A,
YML009W-B,
YML010C-B,
YML010W,
YML010W-A,
YML010W-B,
YML011C,
YML012C-A,
YML012W,-3.5738404093
YML013C-A,
YML013W,
YML014W,
YML015C,
YML016C,-0.6482965601
YML017W,-0.1195234796
YML018C,-0.3518794261
YML019W,
YML020W,
YML021C,
YML022W,2.1100974316
YML023C,
YML024W,-2.1497087293
YML025C,
YML026C,
YML027W,
YML028W,-0.0975119209
YML029W,
YML030W,
YML031C-A,
YML031W,-1.3812859892
YML032C,
YML032C-A,
YML033W,
YML034C-A,
YML034W,
YML035C,-0.8129479386
YML035C-A,
YML036W,
YML037C,
YML038C,0.0280741956
YML039W,
YML040W,
YML041C,
YML042W,
YML043C,
YML045W,
YML045W-A,
YML046W,
YML047C,
YML047W-A,
YML048W,-2.1368712347
YML048W-A,
YML049C,2.7295627937
YML050W,
YML051W,
YML052W,0.7733901652
YML053C,
YML054C,
YML054C-A,
YML055W,0.1067416085
YML056C,-0.3050393265
YML057C-A,
YML057W,2.4932798536
YML058C-A,
YML058W,3.3943738711
YML058W-A,
YML059C,
YML060W,
YML061C,
YML062C,-0.1300981616
YML063W,-0.9111750198
YML064C,
YML065W,
YML066C,
YML067C,3.5521351787
YML068W,
YML069W,-0.0655512494
YML070W,7.9727028377
YML071C,-1.0188963721
YML072C,4.9512503363
YML073C,-2.2915961651
YML074C,-1.1234468772
YML075C,0.1234852836
YML076C,
YML077W,
YML078W,
YML079W,
YML080W,-2.3430822458
YML081CA,
YML081C-A,3.639775897
YML081W,
YML082W,-0.4581543746
YML083C,
YML084W,
YML085C,2.4078507035
YML086C,4.9207802259
YML087C,
YML088W,
YML089C,
YML090W,
YML091C,-1.5169460621
YML092C,-3.3453036603
YML093W,0.0158975848
YML094C-A,
YML094W,-1.9076323758
YML095C,
YML095C-A,
YML096W,
YML097C,-0.0893285961
YML098W,
YML099C,
YML099W-A,
YML100W,19.4054027198
YML100WA,
YML100W-A,
YML101C,2.0309499174
YML101C-A,
YML102C-A,
YML102W,-1.4397962416
YML103C,-1.5542351607
YML104C,
YML105C,2.2741033741
YML106W,-2.8716744502
YML107C,
YML108W,1.5906714039
YML109W,
YML110C,
YML111W,
YML112W,2.9805555556
YML113W,0.8250619925
YML114C,
YML115C,-0.5852982368
YML116W,
YML116W-A,
YML117W,-1.5806070081
YML117W-A,
YML118W,
YML119W,
YML120C,6.0147600062
YML121W,-2.7800533641
YML122C,
YML123C,
YML124C,0.9974796657
YML125C,-0.6184901235
YML126C,0.0496090808
YML127W,0.6586437873
YML128C,
YML129C,1.5458632636
YML130C,
YML131W,
YML132W,
YML133C,
YML133W-A,
YML133W-B,
YMR001C,
YMR001C-A,
YMR002W,-0.6521756125
YMR003W,
YMR004W,-1.6695645172
YMR005W,
YMR006C,
YMR007W,
YMR008C,
YMR009W,0.5897017632
YMR010W,-0.7999290512
YMR011W,11.326093796
YMR012W,0.0488873319
YMR013C,
YMR013C-A,
YMR013W-A,
YMR014W,
YMR015C,0.3937256266
YMR016C,-3.9267765514
YMR017W,
YMR018W,
YMR019W,
YMR020W,
YMR021C,
YMR022W,
YMR023C,
YMR024W,3.6310482897
YMR025W,
YMR026C,
YMR027W,-0.1684044398
YMR028W,
YMR029C,
YMR030W,
YMR030W-A,
YMR031C,3.6398431471
YMR031WA,
YMR031W-A,
YMR032W,
YMR033W,
YMR034C,
YMR035W,
YMR036C,
YMR037C,-3.1081310415
YMR038C,-0.5069910268
YMR039C,-0.2837528479
YMR040W,
YMR041C,
YMR042W,
YMR043W,0.4702769149
YMR044W,
YMR045C,
YMR046C,
YMR046W-A,
YMR047C,
YMR048W,
YMR049C,
YMR050C,
YMR051C,
YMR052C-A,
YMR052W,
YMR053C,
YMR054W,
YMR055C,
YMR056C,
YMR057C,
YMR058W,6.0492782557
YMR059W,
YMR060C,
YMR061W,-1.8930822458
YMR062C,
YMR063W,
YMR064W,
YMR065W,
YMR066W,
YMR067C,-0.3699260193
YMR068W,
YMR069W,
YMR070W,-1.3565971984
YMR071C,-0.9326688644
YMR072W,12.6906299647
YMR073C,
YMR074C,0.347993487
YMR075CA,
YMR075C-A,
YMR075W,
YMR076C,-2.8771609336
YMR077C,
YMR078C,
YMR079W,-2.683016001
YMR080C,0.3958135895
YMR081C,
YMR082C,
YMR083W,5.2230342284
YMR084W,
YMR085W,
YMR086C-A,
YMR086W,0.7316756805
YMR087W,
YMR088C,
YMR089C,0.5681062455
YMR090W,
YMR091C,0.407080473
YMR092C,0.0853571429
YMR093W,2.248552408
YMR094W,
YMR095C,
YMR096W,
YMR097C,
YMR098C,
YMR099C,10.4036022468
YMR100W,
YMR101C,
YMR102C,
YMR103C,
YMR104C,
YMR105C,23.1084314242
YMR105W-A,
YMR106C,
YMR107W,
YMR108W,
YMR109W,1.4921172188
YMR110C,
YMR111C,
YMR112C,
YMR113W,
YMR114C,
YMR115W,
YMR116C,
YMR117C,-0.846244247
YMR118C,
YMR119W,
YMR119WA,
YMR119W-A,
YMR120C,14.5156861062
YMR121C,-0.8519545961
YMR122C,
YMR122W-A,1.320750142
YMR123W,-2.0047504828
YMR124W,
YMR125W,0.5797748475
YMR126C,
YMR127C,
YMR128W,0.5166035571
YMR129W,
YMR130W,
YMR131C,-0.8651487174
YMR132C,
YMR133W,
YMR134W,1.4263742741
YMR135C,
YMR135W-A,
YMR136W,
YMR137C,
YMR138W,
YMR139W,
YMR140W,-0.5145248935
YMR141C,
YMR141W-A,
YMR142C,-0.5965964234
YMR143W,-3.0885068531
YMR144W,
YMR145C,3.6425165656
YMR146C,
YMR147W,
YMR148W,0.4393882505
YMR149W,-1.7578545235
YMR150C,
YMR151W,
YMR152W,1.1690527197
YMR153CA,
YMR153C-A,
YMR153W,-0.5012456463
YMR154C,
YMR155W,
YMR156C,
YMR157C,
YMR158C-A,
YMR158W,
YMR158W-A,
YMR158W-B,
YMR159C,
YMR160W,
YMR161W,3.8197568743
YMR162C,
YMR163C,
YMR164C,
YMR165C,-2.146244247
YMR166C,
YMR167W,
YMR168C,
YMR169C,
YMR170C,
YMR171C,
YMR172CA,
YMR172C-A,
YMR172W,
YMR173W,12.4662799583
YMR173WA,
YMR173W-A,
YMR174C,
YMR175W,
YMR175W-A,
YMR176W,
YMR177W,
YMR178W,0.1774764216
YMR179W,
YMR180C,
YMR181C,
YMR182C,
YMR182W-A,
YMR183C,-1.3874314761
YMR184W,-1.5658958772
YMR185W,
YMR186W,0.5115182485
YMR187C,
YMR188C,0.0214107107
YMR189W,6.2981628648
YMR190C,
YMR191W,
YMR192W,-2.9487602631
YMR193C-A,
YMR193W,0.3424738948
YMR194C-A,
YMR194C-B,
YMR194W,-2.6552697343
YMR195W,
YMR196W,2.3300739807
YMR197C,
YMR198W,
YMR199W,
YMR200W,-2.0766966502
YMR201C,
YMR202W,
YMR203W,
YMR204C,
YMR205C,0.932026879
YMR206W,
YMR207C,
YMR208W,0.2603645874
YMR209C,
YMR210W,
YMR211W,
YMR212C,-0.6357940448
YMR213W,
YMR214W,-1.2808367753
YMR215W,-0.3714458401
YMR216C,-1.4480884898
YMR217W,
YMR218C,
YMR219W,
YMR220W,0.869570556
YMR221C,
YMR222C,0.7052660456
YMR223W,
YMR224C,
YMR225C,
YMR226C,3.6693836901
YMR227C,
YMR228W,
YMR229C,3.2575358138
YMR230W,-2.307033034
YMR230W-A,
YMR231W,-1.4733728211
YMR232W,
YMR233W,
YMR234W,
YMR235C,-0.8157417205
YMR236W,-1.162529426
YMR237W,-1.8792017306
YMR238W,-0.8786941901
YMR239C,-0.4208367753
YMR240C,
YMR241W,4.9712231749
YMR242C,-1.5870520378
YMR242W-A,
YMR243C,-0.6446601198
YMR244CA,
YMR244C-A,2.4262997273
YMR244W,
YMR245W,
YMR246W,3.6208896104
YMR247C,
YMR247W-A,
YMR250W,
YMR251W,
YMR251WA,
YMR251W-A,18.3598441684
YMR252C,
YMR253C,4.6577992598
YMR254C,
YMR255W,-0.1996332331
YMR256C,2.1683800171
YMR257C,
YMR258C,
YMR259C,1.3789879827
YMR260C,-2.24033668
YMR261C,1.9541794356
YMR262W,
YMR263W,
YMR264W,
YMR265C,
YMR266W,1.3228992898
YMR267W,
YMR268C,
YMR269W,-0.6286117517
YMR270C,
YMR271C,
YMR272C,1.9666180949
YMR272W-A,
YMR272W-B,
YMR273C,
YMR274C,
YMR275C,
YMR276W,-0.9605220085
YMR277W,-2.8340785293
YMR278W,4.8433365451
YMR279C,
YMR280C,
YMR281W,
YMR282C,
YMR283C,
YMR284W,
YMR285C,
YMR286W,0.3681069032
YMR287C,
YMR288W,
YMR289W,
YMR290C,
YMR290W-A,
YMR291W,3.3709930794
YMR292W,0.6519285342
YMR293C,
YMR294W,
YMR294WA,
YMR294W-A,
YMR295C,2.1344279641
YMR296C,-2.072113307
YMR297W,
YMR298W,
YMR299C,
YMR300C,-0.4666919123
YMR301C,
YMR302C,
YMR303C,
YMR304C-A,
YMR304W,0.9905530598
YMR305C,
YMR306CA,
YMR306C-A,
YMR306W,
YMR307C-A,
YMR307W,
YMR308C,-1.2823170799
YMR309C,-0.8826471636
YMR310C,
YMR311C,-0.4843178653
YMR312W,
YMR313C,
YMR314W,-3.3553036603
YMR315W,5.1569902305
YMR315W-A,
YMR316C-A,
YMR316C-B,
YMR316W,
YMR317W,
YMR318C,5.8335173691
YMR319C,4.4948348299
YMR320W,
YMR321C,
YMR322C,
YMR323W,
YMR324C,
YMR325W,
YMR326C,
YNL001W,-0.9973289707
YNL002C,
YNL003C,
YNL004W,-1.2713398509
YNL005C,-1.0275989655
YNL006W,
YNL007C,0.1502296782
YNL008C,
YNL009W,
YNL010W,-1.2974584926
YNL011C,
YNL012W,
YNL013C,
YNL014W,
YNL015W,11.5889477765
YNL016W,-2.597374545
YNL017C,
YNL018C,
YNL019C,
YNL020C,
YNL021W,
YNL022C,
YNL023C,
YNL024C,
YNL024C-A,
YNL025C,
YNL026W,
YNL027W,-1.5688516088
YNL028W,
YNL029C,
YNL030W,
YNL031C,
YNL032W,
YNL033W,
YNL034W,
YNL035C,
YNL036W,-0.9467765514
YNL037C,6.2385324246
YNL038W,
YNL039W,
YNL040W,1.0125707193
YNL041C,1.7450077068
YNL042W,
YNL042W-B,
YNL043C,
YNL044W,-2.457513341
YNL045W,8.9862397369
YNL046W,
YNL047C,
YNL048W,1.2368456254
YNL049C,-0.6051651701
YNL050C,
YNL051W,-3.0774292807
YNL052W,2.7388527251
YNL053W,
YNL054W,
YNL054W-A,
YNL055C,15.8677226809
YNL056W,-1.0788963721
YNL057W,
YNL058C,8.5007948829
YNL059C,-1.9312499462
YNL061W,1.1784920153
YNL062C,
YNL063W,
YNL064C,-0.5612228083
YNL065W,4.7640362433
YNL066W,-0.2361458754
YNL067W,0.038743387
YNL067W-A,
YNL067W-B,
YNL068C,
YNL069C,
YNL070W,4.0191166979
YNL071W,3.9177517806
YNL072W,
YNL073W,
YNL074C,
YNL075W,
YNL076W,
YNL077W,
YNL078W,0.6573406776
YNL079C,
YNL080C,
YNL081C,1.7838089327
YNL082W,
YNL083W,
YNL084C,0.4341907971
YNL085W,1.9307142857
YNL086W,
YNL087W,-0.9665589861
YNL088W,0.3372321876
YNL089C,
YNL090W,-0.4847072322
YNL091W,
YNL092W,
YNL093W,
YNL094W,
YNL095C,
YNL096C,-0.9992116971
YNL097C,
YNL097C-B,
YNL097W-A,
YNL098C,1.5378771807
YNL099C,
YNL100W,0.7243929919
YNL101W,
YNL102W,
YNL103W,-0.867124505
YNL103W-A,
YNL104C,1.6786707964
YNL105W,
YNL106C,
YNL107W,
YNL108C,4.3437543537
YNL109W,
YNL110C,-1.9089723781
YNL111C,1.1079281465
YNL112W,2.0067111062
YNL113W,0.3793762551
YNL114C,
YNL115C,
YNL116W,
YNL117W,
YNL118C,-2.0381249731
YNL119W,-0.9185397565
YNL120C,
YNL121C,0.8928990684
YNL122C,
YNL123W,
YNL124W,
YNL125C,
YNL126W,
YNL127W,
YNL128W,
YNL129W,
YNL130C,
YNL130C-A,
YNL131W,
YNL132W,12.1982787048
YNL133C,
YNL134C,
YNL135C,-2.1195787432
YNL136W,
YNL137C,
YNL138W,1.7719444552
YNL138W-A,
YNL139C,0.0200619925
YNL140C,
YNL141W,3.4140865904
YNL142W,
YNL143C,0.4170816124
YNL144C,
YNL144W-A,
YNL145W,
YNL146C-A,
YNL146W,
YNL147W,-1.7860735421
YNL148C,
YNL149C,5.2509655527
YNL150W,
YNL151C,
YNL152W,
YNL153C,-1.0772588505
YNL154C,-0.6064273759
YNL155W,0.1234935299
YNL156C,1.7982234486
YNL157W,0.7015881776
YNL158W,-1.5539173251
YNL159C,
YNL160W,
YNL161W,
YNL162W,-1.3475065186
YNL162W-A,
YNL163C,-1.1545904477
YNL164C,
YNL165W,
YNL166C,-1.2033964429
YNL167C,
YNL168C,0.058755753
YNL169C,
YNL170W,
YNL171C,
YNL172W,
YNL173C,3.8503274198
YNL174W,
YNL175C,0.8283401096
YNL176C,
YNL177C,-0.8574244257
YNL178W,
YNL179C,
YNL180C,0.690701407
YNL181W,-0.5488984483
YNL182C,
YNL183C,0.3268689585
YNL184C,
YNL185C,-0.6446168448
YNL186W,-0.7117191818
YNL187W,
YNL188W,
YNL189W,
YNL190W,-1.3243607486
YNL191W,-1.0961765779
YNL192W,
YNL193W,
YNL194C,
YNL195C,
YNL196C,
YNL197C,-2.0265048848
YNL198C,
YNL199C,
YNL200C,
YNL201C,-2.7994498496
YNL202W,
YNL203C,
YNL204C,
YNL205C,
YNL206C,2.5374764216
YNL207W,-2.2725560384
YNL208W,
YNL209W,-1.1728088881
YNL210W,
YNL211C,
YNL212W,-1.1229853446
YNL213C,
YNL214W,
YNL215W,
YNL216W,0.2090269689
YNL217W,
YNL218W,
YNL219C,0.6112392545
YNL220W,-2.0145806841
YNL221C,
YNL222W,
YNL223W,
YNL224C,-4.750928289
YNL225C,
YNL226W,
YNL227C,
YNL228W,
YNL229C,-0.9080714658
YNL230C,
YNL231C,-0.4492983315
YNL232W,-0.4611583424
YNL233W,
YNL234W,
YNL235C,
YNL236W,
YNL237W,
YNL238W,-0.1609963695
YNL239W,1.8902019101
YNL240C,
YNL241C,1.6438557623
YNL242W,
YNL243W,-1.2973600521
YNL244C,
YNL245C,-0.516244247
YNL246W,0.2931069032
YNL247W,-1.4379806481
YNL248C,-0.3052781686
YNL249C,
YNL250W,
YNL251C,-1.8745150154
YNL252C,
YNL253W,
YNL254C,
YNL255C,-1.9762443046
YNL256W,
YNL257C,
YNL258C,-2.5106471262
YNL259C,0.3676116198
YNL260C,
YNL261W,
YNL262W,-2.1862046101
YNL263C,
YNL264C,
YNL265C,-0.5916460566
YNL266W,
YNL267W,
YNL268W,-1.5575404121
YNL269W,
YNL270C,
YNL271C,-2.6228739038
YNL272C,-1.0182151277
YNL273W,
YNL274C,
YNL275W,
YNL276C,
YNL277W,
YNL277W-A,
YNL278W,-2.3126593224
YNL279W,
YNL280C,
YNL281W,-1.1436314117
YNL282W,-1.5292795279
YNL283C,2.4068628483
YNL284C,4.136197087
YNL284C-A,
YNL284C-B,
YNL285W,
YNL286W,
YNL287W,-3.0723297146
YNL288W,-2.5115589861
YNL289W,
YNL290W,0.6294938054
YNL291C,
YNL292W,
YNL293W,
YNL294C,
YNL295W,
YNL296W,
YNL297C,-0.028
YNL298W,-1.6522550418
YNL299W,
YNL300W,0.2501223307
YNL301C,2.2962702914
YNL302C,-0.4228046702
YNL303W,
YNL304W,
YNL305C,
YNL306W,
YNL307C,-2.7891437095
YNL308C,1.5846779099
YNL309W,
YNL310C,-1.5406880059
YNL311C,
YNL312W,
YNL313C,-0.1058062523
YNL314W,
YNL315C,
YNL316C,
YNL317W,
YNL318C,
YNL319W,
YNL320W,
YNL321W,
YNL322C,-1.4665184955
YNL323W,0.7663524469
YNL324W,
YNL325C,
YNL326C,
YNL327W,-0.2014739058
YNL328C,
YNL329C,
YNL330C,5.5487861275
YNL331C,
YNL332W,
YNL333W,
YNL334C,
YNL335W,
YNL336W,1.203650071
YNL337W,
YNL338W,
YNL339C,
YNL339W-A,
YNL339W-B,
YNR001C,5.8067877082
YNR001W-A,
YNR002C,
YNR003C,
YNR003W-A,
YNR004W,
YNR005C,
YNR006W,-0.5502431257
YNR007C,
YNR008W,
YNR009W,
YNR010W,
YNR011C,
YNR012W,
YNR013C,-1.3142290278
YNR014W,3.6086022468
YNR015W,2.3038016342
YNR016C,1.1469107799
YNR017W,-0.0291950444
YNR018W,2.1049441384
YNR019W,1.6016099112
YNR020C,
YNR021W,-1.6244942104
YNR022C,-0.2912093785
YNR023W,
YNR024W,
YNR025C,
YNR026C,1.7225165656
YNR027W,-1.1234252184
YNR028W,-0.0763398509
YNR029C,-0.789465445
YNR030W,1.5553667669
YNR031C,
YNR032CA,
YNR032C-A,
YNR032W,
YNR033W,-3.4150533641
YNR034W,-0.7542857143
YNR034W-A,4.6548364947
YNR035C,
YNR036C,
YNR037C,
YNR038W,-0.1827886343
YNR039C,
YNR040W,
YNR041C,
YNR042W,
YNR043W,-1.0071212645
YNR044W,22.3128990684
YNR045W,
YNR046W,-1.1362838696
YNR047W,-0.5876581658
YNR048W,3.4887953899
YNR049C,
YNR050C,5.4288324143
YNR051C,-0.6145683682
YNR052C,0.6538359527
YNR053C,-1.4751312691
YNR054C,5.8941900278
YNR055C,0.4821512025
YNR056C,
YNR057C,
YNR058W,
YNR059W,
YNR060W,
YNR061C,
YNR062C,
YNR063W,
YNR064C,
YNR065C,
YNR066C,
YNR067C,-0.0924292807
YNR068C,
YNR069C,
YNR070W,
YNR071C,
YNR072W,
YNR073C,
YNR074C,
YNR075C-A,
YNR075W,
YNR076W,
YNR077C,
YOL001W,
YOL002C,
YOL003C,
YOL004W,
YOL005C,0.8271045416
YOL006C,-4.5594498496
YOL007C,3.1441907971
YOL008W,
YOL009C,
YOL010W,-0.3905955336
YOL011W,
YOL012C,-1.5241475531
YOL013C,
YOL013W-A,
YOL013W-B,
YOL014W,
YOL015W,
YOL016C,3.5597298169
YOL017W,
YOL018C,
YOL019W,3.4238975012
YOL019W-A,
YOL020W,-0.7948000524
YOL021C,-1.408984803
YOL022C,0.709207842
YOL023W,
YOL024W,
YOL025W,
YOL026C,
YOL027C,1.2173076203
YOL028C,
YOL029C,
YOL030W,1.5285337368
YOL031C,
YOL032W,
YOL033W,
YOL034W,
YOL035C,
YOL036W,
YOL037C,
YOL038C-A,
YOL038W,-2.6568860608
YOL039W,1.202771121
YOL040C,
YOL041C,-1.1191437095
YOL042W,
YOL043C,
YOL044W,
YOL045W,
YOL046C,
YOL047C,
YOL048C,
YOL049W,
YOL050C,
YOL051W,-2.2628739038
YOL052C,-0.4826106179
YOL052CA,
YOL052C-A,
YOL053C-A,
YOL053W,
YOL054W,
YOL055C,
YOL056W,-0.833926998
YOL057W,-1.4155414614
YOL058W,13.4255555556
YOL059W,0.3450806953
YOL060C,0.0523192547
YOL061W,-2.3406237449
YOL062C,
YOL063C,
YOL064C,0.5667581623
YOL065C,
YOL066C,
YOL067C,-0.2487799398
YOL068C,
YOL069W,
YOL070C,1.6133728985
YOL071W,
YOL072W,
YOL073C,
YOL075C,
YOL076W,
YOL077C,-1.7107566432
YOL077W-A,2.4683539434
YOL078W,
YOL079W,
YOL080C,
YOL081W,0.69125
YOL082W,
YOL083C-A,
YOL083W,
YOL084W,
YOL085C,
YOL085W-A,
YOL086C,
YOL086W-A,
YOL087C,
YOL088C,0.3637500538
YOL089C,
YOL090W,0.0060815114
YOL091W,
YOL092W,1.0313466625
YOL093W,0.4195496949
YOL094C,
YOL095C,
YOL096C,
YOL097C,-1.5760061538
YOL097W-A,
YOL098C,-1.2345972802
YOL099C,
YOL100W,
YOL101C,
YOL102C,
YOL103W,
YOL103W-A,
YOL103W-B,
YOL104C,
YOL105C,
YOL106W,
YOL107W,
YOL108C,
YOL109W,
YOL110W,
YOL111C,-1.7318801316
YOL112W,
YOL113W,
YOL114C,
YOL115W,2.4195496949
YOL116W,
YOL117W,
YOL118C,
YOL119C,
YOL120C,
YOL121C,-0.4661735343
YOL122C,
YOL123W,
YOL124C,1.2386417214
YOL125W,
YOL126C,10.7117494182
YOL127W,
YOL128C,
YOL129W,2.8502137546
YOL130W,-2.4124292807
YOL131W,
YOL132W,
YOL133W,
YOL134C,-1.3705372028
YOL135C,
YOL136C,
YOL137W,
YOL138C,
YOL139C,-1.5314145148
YOL140W,
YOL141W,-3.0244498496
YOL142W,0.7223076203
YOL143C,16.4531062455
YOL144W,30.1715397541
YOL145C,-0.449664298
YOL146W,
YOL147C,-1.9120643157
YOL148C,
YOL149W,-0.5208333333
YOL150C,
YOL151W,12.2773076923
YOL152W,
YOL153C,
YOL154W,
YOL155C,
YOL155W-A,
YOL156W,
YOL157C,
YOL158C,
YOL159C,
YOL159C-A,
YOL160W,
YOL161C,
YOL162W,
YOL163W,
YOL164W,
YOL164W-A,
YOL165C,
YOL166C,
YOL166W-A,
YOR001W,-3.0683681403
YOR002W,
YOR003W,
YOR004W,
YOR005C,
YOR006C,0.1021988835
YOR007C,-0.1246106083
YOR008C,-1.7402118287
YOR008C-A,
YOR008W-B,
YOR009W,
YOR010C,
YOR011W,
YOR011W-A,
YOR012W,
YOR013W,
YOR014W,-2.7032122918
YOR015W,
YOR016C,-1.6552974349
YOR017W,
YOR018W,-0.6080757002
YOR019W,
YOR020C,
YOR020W-A,
YOR021C,
YOR022C,
YOR023C,
YOR024W,
YOR025W,
YOR026W,
YOR027W,1.0850404576
YOR028C,
YOR029W,
YOR030W,
YOR031W,
YOR032C,
YOR032W-A,
YOR033C,
YOR034C,
YOR034C-A,
YOR035C,
YOR036W,
YOR037W,
YOR038C,
YOR039W,-1.1001962982
YOR040W,
YOR041C,
YOR042W,-0.7274125117
YOR043W,-0.3274292807
YOR044W,
YOR045W,
YOR046C,-1.9909349728
YOR047C,
YOR048C,3.4177986369
YOR049C,
YOR050C,
YOR051C,0.0287877872
YOR052C,
YOR053W,
YOR054C,
YOR055W,
YOR056C,
YOR057W,
YOR058C,
YOR059C,
YOR060C,
YOR061W,-1.6544079991
YOR062C,
YOR063W,0.1538521324
YOR064C,
YOR065W,7.9293836901
YOR066W,
YOR067C,
YOR068C,
YOR069W,-2.7558367753
YOR070C,
YOR071C,
YOR072W,
YOR072W-A,
YOR072W-B,
YOR073W,
YOR073W-A,
YOR074C,
YOR075W,-0.2528739038
YOR076C,
YOR077W,
YOR078W,
YOR079C,
YOR080W,
YOR081C,
YOR082C,
YOR083W,-3.5249260193
YOR084W,
YOR085W,
YOR086C,0.7135646499
YOR087W,2.9361520556
YOR088W,
YOR089C,-1.7708411928
YOR090C,
YOR091W,
YOR092W,
YOR093C,
YOR094W,1.7202177414
YOR095C,1.7138416576
YOR096W,
YOR097C,
YOR098C,0.2407204721
YOR099W,-1.6956070081
YOR100C,
YOR101W,-1.2336117517
YOR102W,
YOR103C,
YOR104W,0.5783728985
YOR105W,
YOR106W,
YOR107W,
YOR108C-A,
YOR108W,0.8901637099
YOR109W,-0.3483964429
YOR110W,
YOR111W,
YOR112W,-2.5740868504
YOR113W,
YOR114W,
YOR115C,
YOR116C,1.2509658754
YOR117W,
YOR118W,-0.8765453148
YOR119C,
YOR120W,
YOR121C,
YOR122C,-2.1109299087
YOR123C,-0.0614786546
YOR124C,
YOR125C,
YOR126C,
YOR127W,
YOR128C,1.6583054607
YOR129C,
YOR130C,-1.0696168448
YOR131C,-1.5040481354
YOR132W,2.2400619925
YOR133W,2.2260692328
YOR134W,
YOR135C,
YOR136W,13.0317165204
YOR137C,
YOR138C,-1.5236257259
YOR139C,
YOR140W,
YOR141C,
YOR142W,3.8357948829
YOR142W-B,
YOR143C,
YOR144C,
YOR145C,
YOR146W,
YOR147W,
YOR148C,
YOR149C,
YOR150W,
YOR151C,1.3769766114
YOR152C,
YOR153W,0.7308605862
YOR154W,
YOR155C,
YOR156C,
YOR157C,
YOR158W,
YOR159C,
YOR160W,
YOR161C,
YOR161C-C,
YOR161W-A,
YOR161W-B,
YOR162C,
YOR163W,0.581739441
YOR164C,-2.1199545507
YOR165W,-1.2492902342
YOR166C,
YOR167C,-2.4848712624
YOR168W,1.9150884242
YOR169C,
YOR170W,
YOR171C,-0.179465445
YOR172W,
YOR173W,
YOR174W,
YOR175C,1.8638975012
YOR176W,4.7934463888
YOR177C,
YOR178C,
YOR179C,-2.120792158
YOR180C,
YOR181W,-0.112072329
YOR182C,-1.197119222
YOR183W,
YOR184W,1.6007475061
YOR185C,
YOR186C-A,
YOR186W,
YOR187W,
YOR188W,
YOR189W,1.1763388249
YOR190W,
YOR191W,
YOR192C,
YOR192C-A,
YOR192C-B,
YOR192C-C,
YOR193W,
YOR194C,
YOR195W,
YOR196C,4.188552408
YOR197W,2.0499231834
YOR198C,-1.4721671693
YOR199W,
YOR200W,
YOR201C,
YOR202W,
YOR203W,
YOR204W,
YOR205C,
YOR206W,-0.8165771873
YOR207C,8.9157648393
YOR208W,
YOR209C,-1.5933230283
YOR210W,
YOR211C,
YOR212W,1.3498348299
YOR213C,
YOR214C,
YOR215C,4.0567170496
YOR216C,8.5705196799
YOR217W,-2.720792158
YOR218C,
YOR219C,
YOR220W,
YOR221C,
YOR222W,
YOR223W,
YOR224C,-1.1886084472
YOR225W,
YOR226C,3.6043661052
YOR227W,
YOR228C,
YOR229W,-0.7199864792
YOR230W,7.7349148569
YOR231C-A,
YOR231W,
YOR232W,0.3452218765
YOR233W,-1.4050406685
YOR234C,-0.6780334002
YOR235W,
YOR236W,-0.5483681403
YOR237W,
YOR238W,
YOR239W,-0.4318996736
YOR240W,
YOR241W,0.5959658754
YOR242C,
YOR243C,0.4834028016
YOR244W,
YOR245C,
YOR246C,
YOR247W,2.4614552492
YOR248W,4.2405942999
YOR249C,
YOR250C,
YOR251C,
YOR252W,1.162993487
YOR253W,-0.5630097695
YOR254C,-2.028221517
YOR255W,
YOR256C,
YOR257W,
YOR258W,
YOR259C,-2.2388455824
YOR260W,-1.1575708085
YOR261C,-2.3218566442
YOR262W,-0.4633243195
YOR263C,
YOR264W,
YOR265W,1.2928434852
YOR266W,
YOR267C,
YOR268C,
YOR269W,
YOR270C,-1.3639169653
YOR271C,
YOR272W,0.2020816124
YOR273C,11.4532301217
YOR274W,
YOR275C,
YOR276W,-2.3850209787
YOR277C,
YOR278W,
YOR279C,
YOR280C,
YOR281C,0.5818458717
YOR282W,
YOR283W,-1.5288600465
YOR284W,
YOR285W,2.0842411374
YOR286W,0.9356004031
YOR287C,
YOR288C,
YOR289W,
YOR290C,
YOR291W,-2.5068712347
YOR292C,
YOR293C-A,
YOR293W,12.3269677049
YOR294W,
YOR295W,
YOR296W,
YOR297C,
YOR298CA,
YOR298C-A,0.7377225263
YOR298W,
YOR299W,
YOR300W,
YOR301W,
YOR302W,3.851578548
YOR303W,4.2357111438
YOR304CA,
YOR304C-A,-2.0931332405
YOR304W,
YOR305W,
YOR306C,
YOR307C,-2.4926323758
YOR308C,
YOR309C,
YOR310C,-0.5645787367
YOR311C,
YOR312C,-2.7768000488
YOR313C,
YOR314W,
YOR314W-A,
YOR315W,
YOR316C,4.1316108983
YOR316C-A,
YOR317W,6.8745832706
YOR318C,
YOR319W,-1.491244247
YOR320C,
YOR321W,
YOR322C,-1.579298593
YOR323C,
YOR324C,
YOR325W,
YOR326W,-1.1877170483
YOR327C,1.839921347
YOR328W,
YOR329C,
YOR329W-A,
YOR330C,
YOR331C,
YOR332W,-1.0815424351
YOR333C,
YOR334W,
YOR335C,-1.156294097
YOR335W-A,
YOR336W,
YOR337W,
YOR338W,
YOR339C,
YOR340C,1.4368908941
YOR341W,-1.2796967042
YOR342C,-0.8980757002
YOR343C,
YOR343W-A,
YOR343W-B,
YOR344C,
YOR345C,
YOR346W,0.5881283012
YOR347C,-0.5999864792
YOR348C,
YOR349W,
YOR350C,
YOR351C,
YOR352W,
YOR353C,
YOR354C,
YOR355W,
YOR356W,0.2232531076
YOR357C,
YOR358W,
YOR359W,0.7361279647
YOR360C,0.1291900278
YOR361C,-2.461203897
YOR362C,-1.5576259708
YOR363C,
YOR364W,
YOR365C,
YOR366W,
YOR367W,
YOR368W,
YOR369C,
YOR370C,0.1149182474
YOR371C,
YOR372C,
YOR373W,
YOR374W,16.7608850476
YOR375C,8.7494791486
YOR376W,
YOR376W-A,
YOR377W,
YOR378W,
YOR379C,
YOR380W,
YOR381W,
YOR381W-A,
YOR382W,
YOR383C,
YOR384W,
YOR385W,
YOR386W,
YOR387C,
YOR388C,
YOR389W,
YOR390W,
YOR391C,
YOR392W,
YOR393W,
YOR394C-A,
YOR394W,
YOR396C-A,
YOR396W,
YPL001W,
YPL002C,
YPL003W,
YPL004C,
YPL005W,
YPL006W,
YPL007C,
YPL008W,
YPL009C,-1.6565705591
YPL010W,
YPL011C,
YPL012W,0.3385260942
YPL013C,
YPL014W,
YPL015C,-0.434226614
YPL016W,-2.9549260193
YPL017C,
YPL018W,
YPL019C,
YPL020C,
YPL021W,
YPL022W,
YPL023C,
YPL024W,
YPL025C,
YPL026C,-0.6579573092
YPL027W,
YPL028W,-0.5636111111
YPL029W,
YPL030W,0.2774738948
YPL031C,-0.5220556999
YPL032C,-0.0400525659
YPL033C,
YPL034W,
YPL035C,
YPL036W,
YPL037C,-1.5455133872
YPL038W,
YPL038W-A,
YPL039W,
YPL040C,
YPL041C,
YPL042C,
YPL043W,1.3388896305
YPL044C,
YPL045W,
YPL046C,
YPL047W,-1.5744974101
YPL048W,-0.022129819
YPL049C,-2.7274292807
YPL050C,-0.4216634549
YPL051W,
YPL052W,
YPL053C,2.0338975012
YPL054W,
YPL055C,1.6138089327
YPL056C,
YPL057C,0.6031094742
YPL058C,7.8162050571
YPL059W,1.7433991419
YPL060C-A,
YPL060W,
YPL061W,1.4908520944
YPL062W,
YPL063W,-0.1590456801
YPL064C,
YPL065W,
YPL066W,
YPL067C,
YPL068C,
YPL069C,
YPL070W,
YPL071C,
YPL072W,
YPL073C,
YPL074W,
YPL075W,
YPL076W,
YPL077C,
YPL078C,15.1583676501
YPL079W,-2.9196902475
YPL080C,
YPL081W,4.3373386175
YPL082C,0.8495107579
YPL083C,
YPL084W,-0.466349929
YPL085W,1.4070520614
YPL086C,0.6683800171
YPL087W,
YPL088W,
YPL089C,
YPL090C,-0.8290130559
YPL091W,2.4879243739
YPL092W,
YPL093W,2.2694177382
YPL094C,-1.9009356574
YPL095C,
YPL096C-A,
YPL096W,
YPL097W,
YPL098C,
YPL099C,
YPL100W,
YPL101W,
YPL102C,
YPL103C,
YPL104W,
YPL105C,-2.048
YPL106C,
YPL107W,
YPL108W,
YPL109C,
YPL110C,
YPL111W,9.6066107876
YPL112C,1.5631287653
YPL113C,
YPL114W,
YPL115C,-2.3713928823
YPL116W,-4.8499260193
YPL117C,-1.3919096281
YPL118W,1.8007215404
YPL119C,
YPL119C-A,
YPL120W,
YPL121C,
YPL122C,
YPL123C,
YPL124W,3.3936071177
YPL125W,0.7942703574
YPL126W,0.1921072623
YPL127C,-0.4105258355
YPL128C,-0.4023231734
YPL129W,3.9561855795
YPL130W,
YPL131W,0.6271492725
YPL132W,
YPL133C,
YPL134C,
YPL135C-A,
YPL135W,1.7587684952
YPL136W,
YPL137C,0.805778359
YPL138C,
YPL139C,
YPL140C,
YPL141C,
YPL142C,
YPL143W,
YPL144W,-1.4621537695
YPL145C,-2.7341348826
YPL146C,-0.0429479386
YPL147W,
YPL148C,
YPL149W,
YPL150W,
YPL151C,
YPL152W,
YPL152W-A,
YPL153C,
YPL154C,
YPL155C,
YPL156C,
YPL157W,
YPL158C,
YPL159C,
YPL160W,-0.4743919216
YPL161C,1.1150077068
YPL162C,0.650041811
YPL163C,5.6144212352
YPL164C,
YPL165C,
YPL166W,
YPL167C,
YPL168W,
YPL169C,
YPL170W,2.4470975809
YPL171C,
YPL172C,
YPL173W,
YPL174C,
YPL175W,
YPL176C,
YPL177C,
YPL178W,-1.2374125117
YPL179W,
YPL180W,
YPL181W,-0.6348504387
YPL182C,
YPL183C,-1.0892888562
YPL183WA,
YPL183W-A,3.8204990344
YPL184C,-1.5393995969
YPL185W,
YPL186C,
YPL187W,
YPL188W,
YPL189C-A,
YPL189W,
YPL190C,
YPL191C,
YPL192C,
YPL193W,
YPL194W,
YPL195W,0.135625
YPL196W,
YPL197C,
YPL198W,8.3705369661
YPL199C,
YPL200W,
YPL201C,
YPL202C,
YPL203W,-0.3574292807
YPL204W,-1.9970079984
YPL205C,
YPL206C,
YPL207W,-0.4298051369
YPL208W,
YPL209C,
YPL210C,-2.2357780024
YPL211W,
YPL212C,1.6956166169
YPL213W,
YPL214C,
YPL215W,0.5343421216
YPL216W,
YPL217C,
YPL218W,
YPL219W,
YPL220W,-1.2683904501
YPL221W,0.814858495
YPL222C-A,
YPL222W,
YPL223C,
YPL224C,
YPL225W,
YPL226W,3.6214661209
YPL227C,-0.639375
YPL228W,2.6227449582
YPL229W,
YPL230W,
YPL231W,4.2538639666
YPL232W,
YPL233W,-1.3034252184
YPL234C,0.8474256752
YPL235W,
YPL236C,
YPL237W,
YPL238C,
YPL239W,-1.1528521963
YPL240C,9.6576424495
YPL241C,
YPL242C,
YPL243W,-1.915082585
YPL244C,
YPL245W,
YPL246C,-0.8728247958
YPL247C,
YPL248C,
YPL249C,
YPL249CA,
YPL249C-A,-1.5967633129
YPL250C,
YPL250W-A,
YPL251W,
YPL252C,2.7182531076
YPL253C,
YPL254W,
YPL255W,
YPL256C,
YPL257W,
YPL257W-A,
YPL257W-B,
YPL258C,
YPL259C,-1.0032302607
YPL260W,-0.5373252084
YPL261C,
YPL262W,14.0232647995
YPL263C,-0.6766840701
YPL264C,
YPL265W,3.6555540928
YPL266W,
YPL267W,
YPL268W,
YPL269W,
YPL270W,-0.7645645172
YPL271W,4.5567147204
YPL272C,
YPL273W,0.4193962325
YPL274W,4.2235934136
YPL275W,
YPL276W,
YPL277C,
YPL278C,
YPL279C,
YPL280W,
YPL281C,
YPL282C,
YPL283C,
YPL283W-A,
YPL283W-B,
YPR001W,
YPR002C-A,
YPR002W,
YPR003C,
YPR004C,-0.6038849053
YPR005C,
YPR006C,
YPR007C,
YPR008W,-3.7328739038
YPR009W,
YPR010C,0.4855315241
YPR010C-A,
YPR011C,
YPR012W,
YPR013C,
YPR014C,
YPR015C,
YPR016C,-0.6002609621
YPR016W-A,
YPR017C,-1.7494974101
YPR018W,
YPR019W,2.7897650361
YPR020W,
YPR021C,
YPR022C,
YPR023C,
YPR024W,-0.1844637089
YPR025C,
YPR026W,
YPR027C,
YPR028W,-1.1138820189
YPR029C,
YPR030W,
YPR031W,
YPR032W,0.3782646563
YPR033C,-0.7240108821
YPR034W,-1.6540343427
YPR035W,2.0290894558
YPR036W,-2.3986850437
YPR036W-A,
YPR037C,
YPR038W,
YPR039W,
YPR040W,-2.540928289
YPR041W,-1.7606395405
YPR042C,-1.0996579414
YPR043W,-3.5775927286
YPR044C,
YPR045C,-1.1933900888
YPR046W,
YPR047W,
YPR048W,
YPR049C,
YPR050C,
YPR051W,0.0271292998
YPR052C,-2.0460417029
YPR053C,
YPR054W,
YPR055W,-0.0455787648
YPR056W,
YPR057W,
YPR058W,
YPR059C,
YPR060C,-0.8578159255
YPR061C,
YPR062W,-2.4309671052
YPR063C,
YPR064W,
YPR065W,-1.3124012872
YPR066W,
YPR067W,
YPR068C,
YPR069C,1.0704036271
YPR070W,0.2866802191
YPR071W,
YPR072W,-1.5066435496
YPR073C,0.3534988365
YPR074C,1.0185329005
YPR074W-A,
YPR075C,-1.4067733196
YPR076W,
YPR077C,
YPR078C,
YPR079W,0.4741041228
YPR080W,-1.852176254
YPR081C,
YPR082C,
YPR083W,
YPR084W,
YPR085C,
YPR086W,-0.9826807453
YPR087W,
YPR088C,
YPR089W,
YPR090W,-2.7762138725
YPR091C,-2.0300558616
YPR092W,
YPR093C,
YPR094W,
YPR095C,
YPR096C,
YPR097W,
YPR098C,
YPR099C,
YPR100W,0.0118689585
YPR101W,
YPR102C,2.4768803994
YPR103W,
YPR104C,
YPR105C,
YPR106W,
YPR107C,
YPR108W,-1.1972550418
YPR108W-A,
YPR109W,
YPR110C,1.1461593438
YPR111W,
YPR112C,
YPR113W,-0.7985622525
YPR114W,-0.9160960783
YPR115W,
YPR116W,
YPR117W,
YPR118W,2.5466310906
YPR119W,
YPR120C,
YPR121W,
YPR122W,
YPR123C,
YPR124W,1.0263758903
YPR125W,-0.3219812349
YPR126C,
YPR127W,
YPR128C,1.4310815114
YPR129W,0.0490897835
YPR130C,
YPR131C,6.1969487254
YPR132W,-0.2638044748
YPR133C,
YPR133WA,
YPR133W-A,
YPR134W,
YPR135W,
YPR136C,
YPR137C-B,
YPR137W,0.2983365451
YPR138C,0.0925685239
YPR139C,
YPR140W,
YPR141C,
YPR142C,
YPR143W,-0.4399328886
YPR144C,2.6454095523
YPR145C-A,
YPR145W,0.7238900771
YPR146C,
YPR147C,
YPR148C,
YPR149W,1.722657453
YPR150W,
YPR151C,
YPR152C,
YPR153W,
YPR154W,0.481353596
YPR155C,
YPR156C,5.0421847446
YPR157W,
YPR158C-C,
YPR158C-D,
YPR158W,
YPR158W-A,
YPR158W-B,
YPR159C-A,
YPR159W,
YPR160C-A,
YPR160W,25.0202218765
YPR160W-A,
YPR161C,-1.2054436949
YPR162C,
YPR163C,-1.0516774537
YPR164W,
YPR165W,
YPR166C,
YPR167C,
YPR168W,-0.8089517103
YPR169W,6.2155094808
YPR169W-A,
YPR170C,
YPR170W-A,
YPR170W-B,
YPR171W,3.7866099112
YPR172W,-2.5549260193
YPR173C,1.004775897
YPR174C,
YPR175W,
YPR176C,
YPR177C,
YPR178W,
YPR179C,
YPR180W,-0.8296579414
YPR181C,
YPR182W,-0.8125340001
YPR183W,
YPR184W,
YPR185W,
YPR186C,
YPR187W,8.0226622489
YPR188C,
YPR189W,0.4707873908
YPR190C,
YPR191W,3.5149231834
YPR192W,
YPR193C,
YPR194C,
YPR195C,
YPR196W,
YPR197C,
YPR198W,
YPR199C,
YPR200C,
YPR201W,
YPR202W,
YPR203W,
YPR204C-A,
YPR204W,
