ID,Replication time
Q0010,
Q0017,
Q0032,
Q0045,
Q0050,
Q0055,
Q0060,
Q0065,
Q0070,
Q0075,
Q0080,
Q0085,
Q0092,
Q0105,
Q0110,
Q0115,
Q0120,
Q0130,
Q0140,
Q0142,
Q0143,
Q0144,
Q0160,
Q0182,
Q0250,
Q0255,
Q0275,
Q0297,
R0020C,
R0040C,
snR10,
YAL001C,22.98
YAL002W,23.83
YAL003W,24.02
YAL004W,24.38
YAL005C,24.2
YAL007C,24.75
YAL008W,24.94
YAL009W,25.16
YAL010C,25.4
YAL011W,26.3
YAL012W,26.62
YAL013W,27.19
YAL014C,27.19
YAL015C,27.44
YAL016C-A,28.06
YAL016C-B,28.25
YAL016W,28.06
YAL017W,29.12
YAL018C,29.4
YAL019W,30.57
YAL019W-A,30.85
YAL020C,30.85
YAL021C,31.1
YAL022C,31.59
YAL023C,31.65
YAL024C,31.53
YAL025C,31.38
YAL026C,31.5
YAL026C-A,31.65
YAL027W,31.65
YAL028W,31.63
YAL029C,31.61
YAL030W,31.44
YAL031C,31.44
YAL031W-A,30.98
YAL032C,30.98
YAL033W,30.47
YAL034C,30.47
YAL034C-B,29.9
YAL034WA,
YAL034W-A,29.63
YAL035C-A,
YAL035W,29.01
YAL036C,29.01
YAL037C-A,28.87
YAL037C-B,28.87
YAL037W,28.87
YAL038W,28.93
YAL039C,29.3
YAL040C,29.63
YAL041W,30.36
YAL042C-A,30.78
YAL042W,30.78
YAL043C,30.78
YAL043C-A,
YAL044C,31.35
YAL044W-A,31.47
YAL045C,31.35
YAL046C,31.47
YAL047C,31.47
YAL047W-A,31.61
YAL048C,31.6
YAL049C,31.53
YAL051W,31.05
YAL053W,30.66
YAL054C,30.45
YAL055W,29.83
YAL056C-A,29.27
YAL056W,29.27
YAL058C-A,
YAL058W,28.92
YAL059C-A,28.92
YAL059W,28.76
YAL060W,28.61
YAL061W,28.39
YAL062W,28.29
YAL063C,28.43
YAL063C-A,29.31
YAL064C-A,30.28
YAL064W,29.4
YAL064W-B,30.62
YAL065C,30.62
YAL065C-A,
YAL066W,31.45
YAL067C,31.92
YAL067W-A,32.39
YAL068C,32.39
YAL068W-A,32.39
YAL069W,32.39
YAR002CA,
YAR002C-A,23.46
YAR002W,23.11
YAR003W,23.66
YAR007C,24.14
YAR008W,24.21
YAR009C,
YAR010C,
YAR014C,22.58
YAR015W,22.58
YAR018C,22.33
YAR019C,21.87
YAR019W-A,21.87
YAR020C,21.87
YAR023C,22.47
YAR027W,24.73
YAR028W,25.43
YAR029W,26.13
YAR030C,26.81
YAR031W,26.81
YAR033W,27.47
YAR035C-A,29.25
YAR035W,28.59
YAR037W,
YAR040C,
YAR042W,29.25
YAR043C,
YAR044W,
YAR047C,28.46
YAR050W,28.3
YAR052C,
YAR053W,28.16
YAR060C,29.83
YAR061W,
YAR062W,
YAR064W,30.23
YAR066W,30.29
YAR068W,30.31
YAR069C,30.21
YAR070C,30.08
YAR071W,30.08
YAR073W,29.89
YAR074C,
YAR075W,29.89
YBL001C,19.07
YBL002W,19.08
YBL003C,19.19
YBL004W,22.55
YBL005W,26.57
YBL005WA,
YBL005W-A,
YBL005W-B,
YBL006C,26.57
YBL006W-A,26.57
YBL007C,26.57
YBL008W,25.66
YBL008W-A,25.66
YBL009W,25.47
YBL010C,25.37
YBL011W,24.98
YBL012C,24.98
YBL013W,24.8
YBL014C,24.6
YBL015W,23.9
YBL016W,24.19
YBL017C,24.43
YBL018C,26.28
YBL019W,26.99
YBL020W,27.46
YBL021C,27.46
YBL022C,27.56
YBL023C,26.97
YBL024W,25.89
YBL025W,25.88
YBL026W,25.95
YBL027W,26.44
YBL028C,26.86
YBL029C-A,28.46
YBL029W,27.36
YBL030C,28.46
YBL031W,29.96
YBL032W,30.35
YBL033C,30.67
YBL034C,30.9
YBL035C,30.62
YBL036C,30.02
YBL037W,28.3
YBL038W,27.91
YBL039C,27.65
YBL039C-A,27.65
YBL039W-B,27.62
YBL040C,27.85
YBL041W,28.25
YBL042C,28.78
YBL043W,31.49
YBL044W,31.49
YBL045C,32.1
YBL046W,33.64
YBL047C,33.64
YBL048W,35.51
YBL049W,35.81
YBL050W,36.08
YBL051C,36.33
YBL052C,36.92
YBL053W,37.11
YBL054W,37.09
YBL055C,37.0
YBL056W,36.43
YBL057C,36.43
YBL058W,35.84
YBL059C-A,35.5
YBL059W,35.5
YBL060W,34.31
YBL061C,34.31
YBL062W,33.4
YBL063W,31.55
YBL064C,31.55
YBL065W,30.7
YBL066C,31.11
YBL067C,29.65
YBL068W,29.34
YBL068W-A,29.21
YBL069W,29.07
YBL070C,29.07
YBL071C,29.07
YBL071C-B,28.9
YBL071W-A,29.07
YBL072C,28.9
YBL073W,28.48
YBL074C,28.48
YBL075C,28.21
YBL076C,27.59
YBL077W,26.61
YBL078C,26.61
YBL079W,26.15
YBL080C,26.03
YBL081W,25.13
YBL082C,25.13
YBL083C,24.65
YBL084C,24.1
YBL085W,21.43
YBL086C,21.46
YBL087C,22.02
YBL088C,22.45
YBL089W,27.13
YBL090W,27.43
YBL091C,27.43
YBL091CA,
YBL091C-A,27.7
YBL092W,28.11
YBL093C,28.27
YBL094C,28.27
YBL095W,28.39
YBL096C,28.39
YBL097W,28.61
YBL098W,28.65
YBL099W,28.71
YBL100C,28.71
YBL100W-A,
YBL100W-B,
YBL100W-C,28.5
YBL101C,28.5
YBL101WA,
YBL101W-A,
YBL101W-B,
YBL102W,28.42
YBL103C,28.38
YBL104C,28.26
YBL105C,27.77
YBL106C,27.08
YBL107C,26.55
YBL107WA,
YBL107W-A,26.55
YBL108C-A,26.55
YBL108W,26.55
YBL109W,26.55
YBL111C,26.55
YBL112C,26.55
YBL113C,26.55
YBL113W-A,26.55
YBR001C,19.78
YBR002C,20.03
YBR003W,20.03
YBR004C,20.78
YBR005W,20.78
YBR006W,21.35
YBR007C,23.01
YBR008C,24.6
YBR009C,24.9
YBR010W,25.06
YBR011C,25.13
YBR012C,24.91
YBR012W-A,
YBR012W-B,
YBR013C,20.88
YBR014C,20.89
YBR015C,21.45
YBR016W,21.88
YBR017C,23.79
YBR018C,25.26
YBR019C,27.01
YBR020W,27.5
YBR021W,28.39
YBR022W,29.23
YBR023C,30.7
YBR024W,31.33
YBR025C,31.88
YBR026C,32.5
YBR027C,32.5
YBR028C,32.78
YBR029C,32.89
YBR030W,32.99
YBR031W,33.13
YBR032W,33.16
YBR033W,33.16
YBR034C,32.65
YBR035C,32.33
YBR036C,30.62
YBR037C,30.16
YBR038W,30.16
YBR039W,28.59
YBR040W,28.29
YBR041W,27.77
YBR042C,27.23
YBR043C,27.04
YBR044C,27.13
YBR045C,28.3
YBR046C,28.73
YBR047W,28.73
YBR048W,29.19
YBR049C,31.12
YBR050C,32.02
YBR051W,32.02
YBR052C,32.44
YBR053C,32.85
YBR054W,34.02
YBR055C,35.37
YBR056C-B,35.96
YBR056W,35.37
YBR056W-A,35.96
YBR057C,35.96
YBR058C,35.78
YBR058C-A,35.78
YBR059C,35.65
YBR060C,35.67
YBR061C,35.48
YBR062C,35.34
YBR063C,34.89
YBR064W,35.14
YBR065C,34.58
YBR066C,34.21
YBR067C,33.34
YBR068C,32.08
YBR069C,31.09
YBR070C,30.79
YBR071W,30.5
YBR072C-A,29.64
YBR072W,29.92
YBR073W,29.64
YBR074W,28.96
YBR075W,
YBR076C-A,28.31
YBR076W,28.47
YBR077C,28.1
YBR078W,27.82
YBR079C,25.51
YBR080C,24.46
YBR081C,22.6
YBR082C,22.28
YBR083W,22.2
YBR084C-A,23.69
YBR084W,22.38
YBR085C-A,25.53
YBR085W,24.14
YBR086C,27.07
YBR087W,27.07
YBR088C,27.64
YBR089CA,
YBR089C-A,27.92
YBR089W,27.64
YBR090C,28.18
YBR090C-A,
YBR091C,28.18
YBR092C,28.72
YBR093C,28.99
YBR094W,29.59
YBR095C,30.77
YBR096W,31.25
YBR097W,31.25
YBR098W,34.04
YBR099C,34.99
YBR100W,
YBR101C,35.4
YBR102C,36.38
YBR103C-A,36.78
YBR103W,36.38
YBR104W,36.78
YBR105C,36.98
YBR106W,37.01
YBR107C,36.89
YBR108W,36.89
YBR109C,35.91
YBR109W-A,35.91
YBR110W,35.91
YBR111C,34.78
YBR111W-A,34.37
YBR112C,33.18
YBR113W,33.18
YBR114W,32.52
YBR115C,30.44
YBR116C,29.84
YBR117C,28.32
YBR118W,27.43
YBR119W,25.55
YBR120C,24.66
YBR121C,22.59
YBR121C-A,23.13
YBR122C,22.25
YBR123C,22.21
YBR124W,22.21
YBR125C,22.82
YBR126C,23.62
YBR126W-A,23.62
YBR126W-B,23.62
YBR127C,24.36
YBR128C,25.02
YBR129C,25.35
YBR130C,25.71
YBR131C-A,26.11
YBR131W,26.11
YBR132C,28.09
YBR133C,29.17
YBR134W,29.17
YBR135W,29.17
YBR136W,29.37
YBR137W,29.83
YBR138C,29.99
YBR139W,29.99
YBR140C,32.11
YBR141C,32.8
YBR141W-A,32.46
YBR142W,32.8
YBR143C,33.72
YBR144C,33.82
YBR145W,33.82
YBR146W,33.93
YBR147W,33.97
YBR148W,34.0
YBR149W,34.26
YBR150C,35.17
YBR151W,35.44
YBR152W,35.72
YBR153W,35.99
YBR154C,36.54
YBR155W,36.54
YBR156C,37.75
YBR157C,38.04
YBR158W,38.57
YBR159W,38.96
YBR160W,39.09
YBR161W,39.05
YBR162C,38.6
YBR162WA,
YBR162W-A,38.36
YBR163W,38.36
YBR164C,37.46
YBR165W,37.46
YBR166C,36.31
YBR167C,36.31
YBR168W,35.87
YBR169C,33.95
YBR170C,32.98
YBR171W,32.98
YBR172C,31.54
YBR173C,31.07
YBR174C,31.07
YBR175W,31.07
YBR176W,30.61
YBR177C,29.35
YBR178W,29.35
YBR179C,28.68
YBR180W,28.68
YBR181C,28.75
YBR182C,28.93
YBR182C-A,29.04
YBR183W,29.15
YBR184W,29.24
YBR185C,29.23
YBR186W,29.1
YBR187W,28.65
YBR188C,28.1
YBR189W,28.1
YBR190W,27.8
YBR191W,27.49
YBR191W-A,27.16
YBR192W,27.16
YBR193C,26.44
YBR194W,26.03
YBR195C,25.57
YBR196C,24.52
YBR196C-A,23.92
YBR196C-B,23.92
YBR197C,23.28
YBR198C,21.13
YBR199W,21.13
YBR200W,19.89
YBR200W-A,19.1
YBR201C-A,19.12
YBR201W,19.1
YBR202W,19.27
YBR203W,21.2
YBR204C,24.03
YBR205W,24.03
YBR206W,24.79
YBR207W,25.57
YBR208C,31.15
YBR209W,31.15
YBR210W,33.18
YBR211C,34.34
YBR212W,34.34
YBR213W,35.71
YBR214W,36.05
YBR215W,36.6
YBR216C,37.31
YBR217W,37.31
YBR218C,37.71
YBR219C,37.71
YBR220C,37.67
YBR221C,37.53
YBR221W-A,37.53
YBR222C,37.34
YBR223C,37.15
YBR223W-A,37.34
YBR224W,37.15
YBR225W,37.15
YBR226C,36.96
YBR227C,36.95
YBR228W,36.95
YBR229C,37.08
YBR230C,37.01
YBR230W-A,37.01
YBR231C,36.44
YBR232C,36.44
YBR233W,36.44
YBR233W-A,36.12
YBR234C,35.27
YBR235W,35.27
YBR236C,32.94
YBR237W,32.94
YBR238C,31.6
YBR239C,31.13
YBR240C,30.52
YBR241C,29.62
YBR242W,29.62
YBR243C,29.36
YBR244W,29.36
YBR245C,30.12
YBR246W,30.12
YBR247C,30.83
YBR248C,31.25
YBR249C,31.64
YBR250W,31.82
YBR251W,32.04
YBR252W,32.07
YBR253W,32.04
YBR254C,31.96
YBR255C-A,31.43
YBR255W,31.96
YBR256C,31.24
YBR257W,31.24
YBR258C,30.92
YBR259W,30.92
YBR260C,30.61
YBR261C,30.55
YBR262C,30.49
YBR263W,30.49
YBR264C,30.35
YBR265W,30.35
YBR266C,30.28
YBR267W,30.3
YBR268W,30.27
YBR269C,30.3
YBR270C,30.45
YBR271W,30.45
YBR272C,30.74
YBR273C,30.77
YBR274W,30.77
YBR275C,29.95
YBR276C,29.86
YBR277C,29.86
YBR278W,29.86
YBR279W,29.87
YBR280C,30.03
YBR281C,30.21
YBR282W,30.23
YBR283C,30.17
YBR284W,30.1
YBR285W,29.91
YBR286W,29.82
YBR287W,29.66
YBR288C,29.47
YBR289W,29.47
YBR290W,29.18
YBR291C,28.89
YBR292C,28.72
YBR293W,28.37
YBR294W,27.99
YBR295W,27.43
YBR296C,26.94
YBR296C-A,26.97
YBR297W,26.97
YBR298C,27.11
YBR298C-A,27.11
YBR299W,27.11
YBR300C,27.11
YBR301W,27.11
YBR302C,27.11
YCL001W,19.5
YCL001W-A,19.8
YCL001W-B,20.21
YCL002C,19.5
YCL003W,
YCL004W,19.5
YCL005W,19.8
YCL005W-A,20.21
YCL006C,
YCL007C,19.8
YCL008C,20.21
YCL009C,20.7
YCL010C,21.82
YCL011C,22.39
YCL012C,22.95
YCL012W,
YCL013W,
YCL014W,25.53
YCL016C,25.53
YCL017C,26.06
YCL018W,26.41
YCL019W,
YCL020W,
YCL021W,
YCL021W-A,24.1
YCL022C,22.58
YCL023C,20.05
YCL024W,20.05
YCL025C,19.23
YCL026C,
YCL026CA,
YCL026C-A,17.91
YCL026C-B,17.93
YCL027W,18.54
YCL028W,19.81
YCL029C,19.81
YCL030C,21.44
YCL031C,22.96
YCL032W,24.13
YCL033C,24.59
YCL034W,24.98
YCL035C,25.31
YCL036W,25.78
YCL037C,25.78
YCL038C,26.04
YCL039W,26.01
YCL040W,25.6
YCL041C,25.6
YCL042W,25.6
YCL043C,25.27
YCL044C,24.86
YCL045C,23.8
YCL046W,23.8
YCL047C,22.53
YCL048W,20.75
YCL048W-A,20.75
YCL049C,20.31
YCL050C,19.77
YCL051W,19.87
YCL052C,19.87
YCL053C,
YCL054W,21.55
YCL054W-A,22.18
YCL055W,24.21
YCL056C,24.87
YCL057C-A,26.69
YCL057W,26.11
YCL058C,26.69
YCL058W-A,26.69
YCL059C,26.69
YCL060C,
YCL061C,27.71
YCL062W,
YCL063W,29.56
YCL064C,29.56
YCL065W,30.7
YCL066W,31.08
YCL067C,31.08
YCL068C,31.45
YCL069W,32.14
YCL073C,32.69
YCL074W,
YCL075W,
YCL076W,33.22
YCR001W,21.17
YCR002C,22.03
YCR003W,22.38
YCR004C,22.68
YCR005C,23.17
YCR006C,23.35
YCR007C,23.43
YCR008W,23.09
YCR009C,22.54
YCR010C,22.43
YCR011C,23.02
YCR012W,23.34
YCR013C,23.64
YCR014C,24.14
YCR015C,24.35
YCR016W,24.75
YCR017C,25.41
YCR018C,25.46
YCR018C-A,25.29
YCR019W,25.18
YCR020C,24.97
YCR020CA,
YCR020C-A,24.97
YCR020WB,
YCR020W-B,24.97
YCR021C,24.73
YCR022C,24.6
YCR023C,24.23
YCR024C,24.16
YCR024CA,
YCR024C-A,24.14
YCR024C-B,24.14
YCR025C,24.18
YCR026C,24.48
YCR027C,25.13
YCR028C,27.49
YCR028CA,
YCR028C-A,27.98
YCR029C,
YCR029C-A,
YCR030C,29.44
YCR031C,29.91
YCR032W,30.73
YCR033W,31.65
YCR034W,30.54
YCR035C,29.91
YCR036W,29.91
YCR037C,29.01
YCR038C,28.79
YCR038W-A,28.82
YCR039C,28.79
YCR040W,28.79
YCR041W,28.79
YCR042C,28.81
YCR043C,28.75
YCR044C,28.65
YCR045C,28.26
YCR045W-A,28.49
YCR046C,27.94
YCR047C,27.53
YCR047W-A,27.94
YCR048W,27.53
YCR049C,27.53
YCR050C,26.57
YCR051W,26.57
YCR052W,26.07
YCR053W,25.14
YCR054C,24.24
YCR055C,
YCR056W,
YCR057C,24.49
YCR058C,
YCR059C,24.82
YCR060W,25.18
YCR061W,25.55
YCR062W,
YCR063W,26.2
YCR064C,26.5
YCR065W,26.5
YCR066W,27.27
YCR067C,28.54
YCR068W,29.0
YCR069W,29.92
YCR070W,
YCR071C,30.78
YCR072C,31.19
YCR073C,32.57
YCR073WA,
YCR073W-A,32.57
YCR074C,
YCR075C,32.79
YCR075W-A,32.79
YCR076C,32.87
YCR077C,33.0
YCR079W,33.0
YCR080W,
YCR081C-A,32.98
YCR081W,33.03
YCR082W,32.98
YCR083W,32.91
YCR084C,32.45
YCR085W,32.45
YCR086W,32.21
YCR087C-A,31.91
YCR087W,32.21
YCR088W,31.91
YCR089W,30.85
YCR090C,30.2
YCR091W,30.56
YCR092C,31.51
YCR093W,31.51
YCR094W,32.37
YCR095C,32.19
YCR095W-A,32.03
YCR096C,31.22
YCR097W,31.22
YCR097WA,
YCR097W-A,31.14
YCR097WB,
YCR098C,31.77
YCR099C,32.06
YCR100C,32.1
YCR101C,32.05
YCR102C,31.46
YCR102WA,
YCR102W-A,31.14
YCR103C,
YCR104W,30.79
YCR105W,30.79
YCR106W,30.79
YCR107W,30.79
YCR108C,30.79
YDL001W,22.26
YDL002C,22.26
YDL003W,22.29
YDL004W,22.01
YDL005C,22.01
YDL006W,21.52
YDL007C-A,21.38
YDL007W,21.37
YDL008W,21.59
YDL009C,21.68
YDL010W,21.68
YDL011C,21.68
YDL012C,21.75
YDL013W,21.92
YDL014W,22.0
YDL015C,22.12
YDL016C,22.27
YDL017W,22.66
YDL018C,22.66
YDL019C,23.12
YDL020C,23.49
YDL021W,22.99
YDL022C-A,22.09
YDL022W,22.56
YDL023C,22.56
YDL024C,22.09
YDL025C,21.75
YDL025W-A,21.82
YDL026W,21.99
YDL027C,21.99
YDL028C,22.24
YDL029W,24.06
YDL030W,25.4
YDL031W,28.2
YDL032W,28.2
YDL033C,28.2
YDL034W,29.36
YDL035C,29.36
YDL036C,30.84
YDL037C,32.14
YDL038C,
YDL039C,32.95
YDL040C,33.72
YDL041W,35.24
YDL042C,34.86
YDL043C,35.63
YDL044C,36.32
YDL045C,36.6
YDL045WA,
YDL045W-A,36.98
YDL046W,37.07
YDL047W,37.08
YDL048C,36.88
YDL049C,36.55
YDL050C,36.38
YDL051W,36.21
YDL052C,36.21
YDL053C,35.84
YDL054C,35.63
YDL055C,34.39
YDL056W,32.54
YDL057W,32.07
YDL058W,29.1
YDL059C,28.52
YDL060W,26.53
YDL061C,25.83
YDL062W,25.15
YDL063C,25.15
YDL064W,23.92
YDL065C,23.41
YDL066W,22.62
YDL067C,22.62
YDL068W,22.35
YDL069C,22.35
YDL070W,21.99
YDL071C,21.99
YDL072C,21.99
YDL073W,22.74
YDL074C,23.08
YDL075W,24.22
YDL076C,24.22
YDL077C,24.61
YDL078C,25.17
YDL079C,25.88
YDL080C,26.89
YDL081C,28.56
YDL082W,29.12
YDL083C,29.67
YDL084W,31.41
YDL085C-A,32.66
YDL085W,32.66
YDL086C-A,33.27
YDL086W,33.27
YDL087C,33.82
YDL088C,34.3
YDL089W,35.3
YDL090C,35.3
YDL091C,35.73
YDL092W,36.23
YDL093W,37.44
YDL094C,37.44
YDL095W,38.8
YDL096C,38.39
YDL097C,38.8
YDL098C,39.34
YDL099W,39.44
YDL100C,39.44
YDL101C,39.32
YDL102W,37.52
YDL103C,37.52
YDL104C,36.71
YDL105W,36.03
YDL106C,35.74
YDL107W,34.96
YDL108W,34.68
YDL109C,34.36
YDL110C,33.49
YDL111C,32.96
YDL112W,30.06
YDL113C,30.06
YDL114W,28.9
YDL114W-A,28.69
YDL115C,28.69
YDL116W,28.68
YDL117W,29.6
YDL118W,30.03
YDL119C,30.03
YDL120W,30.94
YDL121C,30.94
YDL122W,32.29
YDL123W,32.68
YDL124W,33.29
YDL125C,33.29
YDL126C,33.5
YDL127W,33.7
YDL128W,33.43
YDL129W,32.94
YDL130W,32.65
YDL130WA,
YDL130W-A,32.33
YDL131W,32.0
YDL132W,31.02
YDL133CA,
YDL133C-A,30.26
YDL133W,30.51
YDL134C,29.96
YDL134C-A,
YDL135C,29.21
YDL136W,28.76
YDL137W,27.66
YDL138W,26.35
YDL139C,25.36
YDL140C,25.21
YDL141W,28.49
YDL142C,28.49
YDL143W,29.74
YDL144C,29.74
YDL145C,30.47
YDL146W,32.41
YDL147W,33.16
YDL148C,33.16
YDL149W,35.3
YDL150W,35.59
YDL151C,35.59
YDL152W,35.84
YDL153C,35.84
YDL154W,36.65
YDL155W,37.07
YDL156W,37.54
YDL157C,37.54
YDL158C,37.77
YDL159C-B,37.97
YDL159W,37.97
YDL159W-A,38.14
YDL160C,38.14
YDL160C-A,38.3
YDL161W,38.19
YDL162C,38.19
YDL163W,38.01
YDL164C,38.01
YDL165W,36.95
YDL166C,36.95
YDL167C,36.46
YDL168W,34.93
YDL169C,34.5
YDL170W,33.86
YDL171C,33.64
YDL172C,32.22
YDL173W,31.79
YDL174C,31.79
YDL175C,30.79
YDL176W,28.99
YDL177C,28.99
YDL178W,28.33
YDL179W,28.02
YDL180W,27.01
YDL181W,26.62
YDL182W,26.23
YDL183C,25.53
YDL184C,25.25
YDL185C-A,24.7
YDL185W,24.7
YDL186W,24.7
YDL187C,24.7
YDL188C,24.75
YDL189W,25.22
YDL190C,25.22
YDL191W,26.68
YDL192W,27.13
YDL193W,28.07
YDL194W,29.57
YDL195W,31.62
YDL196W,31.62
YDL197C,31.62
YDL198C,31.99
YDL199C,32.08
YDL200C,31.99
YDL201W,31.85
YDL202W,31.66
YDL203C,31.43
YDL204W,30.6
YDL205C,30.32
YDL206W,29.57
YDL207W,29.59
YDL208W,29.59
YDL209C,29.69
YDL210W,30.15
YDL211C,30.58
YDL212W,30.79
YDL213C,30.88
YDL214C,30.99
YDL215C,31.4
YDL216C,32.01
YDL217C,32.45
YDL218W,32.82
YDL219W,33.1
YDL220C,33.1
YDL221W,33.19
YDL222C,33.19
YDL223C,33.08
YDL224C,31.68
YDL225W,29.4
YDL226C,28.84
YDL227C,27.44
YDL228C,27.51
YDL229W,28.08
YDL230W,28.5
YDL231C,28.96
YDL232W,30.12
YDL233W,30.54
YDL234C,30.54
YDL235C,30.86
YDL236W,30.94
YDL237W,31.08
YDL238C,31.08
YDL239C,31.23
YDL240C-A,31.64
YDL240W,31.64
YDL241W,31.77
YDL242W,31.9
YDL243C,31.9
YDL244W,31.9
YDL245C,31.9
YDL246C,31.9
YDL247W,31.9
YDL247W-A,31.9
YDL248W,31.9
YDR001C,21.69
YDR002W,21.69
YDR003W,21.59
YDR003W-A,21.52
YDR004W,21.52
YDR005C,21.36
YDR006C,21.27
YDR007W,21.27
YDR008C,21.28
YDR009W,21.32
YDR010C,21.45
YDR011W,21.45
YDR012W,22.11
YDR013W,22.16
YDR014W,22.18
YDR014W-A,22.18
YDR015C,22.18
YDR016C,22.18
YDR017C,22.29
YDR018C,22.54
YDR019C,22.99
YDR020C,23.29
YDR021W,23.29
YDR022C,23.95
YDR023W,24.28
YDR024W,24.6
YDR025W,24.89
YDR026C,25.32
YDR027C,25.32
YDR028C,24.46
YDR029W,24.46
YDR030C,23.62
YDR031W,23.14
YDR032C,22.64
YDR033W,21.51
YDR034C,22.27
YDR034CA,
YDR034C-A,28.02
YDR034C-C,
YDR034C-D,
YDR034WB,
YDR034W-B,28.37
YDR035W,28.37
YDR036C,29.11
YDR037W,29.21
YDR038C,28.43
YDR039C,26.55
YDR040C,25.12
YDR041W,24.76
YDR042C,24.38
YDR043C,23.13
YDR044W,21.49
YDR045C,20.24
YDR046C,19.03
YDR047W,18.54
YDR048C,17.97
YDR049W,18.17
YDR050C,18.3
YDR051C,18.67
YDR052C,20.23
YDR053W,19.66
YDR054C,21.28
YDR055W,21.69
YDR056C,22.32
YDR057W,22.32
YDR058C,23.11
YDR059C,23.37
YDR060W,23.64
YDR061W,24.44
YDR062W,25.38
YDR063W,26.18
YDR064W,26.63
YDR065W,27.12
YDR066C,28.21
YDR067C,28.82
YDR068W,28.82
YDR069C,31.49
YDR070C,32.13
YDR071C,32.75
YDR072C,33.88
YDR073W,34.38
YDR074W,34.84
YDR075W,35.95
YDR076W,36.37
YDR077W,36.46
YDR078C,36.21
YDR079C-A,35.97
YDR079W,36.21
YDR080W,35.97
YDR081C,33.88
YDR082W,33.64
YDR083W,33.44
YDR084C,33.16
YDR085C,32.97
YDR086C,32.86
YDR087C,32.5
YDR088C,32.21
YDR089W,31.42
YDR090C,29.49
YDR091C,28.72
YDR092W,28.71
YDR093W,28.78
YDR094W,29.38
YDR095C,29.42
YDR096W,29.42
YDR097C,29.53
YDR098C,29.63
YDR098C-A,
YDR098C-B,
YDR099W,31.43
YDR100W,32.37
YDR101C,34.05
YDR102C,34.05
YDR103W,34.68
YDR104C,37.26
YDR105C,37.81
YDR106W,37.81
YDR107C,38.62
YDR108W,38.62
YDR109C,38.75
YDR110W,38.75
YDR111C,37.8
YDR112W,37.8
YDR113C,36.93
YDR114C,36.93
YDR115W,36.93
YDR116C,35.79
YDR117C,34.38
YDR118W,34.38
YDR118W-A,32.89
YDR119W,32.89
YDR119W-A,31.13
YDR120C,30.3
YDR121W,29.97
YDR122W,29.69
YDR123C,28.72
YDR124W,28.64
YDR125C,28.62
YDR126W,28.62
YDR127W,28.79
YDR128W,29.65
YDR129C,32.01
YDR130C,32.73
YDR131C,34.17
YDR132C,35.25
YDR133C,35.62
YDR134C,
YDR135C,34.87
YDR136C,34.87
YDR137W,34.87
YDR138W,34.11
YDR139C,33.67
YDR140W,33.67
YDR141C,32.64
YDR142C,32.04
YDR143C,31.2
YDR144C,30.18
YDR145W,29.65
YDR146C,28.25
YDR147W,28.21
YDR148C,28.81
YDR149C,29.18
YDR150W,29.18
YDR151C,33.45
YDR152W,33.99
YDR153C,35.01
YDR154C,35.44
YDR155C,35.44
YDR156W,35.81
YDR157W,35.81
YDR158W,36.11
YDR159W,36.33
YDR160W,36.56
YDR161W,36.88
YDR162C,37.2
YDR163W,37.35
YDR164C,37.6
YDR165W,37.67
YDR166C,36.99
YDR167W,36.61
YDR168W,36.17
YDR169C,34.58
YDR169C-A,33.98
YDR170C,30.69
YDR170W-A,
YDR171W,31.29
YDR172W,32.19
YDR173C,33.27
YDR174W,33.27
YDR175C,33.58
YDR176W,33.64
YDR177W,33.75
YDR178W,33.86
YDR179C,34.04
YDR179WA,
YDR179W-A,34.29
YDR180W,35.11
YDR181C,39.03
YDR182W,39.03
YDR182W-A,39.52
YDR183C-A,40.25
YDR183W,39.92
YDR184C,40.5
YDR185C,40.66
YDR186C,40.63
YDR187C,40.53
YDR188W,40.53
YDR189W,40.33
YDR190C,40.0
YDR191W,39.85
YDR192C,39.42
YDR193W,39.42
YDR194C,38.48
YDR194W-A,38.48
YDR195W,38.15
YDR196C,37.59
YDR197W,37.59
YDR198C,36.93
YDR199W,36.93
YDR200C,36.39
YDR201W,36.04
YDR202C,35.63
YDR203W,35.63
YDR204W,35.63
YDR205W,34.63
YDR206W,33.44
YDR207C,29.1
YDR208W,29.1
YDR209C,26.02
YDR210C-C,
YDR210C-D,
YDR210W,26.69
YDR210W-A,
YDR210W-B,
YDR211W,25.07
YDR212W,25.58
YDR213W,26.12
YDR214W,26.08
YDR215C,25.52
YDR216W,25.52
YDR217C,20.61
YDR218C,20.12
YDR219C,19.27
YDR220C,18.9
YDR221W,18.9
YDR222W,18.3
YDR223W,17.9
YDR224C,17.85
YDR225W,18.02
YDR226W,18.3
YDR227W,18.67
YDR228C,22.04
YDR229W,22.55
YDR230W,23.0
YDR231C,23.42
YDR232W,23.81
YDR233C,25.07
YDR234W,25.07
YDR235W,26.99
YDR236C,28.61
YDR237W,29.44
YDR238C,32.51
YDR239C,34.22
YDR240C,34.69
YDR241W,34.69
YDR242W,35.51
YDR243C,36.35
YDR244W,36.51
YDR245W,36.75
YDR246W,36.89
YDR246W-A,37.08
YDR247W,37.33
YDR248C,38.47
YDR249C,38.94
YDR250C,39.41
YDR251W,39.41
YDR252W,40.42
YDR253C,40.54
YDR254W,40.54
YDR255C,40.29
YDR256C,39.83
YDR257C,39.38
YDR258C,39.05
YDR259C,38.78
YDR260C,38.6
YDR261C,38.07
YDR261C-C,
YDR261C-D,
YDR261W-A,
YDR261W-B,
YDR262W,31.62
YDR263C,29.91
YDR264C,28.47
YDR265W,28.47
YDR266C,27.55
YDR267C,26.97
YDR268W,26.97
YDR269C,26.23
YDR270W,26.23
YDR271C,24.67
YDR272W,24.67
YDR273W,24.09
YDR274C,22.97
YDR275W,22.97
YDR276C,22.04
YDR277C,21.41
YDR278C,21.23
YDR279W,21.62
YDR280W,21.96
YDR281C,22.75
YDR282C,23.66
YDR283C,26.5
YDR284C,27.25
YDR285W,27.51
YDR286C,28.08
YDR287W,28.08
YDR288W,28.19
YDR289C,28.3
YDR290W,28.3
YDR291W,28.3
YDR292C,27.8
YDR293C,27.02
YDR294C,26.46
YDR295C,25.35
YDR296W,25.35
YDR297W,24.76
YDR298C,24.46
YDR299W,24.42
YDR300C,24.84
YDR301W,25.15
YDR302W,27.06
YDR303C,29.52
YDR304C,30.12
YDR305C,30.68
YDR306C,31.17
YDR307W,31.59
YDR308C,32.47
YDR309C,32.68
YDR310C,33.2
YDR311W,33.2
YDR312W,33.11
YDR313C,32.84
YDR314C,32.23
YDR315C,31.98
YDR316W,31.98
YDR316W-A,
YDR316W-B,
YDR317W,30.06
YDR318W,29.62
YDR319C,29.19
YDR320C,28.8
YDR320C-A,28.63
YDR320W-B,28.63
YDR321W,28.63
YDR322CA,
YDR322C-A,28.48
YDR322W,28.43
YDR323C,28.61
YDR324C,29.38
YDR325W,29.38
YDR326C,32.12
YDR327W,32.26
YDR328C,32.26
YDR329C,32.31
YDR330W,32.31
YDR331W,32.03
YDR332W,31.78
YDR333C,29.96
YDR334W,29.96
YDR335W,27.59
YDR336W,25.27
YDR337W,23.95
YDR338C,21.97
YDR339C,21.34
YDR340W,21.34
YDR341C,19.57
YDR342C,18.52
YDR343C,17.03
YDR344C,17.09
YDR345C,17.49
YDR346C,19.51
YDR347W,19.51
YDR348C,21.12
YDR349C,21.96
YDR350C,22.93
YDR351W,23.23
YDR352W,24.74
YDR353W,26.13
YDR354C-A,26.9
YDR354W,26.9
YDR355C,28.54
YDR356W,27.71
YDR357C,30.74
YDR358W,30.74
YDR359C,33.02
YDR360W,33.02
YDR361C,33.3
YDR362C,33.96
YDR363W,33.96
YDR363WA,
YDR363W-A,34.66
YDR364C,35.12
YDR365C,35.72
YDR365W-B,
YDR366C,35.96
YDR367W,35.96
YDR368W,35.87
YDR369C,35.1
YDR370C,34.77
YDR371C-A,34.41
YDR371W,34.41
YDR372C,33.68
YDR373W,33.35
YDR374C,32.75
YDR374W-A,32.75
YDR375C,32.27
YDR376W,32.27
YDR377W,31.91
YDR378C,31.76
YDR379C-A,30.96
YDR379W,31.76
YDR380W,30.96
YDR381C-A,29.26
YDR381W,29.94
YDR382W,28.97
YDR383C,28.71
YDR384C,28.5
YDR385W,28.37
YDR386W,28.7
YDR387C,30.24
YDR388W,30.24
YDR389W,31.38
YDR390C,32.36
YDR391C,32.5
YDR392W,32.6
YDR393W,32.68
YDR394W,32.78
YDR395W,32.75
YDR396W,32.41
YDR397C,32.41
YDR398W,32.21
YDR399W,31.66
YDR400W,31.31
YDR401W,30.92
YDR402C,30.09
YDR403W,29.7
YDR404C,29.09
YDR405W,28.88
YDR406W,28.76
YDR406W-A,29.13
YDR407C,29.58
YDR408C,29.61
YDR409W,29.57
YDR410C,29.13
YDR411C,28.63
YDR412W,28.63
YDR413C,28.32
YDR414C,28.0
YDR415C,27.68
YDR416W,27.39
YDR417C,27.0
YDR418W,27.0
YDR419W,27.04
YDR420W,27.43
YDR421W,28.14
YDR422C,29.67
YDR423C,30.11
YDR424C,30.56
YDR425W,30.56
YDR426C,31.39
YDR427W,31.39
YDR428C,32.07
YDR429C,32.52
YDR430C,32.57
YDR431W,32.57
YDR432W,32.57
YDR433W,32.42
YDR434W,32.21
YDR435C,31.25
YDR436W,30.86
YDR437W,29.58
YDR438W,29.58
YDR439W,28.69
YDR440W,27.39
YDR441C,26.66
YDR442W,26.35
YDR443C,25.28
YDR444W,25.28
YDR445C,24.69
YDR446W,24.59
YDR447C,24.67
YDR448W,24.67
YDR449C,25.67
YDR450W,26.17
YDR451C,27.25
YDR452W,27.76
YDR453C,29.04
YDR454C,29.38
YDR455C,29.7
YDR456W,29.7
YDR457W,30.27
YDR458C,29.26
YDR459C,28.89
YDR460W,28.89
YDR461C-A,28.85
YDR461W,28.84
YDR462W,28.85
YDR463W,28.93
YDR464C-A,30.16
YDR464W,29.24
YDR465C,30.47
YDR466W,30.47
YDR467C,30.63
YDR468C,30.62
YDR469W,30.62
YDR470C,30.5
YDR471W,30.41
YDR472W,30.2
YDR473C,30.04
YDR474C,
YDR475C,30.33
YDR476C,30.57
YDR477W,31.23
YDR478W,32.06
YDR479C,32.91
YDR480W,33.29
YDR481C,33.88
YDR482C,34.06
YDR483W,34.06
YDR484W,34.22
YDR485C,33.98
YDR486C,33.86
YDR487C,33.71
YDR488C,33.32
YDR489W,33.32
YDR490C,32.3
YDR491C,31.86
YDR492W,31.86
YDR493W,31.39
YDR494W,30.94
YDR495C,29.56
YDR496C,29.33
YDR497C,29.32
YDR498C,29.27
YDR499W,29.15
YDR500C,28.34
YDR501W,27.96
YDR502C,26.86
YDR503C,26.56
YDR504C,26.32
YDR505C,26.0
YDR506C,25.99
YDR507C,26.8
YDR508C,27.7
YDR509W,27.4
YDR510C-A,28.0
YDR510W,28.0
YDR511W,28.0
YDR512C,28.31
YDR513W,28.31
YDR514C,28.91
YDR515W,29.18
YDR516C,29.64
YDR517W,29.64
YDR518W,29.67
YDR519W,29.58
YDR520C,29.22
YDR521W,29.37
YDR522C,28.89
YDR523C,28.77
YDR524C,28.64
YDR524C-A,28.63
YDR524C-B,28.63
YDR524W-C,28.63
YDR525W,28.63
YDR525WA,
YDR525W-A,28.65
YDR526C,28.69
YDR527W,28.65
YDR528W,28.8
YDR529C,28.74
YDR530C,28.7
YDR531W,28.7
YDR532C,28.77
YDR533C,28.88
YDR534C,29.5
YDR535C,30.24
YDR536W,30.24
YDR537C,30.7
YDR538W,30.63
YDR539W,30.7
YDR540C,30.82
YDR541C,30.85
YDR542W,30.85
YDR543C,30.85
YDR544C,30.85
YDR545C-A,30.85
YDR545W,30.85
YEL001C,22.5
YEL002C,22.44
YEL003W,22.47
YEL004W,22.53
YEL005C,22.61
YEL006W,22.78
YEL007W,22.87
YEL008C-A,22.93
YEL008W,22.93
YEL009C,23.02
YEL009C-A,23.73
YEL010W,23.73
YEL011W,25.07
YEL012W,26.12
YEL013W,27.42
YEL014C,27.42
YEL015W,27.97
YEL016C,27.97
YEL017CA,
YEL017C-A,28.44
YEL017W,28.44
YEL018C-A,28.52
YEL018W,28.59
YEL019C,28.59
YEL020C,28.63
YEL020C-B,28.64
YEL020WA,
YEL020W-A,28.64
YEL021W,28.58
YEL022W,27.26
YEL023C,26.76
YEL024W,24.97
YEL025C,24.32
YEL026W,22.04
YEL027W,21.22
YEL028W,20.51
YEL029C,20.19
YEL030C-A,19.67
YEL030W,19.56
YEL031W,21.06
YEL032C-A,23.38
YEL032W,23.38
YEL033W,24.09
YEL034C-A,24.09
YEL034W,24.71
YEL035C,24.71
YEL036C,25.22
YEL037C,25.82
YEL038W,26.03
YEL039C,26.03
YEL040W,26.07
YEL041W,26.03
YEL042W,25.74
YEL043W,24.91
YEL044W,24.52
YEL045C,24.52
YEL046C,24.1
YEL047C,23.17
YEL048C,22.67
YEL049W,21.64
YEL050C,20.45
YEL050W-A,20.25
YEL051W,20.17
YEL052W,20.39
YEL053C,20.39
YEL053W-A,21.6
YEL054C,21.6
YEL055C,22.84
YEL056W,25.53
YEL057C,26.57
YEL058W,27.37
YEL059CA,
YEL059C-A,27.69
YEL059W,27.69
YEL060C,27.69
YEL061C,28.39
YEL062W,29.65
YEL063C,30.02
YEL064C,30.82
YEL065W,31.98
YEL066W,32.12
YEL067C,32.12
YEL068C,32.12
YEL069C,32.04
YEL070W,30.7
YEL071W,29.81
YEL072W,29.14
YEL073C,28.68
YEL074W,28.68
YEL075C,28.68
YEL075W-A,28.68
YEL076C,28.68
YEL076C-A,28.68
YEL076W-C,
YEL077C,28.68
YEL077W-A,28.68
YER001W,22.86
YER002W,23.61
YER003C,23.94
YER004W,23.94
YER005W,23.9
YER006C-A,22.89
YER006W,23.54
YER007CA,
YER007C-A,22.13
YER007W,22.89
YER008C,20.28
YER009W,20.04
YER010C,19.88
YER011W,19.85
YER012W,20.17
YER013W,20.47
YER014C-A,23.4
YER014W,22.34
YER015W,23.4
YER016W,25.5
YER017C,26.99
YER018C,27.41
YER019CA,
YER019C-A,28.06
YER019W,27.41
YER020W,28.3
YER021W,28.65
YER022W,28.77
YER023C-A,29.02
YER023W,29.02
YER024W,29.05
YER025W,28.8
YER026C,28.09
YER027C,27.84
YER028C,27.89
YER029C,28.34
YER030W,28.34
YER031C,28.76
YER032W,29.3
YER033C,32.72
YER034W,32.72
YER035W,32.97
YER036C,33.46
YER037W,33.6
YER038C,33.91
YER038W-A,33.91
YER039C,34.11
YER039CA,
YER039C-A,34.11
YER040W,34.11
YER041W,35.12
YER042W,36.54
YER043C,37.34
YER044C,37.64
YER044CA,
YER044C-A,37.87
YER045C,38.05
YER046W,37.83
YER046W-A,37.83
YER047C,36.83
YER048C,36.01
YER048WA,
YER048W-A,35.29
YER049W,34.99
YER050C,34.25
YER051W,34.25
YER052C,33.38
YER053C,33.13
YER053C-A,32.59
YER054C,32.08
YER055C,31.65
YER056C,31.08
YER056CA,
YER056C-A,30.57
YER057C,30.26
YER058W,30.26
YER059W,29.9
YER060W,29.0
YER060w-A,
YER060W-A,27.84
YER061C,25.77
YER062C,25.1
YER063W,24.48
YER064C,23.08
YER065C,22.56
YER066C-A,23.29
YER066W,22.85
YER067C-A,23.29
YER067W,23.29
YER068C-A,24.18
YER068W,23.56
YER069W,24.18
YER070W,25.44
YER071C,26.1
YER072W,26.1
YER073W,26.42
YER074W,26.66
YER074W-A,26.75
YER075C,26.86
YER076C,26.88
YER076W-A,26.88
YER077C,27.02
YER078C,27.22
YER078W-A,27.22
YER079C-A,27.47
YER079W,27.34
YER080W,27.47
YER081W,27.73
YER082C,28.28
YER083C,28.44
YER084W,28.44
YER084W-A,28.44
YER085C,28.62
YER086W,28.62
YER087C-A,29.23
YER087C-B,29.23
YER087W,28.97
YER088C,29.2
YER088C-A,29.01
YER088W-B,29.01
YER089C,28.71
YER090C-A,28.3
YER090W,28.3
YER091C,25.8
YER091C-A,25.8
YER092W,25.8
YER093C,21.9
YER093CA,
YER093C-A,21.26
YER094C,20.72
YER095W,20.3
YER096W,19.98
YER097W,19.89
YER098W,19.89
YER099C,21.09
YER100W,21.09
YER101C,22.0
YER102W,22.52
YER103W,23.62
YER104W,24.65
YER105C,27.13
YER106W,27.13
YER107C,27.84
YER107W-A,27.84
YER108C,
YER109C,
YER110C,30.08
YER111C,30.25
YER112W,30.18
YER113C,29.92
YER114C,29.57
YER115C,29.43
YER116C,29.02
YER117W,29.02
YER118C,28.03
YER119C,27.62
YER119CA,
YER119C-A,27.19
YER120W,27.19
YER121W,26.74
YER122C,25.83
YER123W,25.83
YER124C,24.59
YER125W,24.65
YER126C,25.47
YER127W,25.47
YER128W,25.82
YER129W,26.68
YER130C,28.14
YER131W,28.13
YER132C,25.05
YER133W,23.48
YER133W-A,20.67
YER134C,20.67
YER135C,20.58
YER136W,20.67
YER137C,21.19
YER137W-A,21.19
YER138C,
YER138WA,
YER138W-A,26.05
YER139C,27.43
YER140W,27.43
YER141W,28.73
YER142C,30.64
YER143W,30.64
YER144C,33.16
YER145C,33.71
YER145C-A,34.18
YER146W,34.18
YER147C,34.9
YER147C-A,35.14
YER148W,35.14
YER148W-A,35.3
YER149C,35.39
YER150W,35.39
YER151C,34.55
YER152C,33.77
YER152W-A,34.18
YER153C,33.77
YER154W,33.36
YER155C,30.52
YER156C,29.49
YER157W,29.49
YER158C,26.31
YER158W-A,25.96
YER159C,25.67
YER160C,
YER161C,24.5
YER162C,24.45
YER163C,24.45
YER164W,24.69
YER165C-A,27.11
YER165W,26.17
YER166W,26.8
YER167W,28.86
YER168C,30.43
YER169W,30.8
YER170W,31.64
YER171W,31.79
YER172C,30.68
YER172C-A,30.68
YER173W,30.68
YER174C,30.26
YER175C,30.16
YER175W-A,30.16
YER176W,30.08
YER177W,29.34
YER178W,29.05
YER179W,28.49
YER180C,28.01
YER180C-A,27.83
YER181C,27.83
YER182W,27.68
YER183C,27.49
YER184C,27.11
YER185W,26.96
YER186C,26.61
YER187W,26.63
YER188C-A,26.63
YER188W,26.63
YER189W,26.63
YER190C-A,26.63
YER190C-B,26.63
YER190W,26.63
YFL001W,25.36
YFL002C,25.36
YFL002W-A,
YFL002W-B,
YFL003C,20.52
YFL004W,21.19
YFL005W,21.92
YFL006W,
YFL007W,22.24
YFL008W,22.05
YFL009W,23.29
YFL010C,23.29
YFL010W-A,23.74
YFL011W,25.17
YFL011W-A,
YFL012W,25.63
YFL012W-A,26.09
YFL013C,26.09
YFL013W-A,27.02
YFL014W,27.49
YFL015C,27.49
YFL015W-A,27.49
YFL016C,27.97
YFL017C,28.45
YFL017WA,
YFL017W-A,28.93
YFL018C,29.41
YFL018W-A,
YFL019C,30.34
YFL020C,30.79
YFL021C-A,32.01
YFL021W,32.36
YFL022C,32.67
YFL023W,33.42
YFL024C,33.44
YFL025C,33.11
YFL026W,32.27
YFL027C,32.05
YFL028C,31.64
YFL029C,31.44
YFL030W,31.02
YFL031C-A,30.8
YFL031W,30.58
YFL032W,30.58
YFL033C,30.58
YFL034CA,
YFL034C-A,30.92
YFL034CB,
YFL034C-B,31.19
YFL034W,30.66
YFL035C,
YFL035C-A,
YFL035C-B,
YFL036W,32.21
YFL037W,32.64
YFL038C,32.64
YFL039C,32.8
YFL040W,33.5
YFL041W,33.73
YFL041W-A,33.73
YFL042C,33.74
YFL043C,
YFL044C,33.57
YFL045C,33.4
YFL046W,32.99
YFL047W,32.57
YFL048C,32.39
YFL049W,32.08
YFL050C,32.07
YFL051C,32.46
YFL052W,32.74
YFL053W,32.96
YFL054C,32.94
YFL055W,32.55
YFL056C,
YFL057C,
YFL058W,32.29
YFL059W,32.24
YFL060C,32.19
YFL061W,32.16
YFL062W,32.1
YFL063W,32.1
YFL064C,32.1
YFL065C,32.1
YFL066C,32.1
YFL067W,32.1
YFL068W,32.1
YFL-TYA,
YFL-TYB,
YFR001W,25.64
YFR002W,25.63
YFR003C,25.12
YFR004W,24.84
YFR005C,24.23
YFR006W,24.23
YFR007W,23.3
YFR008W,22.71
YFR009W,22.08
YFR009W-A,21.76
YFR010W,21.44
YFR010W-A,20.9
YFR011C,20.9
YFR012W,20.74
YFR012W-A,20.69
YFR013W,20.75
YFR014C,21.9
YFR015C,23.33
YFR016C,25.05
YFR017C,25.38
YFR018C,25.41
YFR019W,25.33
YFR020W,21.95
YFR021W,21.05
YFR022W,20.54
YFR023W,20.52
YFR024C,
YFR024CA,
YFR024C-A,21.43
YFR025C,21.81
YFR026C,22.24
YFR027W,23.22
YFR028C,24.24
YFR029W,24.72
YFR030W,25.58
YFR031C,27.84
YFR031CA,
YFR031C-A,28.63
YFR032C,29.08
YFR032CA,
YFR032C-A,29.54
YFR032C-B,29.54
YFR033C,30.01
YFR034C,30.49
YFR034W-A,30.49
YFR035C,30.96
YFR036W,30.96
YFR036W-A,31.42
YFR037C,31.86
YFR038W,32.26
YFR039C,33.32
YFR040W,33.32
YFR041C,33.91
YFR042W,34.01
YFR043C,34.09
YFR044C,34.17
YFR045W,34.17
YFR046C,34.09
YFR047C,33.97
YFR048W,33.8
YFR049W,33.06
YFR050C,32.81
YFR051C,32.38
YFR052C-A,32.05
YFR052W,32.2
YFR053C,31.93
YFR054C,31.91
YFR055W,32.41
YFR056C,32.41
YFR057W,32.61
YGL001C,22.92
YGL002W,22.62
YGL003C,22.62
YGL004C,21.59
YGL005C,21.18
YGL006W,19.64
YGL006W-A,19.64
YGL007C-A,19.7
YGL007W,19.56
YGL008C,19.7
YGL009C,21.53
YGL010W,23.49
YGL011C,23.49
YGL012W,25.48
YGL013C,25.48
YGL014C-A,28.31
YGL014W,28.61
YGL015C,28.61
YGL016W,29.72
YGL017W,30.26
YGL018C,30.26
YGL019W,30.53
YGL020C,30.78
YGL021W,31.52
YGL022W,31.92
YGL023C,32.04
YGL024W,32.05
YGL025C,32.05
YGL026C,31.94
YGL027C,31.11
YGL028C,29.7
YGL029W,28.36
YGL030W,27.98
YGL031C,27.98
YGL032C,27.29
YGL033W,26.98
YGL034C,26.38
YGL035C,26.08
YGL036W,24.91
YGL037C,24.66
YGL038C,24.44
YGL039W,23.95
YGL040C,23.55
YGL041C,23.42
YGL041C-B,23.32
YGL041W-A,23.32
YGL042C,23.32
YGL043W,23.25
YGL044C,23.23
YGL045W,23.47
YGL046W,
YGL047W,24.02
YGL048C,24.02
YGL049C,24.82
YGL050W,26.28
YGL051W,26.65
YGL052W,26.65
YGL053W,26.73
YGL054C,26.72
YGL055W,26.07
YGL056C,25.67
YGL057C,24.86
YGL058W,24.34
YGL059W,24.2
YGL060W,24.3
YGL061C,24.3
YGL062W,25.48
YGL063C-A,25.82
YGL063W,26.16
YGL064C,26.16
YGL065C,26.83
YGL066W,28.26
YGL067W,28.94
YGL068W,29.24
YGL069C,28.94
YGL070C,29.24
YGL071W,29.83
YGL072C,29.83
YGL073W,29.86
YGL074C,29.86
YGL075C,29.8
YGL076C,29.67
YGL077C,29.59
YGL078C,29.6
YGL079W,29.6
YGL080W,29.56
YGL081W,29.48
YGL082W,29.14
YGL083W,28.35
YGL084C,28.35
YGL085W,28.3
YGL086W,29.3
YGL087C,29.3
YGL088W,29.74
YGL089C,29.74
YGL090W,30.74
YGL091C,31.26
YGL092W,33.27
YGL093W,33.82
YGL094C,33.82
YGL095C,34.35
YGL096W,35.35
YGL097W,34.82
YGL098W,33.29
YGL099W,32.26
YGL100W,32.01
YGL101W,31.79
YGL102C,31.62
YGL103W,31.47
YGL104C,31.47
YGL105W,31.08
YGL106W,30.91
YGL107C,30.91
YGL108C,30.03
YGL109W,30.03
YGL110C,30.03
YGL111W,27.89
YGL112C,27.89
YGL113W,25.06
YGL114W,23.58
YGL115W,22.26
YGL116W,21.25
YGL117W,20.89
YGL118C,20.89
YGL119W,20.67
YGL120C,20.93
YGL121C,21.72
YGL122C,22.21
YGL123C-A,23.89
YGL123W,23.89
YGL124C,24.51
YGL125W,26.86
YGL126W,27.76
YGL127C,27.76
YGL128C,28.13
YGL129C,28.45
YGL130W,29.29
YGL131C,29.29
YGL132W,30.73
YGL133W,32.37
YGL134W,32.97
YGL135W,33.17
YGL136C,33.32
YGL137W,33.49
YGL138C,33.49
YGL139W,33.68
YGL140C,33.73
YGL141W,33.74
YGL142C,33.67
YGL143C,33.47
YGL144C,33.32
YGL145W,32.41
YGL146C,32.12
YGL147C,31.83
YGL148W,31.27
YGL149W,31.0
YGL150C,31.0
YGL151W,28.03
YGL152C,28.03
YGL153W,27.43
YGL154C,26.81
YGL155W,25.54
YGL156W,23.75
YGL157W,22.88
YGL158W,22.31
YGL159W,21.91
YGL160W,22.05
YGL161C,22.22
YGL162W,22.81
YGL163C,23.22
YGL164C,24.61
YGL165C,25.4
YGL166W,25.75
YGL167C,25.75
YGL168W,26.68
YGL169W,27.28
YGL170C,27.28
YGL171W,28.1
YGL172W,28.41
YGL173C,28.46
YGL174W,27.89
YGL175C,27.89
YGL176C,27.43
YGL177W,25.48
YGL178W,25.48
YGL179C,24.18
YGL180W,24.37
YGL181W,24.94
YGL182C,24.94
YGL183C,24.94
YGL184C,25.38
YGL185C,25.52
YGL186C,25.81
YGL187C,26.36
YGL188C,26.77
YGL188C-A,27.25
YGL189C,27.25
YGL190C,27.8
YGL191W,29.63
YGL192W,30.67
YGL193C,30.67
YGL194C,31.08
YGL194C-A,31.74
YGL195W,33.01
YGL196W,32.8
YGL197W,31.42
YGL198W,31.09
YGL199C,31.09
YGL200C,31.09
YGL201C,30.06
YGL202W,28.38
YGL203C,28.21
YGL204C,28.3
YGL205W,29.07
YGL206C,29.42
YGL207W,32.66
YGL208W,32.99
YGL209W,33.58
YGL210W,34.03
YGL211W,34.22
YGL212W,34.37
YGL213C,34.37
YGL214W,34.59
YGL215W,34.65
YGL216W,34.28
YGL217C,34.46
YGL218W,34.04
YGL219C,34.28
YGL220W,33.76
YGL221C,33.76
YGL222C,33.44
YGL223C,33.07
YGL224C,32.24
YGL225W,31.31
YGL226CA,
YGL226C-A,29.9
YGL226W,29.9
YGL227W,27.8
YGL228W,26.5
YGL229C,25.95
YGL230C,25.33
YGL231C,25.27
YGL232W,25.55
YGL233W,27.11
YGL234W,28.6
YGL235W,29.19
YGL236C,29.19
YGL237C,30.01
YGL238W,30.9
YGL239C,30.9
YGL240W,31.03
YGL241W,31.35
YGL242C,31.35
YGL243W,31.47
YGL244W,31.47
YGL245W,31.23
YGL246C,31.23
YGL247W,30.97
YGL248W,30.81
YGL249W,30.3
YGL250W,30.13
YGL251C,30.13
YGL252C,29.82
YGL253W,29.83
YGL254W,29.84
YGL255W,29.86
YGL256W,29.88
YGL257C,29.81
YGL258W,29.12
YGL258W-A,28.91
YGL259W,28.91
YGL260W,28.91
YGL261C,28.91
YGL262W,28.91
YGL263W,28.91
YGR001C,22.92
YGR002C,22.6
YGR003W,22.6
YGR004W,21.47
YGR005C,20.36
YGR006W,20.36
YGR007W,20.11
YGR008C,19.87
YGR009C,20.02
YGR010W,20.24
YGR011W,20.54
YGR012W,20.92
YGR013W,21.36
YGR014W,22.42
YGR015C,25.47
YGR016W,26.12
YGR017W,26.77
YGR018C,27.44
YGR019W,28.1
YGR020C,29.36
YGR021W,29.36
YGR022C,30.35
YGR023W,30.35
YGR024C,31.34
YGR025W,31.34
YGR026W,31.34
YGR027C,31.81
YGR027W-A,
YGR027W-B,
YGR028W,32.52
YGR029W,32.36
YGR030C,31.62
YGR031C-A,31.29
YGR031W,31.62
YGR032W,30.93
YGR033C,28.41
YGR034W,27.93
YGR035C,26.86
YGR035W-A,26.86
YGR036C,26.27
YGR037C,25.69
YGR038C-A,
YGR038C-B,
YGR038W,25.16
YGR039W,21.34
YGR040W,21.52
YGR041W,22.04
YGR042W,22.71
YGR043C,23.44
YGR044C,24.27
YGR045C,24.74
YGR046W,24.74
YGR047C,28.01
YGR048W,28.01
YGR049W,29.43
YGR050C,30.07
YGR051C,30.66
YGR052W,30.66
YGR053C,31.68
YGR054W,32.1
YGR055W,32.98
YGR056W,33.42
YGR057C,34.32
YGR058W,34.32
YGR059W,34.75
YGR060W,35.34
YGR061C,35.78
YGR062C,35.7
YGR063C,35.7
YGR064W,35.7
YGR065C,35.52
YGR066C,35.23
YGR067C,34.6
YGR068C,34.11
YGR068W-A,34.11
YGR069W,34.11
YGR070W,33.88
YGR071C,32.85
YGR072W,32.59
YGR073C,32.28
YGR074W,32.28
YGR075C,31.9
YGR076C,31.44
YGR077C,30.32
YGR078C,29.7
YGR079W,29.7
YGR080W,29.09
YGR081C,28.07
YGR082W,28.07
YGR083C,27.12
YGR084C,26.89
YGR085C,26.66
YGR086C,26.16
YGR087C,25.5
YGR088W,24.62
YGR089W,23.73
YGR090W,23.22
YGR091W,24.75
YGR092W,25.95
YGR093W,27.26
YGR094W,28.55
YGR095C,30.58
YGR096W,30.58
YGR097W,31.06
YGR098C,32.34
YGR099W,32.34
YGR100W,32.34
YGR101W,31.55
YGR102C,31.13
YGR103W,30.66
YGR104C,28.89
YGR105W,28.89
YGR106C,28.2
YGR107W,25.97
YGR108W,25.3
YGR109C,24.1
YGR109W-A,
YGR109W-B,
YGR110W,22.61
YGR111W,22.09
YGR112W,22.02
YGR113W,22.17
YGR114C,22.78
YGR115C,23.21
YGR116W,22.78
YGR117C,26.23
YGR118W,26.23
YGR119C,28.45
YGR120C,29.23
YGR121C,30.78
YGR121W-A,31.53
YGR122C-A,32.92
YGR122W,31.53
YGR123C,34.64
YGR124W,35.08
YGR125W,35.84
YGR126W,35.74
YGR127W,35.53
YGR128C,34.41
YGR129W,33.88
YGR130C,32.05
YGR131W,31.42
YGR132C,30.19
YGR133W,30.19
YGR134W,29.6
YGR135W,27.39
YGR136W,26.84
YGR137W,26.84
YGR138C,25.1
YGR139W,25.1
YGR140W,23.77
YGR141W,21.93
YGR142W,21.15
YGR143W,20.7
YGR144W,22.05
YGR145W,22.57
YGR146C,24.17
YGR146C-A,24.68
YGR147C,25.16
YGR148C,26.03
YGR149W,26.03
YGR150C,27.12
YGR151C,27.45
YGR152C,27.61
YGR153W,27.61
YGR154C,27.93
YGR155W,28.08
YGR156W,28.31
YGR157W,28.37
YGR158C,27.87
YGR159C,27.06
YGR160W,27.52
YGR161C,26.12
YGR161C-D,
YGR161W-A,
YGR161W-B,
YGR161W-C,25.74
YGR162W,23.42
YGR163W,21.84
YGR164W,21.31
YGR165W,21.31
YGR166W,20.32
YGR167W,19.77
YGR168C,19.79
YGR169C,20.0
YGR169C-A,20.32
YGR170W,20.32
YGR171C,23.21
YGR172C,23.71
YGR173W,23.71
YGR174C,25.33
YGR174W-A,25.33
YGR175C,26.47
YGR176W,26.47
YGR177C,27.53
YGR178C,28.59
YGR179C,28.77
YGR180C,28.96
YGR181W,29.03
YGR182C,29.03
YGR183C,29.03
YGR184C,28.43
YGR185C,27.89
YGR186W,27.89
YGR187C,26.46
YGR188C,25.25
YGR189C,23.62
YGR190C,22.68
YGR191W,22.68
YGR192C,20.84
YGR193C,19.29
YGR194C,17.84
YGR195W,17.31
YGR196C,17.24
YGR197C,17.78
YGR198W,18.52
YGR199W,21.15
YGR200C,24.43
YGR201C,24.89
YGR202C,25.31
YGR203W,25.69
YGR204C-A,27.2
YGR204W,25.69
YGR205W,27.2
YGR206W,27.61
YGR207C,28.02
YGR208W,28.02
YGR209C,28.82
YGR210C,29.2
YGR211W,29.55
YGR212W,29.89
YGR213C,30.85
YGR214W,31.17
YGR215W,31.77
YGR216C,32.33
YGR217W,32.33
YGR218W,34.74
YGR219W,36.11
YGR220C,36.53
YGR221C,37.21
YGR222W,37.46
YGR223C,37.86
YGR224W,37.86
YGR225W,37.94
YGR226C,37.94
YGR227W,37.89
YGR228W,37.66
YGR229C,37.48
YGR230W,37.26
YGR231C,36.73
YGR232W,36.73
YGR233C,35.31
YGR234W,34.96
YGR235C,34.13
YGR236C,33.65
YGR237C,32.07
YGR238C,30.55
YGR239C,30.09
YGR240C,28.32
YGR240C-A,27.94
YGR241C,27.34
YGR242W,27.34
YGR243W,27.14
YGR244C,27.02
YGR245C,27.42
YGR246C,28.72
YGR247W,28.72
YGR248W,29.22
YGR249W,30.24
YGR250C,31.3
YGR251W,30.53
YGR252W,30.03
YGR253C,28.94
YGR254W,28.16
YGR255C,28.26
YGR256W,28.53
YGR257C,29.52
YGR258C,30.5
YGR259C,31.23
YGR260W,31.23
YGR261C,33.33
YGR262C,33.99
YGR263C,35.29
YGR264C,36.39
YGR265W,36.39
YGR266W,36.81
YGR267C,37.58
YGR268C,37.66
YGR269W,37.66
YGR270C-A,37.66
YGR270W,37.66
YGR271C-A,36.85
YGR271W,37.17
YGR272C,
YGR273C,36.91
YGR274C,37.09
YGR275W,37.07
YGR276C,36.88
YGR277C,36.71
YGR278W,36.71
YGR279C,36.04
YGR280C,35.48
YGR281W,35.15
YGR282C,32.61
YGR283C,32.22
YGR284C,31.57
YGR285C,31.1
YGR286C,30.93
YGR287C,30.43
YGR288W,30.23
YGR289C,29.65
YGR290W,29.65
YGR291C,29.48
YGR292W,29.48
YGR293C,28.81
YGR294W,28.81
YGR295C,28.81
YGR296C-A,28.81
YGR296C-B,28.81
YGR296W,28.81
YHL001W,27.94
YHL002C-A,28.47
YHL002W,28.47
YHL003C,28.88
YHL004W,29.51
YHL005C,29.51
YHL006C,29.51
YHL006W-A,29.55
YHL007C,29.55
YHL008C,29.34
YHL009C,28.28
YHL009W-A,
YHL009W-B,
YHL010C,28.27
YHL011C,28.17
YHL012W,27.74
YHL013C,27.74
YHL014C,27.16
YHL015W,26.82
YHL015W-A,26.48
YHL016C,26.16
YHL017W,25.36
YHL018W,25.36
YHL019C,25.36
YHL019W-A,25.17
YHL020C,25.17
YHL021C,25.05
YHL022C,24.97
YHL023C,24.95
YHL024W,26.0
YHL025W,26.57
YHL026C,26.82
YHL027W,27.27
YHL028W,27.29
YHL029C,27.32
YHL030W,30.05
YHL030W-A,30.52
YHL031C,30.05
YHL032C,30.52
YHL033C,31.63
YHL034C,32.07
YHL034W-A,32.19
YHL035C,32.19
YHL036W,32.33
YHL037C,32.33
YHL038C,32.33
YHL039W,32.43
YHL040C,32.44
YHL041W,32.26
YHL042W,31.99
YHL043W,31.82
YHL044W,31.62
YHL045W,31.41
YHL046C,31.18
YHL046W-A,30.67
YHL047C,30.67
YHL048C-A,29.98
YHL048W,29.98
YHL049C,29.98
YHL050C,29.98
YHL050W-A,29.98
YHR001W,26.64
YHR001WA,
YHR001W-A,25.15
YHR002W,24.43
YHR003C,23.11
YHR004C,22.09
YHR005C,21.5
YHR005CA,
YHR005C-A,21.45
YHR006W,21.9
YHR007C,23.34
YHR007C-A,23.54
YHR008C,23.62
YHR009C,23.4
YHR010W,23.1
YHR011W,22.71
YHR012W,21.85
YHR013C,21.1
YHR014W,21.1
YHR015W,20.61
YHR016C,21.55
YHR017W,21.55
YHR018C,23.3
YHR019C,24.85
YHR020W,24.85
YHR021C,28.04
YHR021WA,
YHR021W-A,28.04
YHR022C,28.7
YHR022C-A,28.7
YHR023W,28.91
YHR024C,29.77
YHR025W,29.81
YHR026W,29.77
YHR027C,28.83
YHR028C,28.4
YHR028W-A,28.4
YHR029C,28.51
YHR030C,29.11
YHR031C,30.09
YHR032C-A,31.54
YHR032W,30.61
YHR032W-A,31.1
YHR033W,31.54
YHR034C,32.28
YHR035W,32.28
YHR036W,33.3
YHR037W,33.68
YHR038W,34.54
YHR039C,35.78
YHR039CA,
YHR039C-A,36.11
YHR039C-B,
YHR040W,36.11
YHR041C,36.59
YHR042W,36.74
YHR043C,36.88
YHR044C,36.86
YHR045W,36.83
YHR046C,36.72
YHR047C,36.44
YHR048W,36.08
YHR049CA,
YHR049C-A,35.91
YHR049W,35.96
YHR050W,35.91
YHR050W-A,35.81
YHR051W,35.81
YHR052W,35.75
YHR052W-A,35.62
YHR053C,35.62
YHR054C,35.53
YHR054W-A,35.42
YHR055C,35.42
YHR056C,35.04
YHR056W-A,35.04
YHR057C,34.9
YHR058C,34.77
YHR059W,34.77
YHR060W,34.63
YHR061C,34.35
YHR062C,34.2
YHR063C,34.04
YHR063W-A,33.85
YHR064C,33.64
YHR065C,33.07
YHR066W,32.7
YHR067W,32.27
YHR068W,31.81
YHR069C,30.39
YHR069C-A,30.39
YHR070C-A,29.55
YHR070W,30.39
YHR071C-A,28.79
YHR071W,29.55
YHR072W,28.79
YHR072W-A,27.78
YHR073C-B,27.08
YHR073W,27.5
YHR073W-A,27.5
YHR074W,27.08
YHR075C,27.69
YHR076W,27.99
YHR077C,29.63
YHR078W,29.84
YHR079C,30.44
YHR079C-A,30.5
YHR079C-B,
YHR080C,30.5
YHR081W,30.44
YHR082C,30.0
YHR083W,29.85
YHR084W,29.67
YHR085W,29.01
YHR086W,28.74
YHR086W-A,28.2
YHR087W,27.93
YHR088W,27.67
YHR089C,27.43
YHR090C,26.95
YHR091C,26.41
YHR092C,25.72
YHR093W,25.72
YHR094C,24.02
YHR095W,24.02
YHR096C,22.71
YHR097C,22.46
YHR098C,22.69
YHR099W,22.95
YHR100C,29.01
YHR101C,29.42
YHR102W,29.79
YHR103W,30.82
YHR104W,31.49
YHR105W,31.73
YHR106W,31.99
YHR107C,32.49
YHR108W,32.49
YHR109W,32.96
YHR110W,33.34
YHR111W,33.5
YHR112C,33.89
YHR113W,34.0
YHR114W,34.07
YHR115C,33.83
YHR116W,33.83
YHR117W,33.6
YHR118C,32.47
YHR119W,32.47
YHR120W,30.54
YHR121W,29.81
YHR122W,29.67
YHR123W,29.57
YHR124W,29.42
YHR125W,29.27
YHR126C,29.16
YHR127W,29.05
YHR128W,28.93
YHR129C,28.7
YHR130C,28.61
YHR131C,28.53
YHR131W-A,28.53
YHR132C,28.64
YHR132W-A,28.64
YHR133C,28.78
YHR134W,28.78
YHR135C,28.81
YHR136C,28.73
YHR137C-A,28.33
YHR137W,28.57
YHR138C,28.02
YHR139C,27.67
YHR139C-A,26.96
YHR140W,26.96
YHR141C,26.42
YHR142W,26.27
YHR143W,26.21
YHR143WA,
YHR143W-A,26.25
YHR144C,26.35
YHR145C,26.39
YHR146W,26.39
YHR147C,26.47
YHR148W,26.54
YHR149C,27.08
YHR150W,27.08
YHR151C,28.41
YHR152W,28.77
YHR153C,29.14
YHR154W,29.14
YHR155W,30.68
YHR156C,31.8
YHR157W,31.8
YHR158C,31.7
YHR159W,31.61
YHR160C,31.39
YHR161C,31.1
YHR162W,30.92
YHR163W,30.72
YHR164C,29.47
YHR165C,25.77
YHR165W-A,25.77
YHR166C,24.51
YHR167W,23.88
YHR168W,23.3
YHR169W,22.77
YHR170W,21.9
YHR171W,21.28
YHR172W,20.91
YHR173C,21.11
YHR174W,21.11
YHR175W,21.66
YHR175W-A,22.05
YHR176W,22.05
YHR177W,23.59
YHR178W,24.73
YHR179W,26.79
YHR180C-B,28.45
YHR180W,27.68
YHR180W-A,28.45
YHR181W,28.45
YHR182C-A,29.6
YHR182W,28.78
YHR183W,29.45
YHR184W,29.73
YHR185C,30.14
YHR186C,31.19
YHR187W,31.19
YHR188C,31.48
YHR189W,31.48
YHR190W,31.45
YHR191C,31.26
YHR192W,31.26
YHR193C,31.1
YHR193C-A,30.9
YHR194W,30.9
YHR195W,30.43
YHR196W,30.2
YHR197W,29.87
YHR198C,29.62
YHR199C,29.52
YHR199C-A,29.52
YHR200W,29.52
YHR201C,29.39
YHR202W,29.21
YHR203C,28.86
YHR204W,28.86
YHR205W,28.73
YHR206W,29.02
YHR207C,29.63
YHR208W,29.73
YHR209W,29.86
YHR210C,29.92
YHR211W,30.0
YHR212C,30.27
YHR212W-A,30.27
YHR213W,30.27
YHR213W-A,30.27
YHR213W-B,30.27
YHR214C-B,
YHR214C-C,
YHR214C-D,30.27
YHR214C-E,30.27
YHR214W,30.27
YHR214WA,
YHR214W-A,30.27
YHR215W,30.27
YHR216W,30.27
YHR217C,30.27
YHR218W,30.27
YHR218W-A,30.27
YHR219C-A,30.27
YHR219W,30.27
YIL001W,23.01
YIL002C,22.93
YIL002W-A,22.4
YIL003W,22.14
YIL004C,21.85
YIL005W,21.3
YIL006W,20.92
YIL007C,20.92
YIL008W,20.87
YIL009C-A,23.29
YIL009W,21.7
YIL010W,23.84
YIL011W,24.36
YIL012W,24.88
YIL013C,25.37
YIL014C-A,27.37
YIL014W,27.31
YIL015C-A,
YIL015W,27.0
YIL016W,26.81
YIL017C,26.81
YIL017W,
YIL018W,26.82
YIL019W,27.11
YIL020C,27.11
YIL020C-A,27.29
YIL021C-A,27.49
YIL021W,27.49
YIL022W,27.91
YIL023C,28.08
YIL024C,28.22
YIL025C,28.34
YIL026C,28.34
YIL027C,28.99
YIL028W,29.57
YIL029C,29.95
YIL029W-A,30.4
YIL030C,30.4
YIL030W-A,33.08
YIL031W,33.92
YIL032C,34.24
YIL033C,34.24
YIL034C,34.72
YIL035C,34.88
YIL036W,35.11
YIL037C,35.14
YIL038C,35.13
YIL039W,34.61
YIL040W,34.61
YIL041W,34.13
YIL042C,34.13
YIL043C,33.83
YIL044C,33.48
YIL045W,32.25
YIL046W,31.32
YIL046W-A,30.84
YIL047C,30.84
YIL047C-A,29.32
YIL048W,27.05
YIL049W,26.54
YIL050W,26.1
YIL051C,25.71
YIL052C,25.39
YIL053W,24.91
YIL054W,24.76
YIL055C,24.76
YIL056W,24.36
YIL057C,24.34
YIL058W,24.41
YIL059C,24.41
YIL060W,24.54
YIL061C,24.7
YIL062C,24.91
YIL063C,24.91
YIL064W,25.41
YIL065C,25.41
YIL066C,25.7
YIL066W-A,26.69
YIL067C,26.5
YIL068C,26.85
YIL068W-A,26.62
YIL069C,26.38
YIL070C,26.08
YIL071C,25.76
YIL071W-A,25.02
YIL072W,24.59
YIL073C,24.13
YIL074C,22.39
YIL075C,22.17
YIL076W,22.7
YIL077C,23.17
YIL078W,25.44
YIL079C,25.44
YIL080W,
YIL082W,25.97
YIL082WA,
YIL082W-A,
YIL083C,25.91
YIL084C,26.11
YIL085C,26.35
YIL086C,26.97
YIL087C,26.97
YIL088C,27.31
YIL089W,28.25
YIL090W,28.69
YIL091C,28.82
YIL092W,28.89
YIL093C,28.89
YIL094C,28.82
YIL095W,28.53
YIL096C,28.52
YIL097W,28.7
YIL098C,28.7
YIL099W,28.92
YIL100C-A,28.92
YIL100W,29.05
YIL101C,29.05
YIL102C,29.33
YIL102C-A,29.48
YIL103W,29.8
YIL104C,29.96
YIL105C,30.11
YIL105W-A,30.41
YIL106W,30.69
YIL107C,30.69
YIL108W,31.54
YIL109C,31.73
YIL110W,32.1
YIL111W,32.08
YIL112W,31.78
YIL113W,31.35
YIL114C,31.35
YIL115C,31.09
YIL115W-A,29.89
YIL116W,29.74
YIL117C,29.54
YIL118W,29.49
YIL119C,29.45
YIL120W,29.51
YIL121W,29.5
YIL122W,29.49
YIL123W,29.37
YIL124W,29.15
YIL125W,28.45
YIL126W,26.45
YIL127C,26.45
YIL128W,25.53
YIL129C,25.4
YIL130W,24.35
YIL131C,24.37
YIL132C,24.68
YIL133C,24.94
YIL134C-A,25.59
YIL134W,25.59
YIL135C,25.97
YIL136W,26.83
YIL137C,27.25
YIL138C,27.98
YIL139C,28.02
YIL140W,27.57
YIL141W,27.57
YIL142C-A,27.06
YIL142W,27.06
YIL143C,27.06
YIL144W,25.85
YIL145C,25.8
YIL146C,25.82
YIL147C,26.27
YIL148W,27.27
YIL149C,27.54
YIL150C,29.1
YIL151C,29.75
YIL152W,30.87
YIL153W,30.97
YIL154C,30.97
YIL155C,31.02
YIL156W,31.12
YIL156W-A,31.14
YIL156W-B,31.12
YIL157C,31.14
YIL158W,31.15
YIL159W,30.95
YIL160C,30.83
YIL161W,30.56
YIL162W,30.28
YIL163C,30.28
YIL164C,30.02
YIL165C,29.92
YIL166C,29.86
YIL167W,
YIL168W,
YIL169C,29.86
YIL170W,
YIL171W,
YIL171W-A,29.86
YIL172C,29.86
YIL173W,29.86
YIL174W,
YIL175W,
YIL176C,29.86
YIL177C,29.86
YIL177W-A,29.86
YIR001C,23.09
YIR002C,23.14
YIR003W,23.26
YIR004W,23.82
YIR005W,24.7
YIR006C,27.2
YIR007W,27.61
YIR008C,28.54
YIR009W,28.54
YIR010W,28.77
YIR011C,29.34
YIR012W,29.34
YIR013C,29.67
YIR014W,29.81
YIR015W,29.91
YIR016W,29.96
YIR017C,29.95
YIR017W-A,29.96
YIR018C-A,29.77
YIR018W,29.89
YIR019C,27.26
YIR020C,27.26
YIR020C-B,26.25
YIR020W-A,26.98
YIR021W,26.49
YIR021W-A,26.25
YIR022W,26.0
YIR023C-A,24.58
YIR023W,25.71
YIR024C,24.58
YIR025W,24.08
YIR026C,22.91
YIR027C,21.7
YIR028W,21.7
YIR029W,20.91
YIR030C,21.3
YIR030W-A,21.3
YIR031C,22.26
YIR032C,22.91
YIR033W,22.91
YIR034C,25.65
YIR035C,25.85
YIR036C,26.0
YIR036W-A,26.0
YIR037W,26.0
YIR038C,26.14
YIR039C,27.35
YIR040C,27.93
YIR041W,27.93
YIR042C,28.69
YIR043C,
YIR044C,
YJL001W,22.22
YJL002C,22.22
YJL003W,22.49
YJL004C,22.55
YJL005W,21.31
YJL006C,20.96
YJL007C,20.6
YJL008C,20.23
YJL009W,19.56
YJL010C,19.56
YJL011C,19.45
YJL012C,20.29
YJL012C-A,
YJL013C,21.46
YJL014W,23.3
YJL015C,23.89
YJL016W,24.46
YJL017W,
YJL018W,
YJL019W,26.07
YJL020C,26.54
YJL020W-A,26.93
YJL021C,
YJL022W,27.67
YJL023C,27.67
YJL024C,27.76
YJL025W,27.5
YJL026C-A,27.2
YJL026W,26.76
YJL027C,26.76
YJL028W,26.21
YJL029C,26.21
YJL030W,24.39
YJL031C,24.39
YJL032W,23.4
YJL033W,22.6
YJL034W,21.5
YJL035C,21.5
YJL036W,20.59
YJL037W,19.66
YJL038C,19.28
YJL039C,18.93
YJL041W,22.76
YJL042W,25.98
YJL043W,26.45
YJL044C,26.45
YJL045W,28.28
YJL046W,30.34
YJL047C,30.34
YJL047C-A,31.39
YJL048C,31.39
YJL049W,31.66
YJL050W,30.94
YJL051W,29.86
YJL052C-A,29.47
YJL052W,29.47
YJL053W,29.36
YJL054W,29.51
YJL055W,29.71
YJL056C,29.71
YJL057C,30.69
YJL058C,31.44
YJL059W,32.44
YJL060W,33.01
YJL061W,33.61
YJL062W,33.74
YJL062W-A,33.74
YJL063C,33.74
YJL064W,33.58
YJL065C,33.69
YJL066C,33.58
YJL067W,33.44
YJL068C,33.44
YJL069C,33.24
YJL070C,32.7
YJL071W,31.35
YJL072C,31.35
YJL073W,31.49
YJL074C,31.49
YJL075C,32.64
YJL076W,33.66
YJL077C,33.66
YJL077W-A,33.66
YJL077W-B,33.83
YJL078C,33.83
YJL079C,34.22
YJL080C,34.5
YJL081C,35.45
YJL082W,36.36
YJL083W,36.56
YJL084C,36.55
YJL085W,35.91
YJL086C,35.91
YJL087C,35.91
YJL088W,35.55
YJL089W,35.56
YJL090C,35.62
YJL091C,35.69
YJL092W,34.56
YJL093C,34.56
YJL094C,33.8
YJL095W,29.96
YJL096W,29.96
YJL097W,29.54
YJL098W,28.44
YJL099W,28.22
YJL100W,27.86
YJL101C,27.5
YJL102W,23.33
YJL103C,23.33
YJL104W,20.91
YJL105W,20.91
YJL106W,23.86
YJL107C,24.55
YJL108C,25.0
YJL109C,25.25
YJL110C,22.94
YJL111W,19.83
YJL112W,19.93
YJL113W,
YJL114W,
YJL115W,26.29
YJL116C,26.65
YJL117W,27.23
YJL118W,27.49
YJL119C,27.49
YJL120W,27.75
YJL121C,27.75
YJL122W,28.0
YJL123C,28.0
YJL124C,28.48
YJL125C,28.7
YJL126W,29.12
YJL127C,29.33
YJL127C-B,29.69
YJL127W-A,29.94
YJL128C,29.94
YJL129C,29.95
YJL130C,29.29
YJL131C,30.52
YJL132W,32.15
YJL133C-A,33.06
YJL133W,32.63
YJL134W,33.71
YJL135W,33.71
YJL136C,33.98
YJL136W-A,34.22
YJL137C,34.22
YJL138C,34.45
YJL139C,34.99
YJL140W,35.68
YJL141C,36.05
YJL142C,36.64
YJL143W,36.82
YJL144W,36.89
YJL145W,36.85
YJL146W,36.48
YJL147C,36.48
YJL148W,35.88
YJL149W,34.81
YJL150W,34.81
YJL151C,34.81
YJL152W,34.57
YJL153C,34.57
YJL154C,34.09
YJL155C,33.38
YJL156C,32.92
YJL156W-A,32.43
YJL157C,32.14
YJL158C,30.96
YJL159W,29.98
YJL160C,28.94
YJL161W,27.96
YJL162C,27.53
YJL163C,26.55
YJL164C,26.06
YJL165C,25.83
YJL166W,25.05
YJL167W,24.54
YJL168C,24.32
YJL169W,24.03
YJL170C,24.03
YJL171C,24.02
YJL172W,24.79
YJL173C,25.3
YJL174W,26.49
YJL175W,27.06
YJL176C,26.49
YJL177W,28.28
YJL178C,28.49
YJL179W,28.61
YJL180C,28.61
YJL181W,28.51
YJL182C,28.51
YJL183W,28.17
YJL184W,28.17
YJL185C,27.96
YJL186W,27.33
YJL187C,27.13
YJL188C,26.69
YJL189W,26.44
YJL190C,26.17
YJL191W,25.88
YJL192C,25.6
YJL193W,25.12
YJL194W,24.95
YJL195C,24.98
YJL196C,24.95
YJL197C-A,25.59
YJL197W,26.56
YJL198W,28.13
YJL199C,28.54
YJL200C,28.87
YJL201W,29.77
YJL202C,29.77
YJL203W,29.79
YJL204C,29.79
YJL205C,29.64
YJL206C,29.51
YJL206C-A,
YJL207C,29.31
YJL208C,31.55
YJL209W,33.16
YJL210W,33.53
YJL211C,33.53
YJL212C,33.77
YJL213W,33.66
YJL214W,32.03
YJL215C,32.03
YJL216C,31.66
YJL217W,31.31
YJL218W,31.31
YJL219W,31.31
YJL220W,31.31
YJL221C,31.31
YJL222W,31.31
YJL222W-A,31.31
YJL222W-B,31.31
YJL223C,31.31
YJL225C,31.31
YJL225W-A,31.31
YJR001W,21.81
YJR002W,21.48
YJR003C,21.83
YJR004C,22.44
YJR005C-A,23.47
YJR005W,22.75
YJR006W,23.47
YJR007W,23.76
YJR008W,23.87
YJR009C,24.29
YJR010CA,
YJR010C-A,25.52
YJR010W,24.59
YJR011C,26.13
YJR012C,26.82
YJR013W,26.82
YJR014W,28.35
YJR015W,29.14
YJR016C,31.16
YJR017C,31.59
YJR018W,31.59
YJR019C,31.87
YJR020W,31.87
YJR021C,32.12
YJR022W,32.12
YJR023C,32.12
YJR024C,32.21
YJR025C,32.34
YJR026W,
YJR027W,
YJR028W,
YJR029W,
YJR030C,35.32
YJR031C,36.89
YJR032W,36.89
YJR033C,36.56
YJR034W,36.56
YJR035W,36.56
YJR036C,35.41
YJR037W,35.41
YJR038C,35.16
YJR039W,35.16
YJR040W,33.83
YJR041C,31.54
YJR042W,31.54
YJR043C,30.6
YJR044C,30.39
YJR045C,29.39
YJR046W,29.39
YJR047C,27.6
YJR048W,26.89
YJR049C,24.6
YJR050W,24.6
YJR051W,23.84
YJR052W,22.45
YJR053W,21.53
YJR054W,21.12
YJR055W,21.17
YJR056C,22.12
YJR057W,22.5
YJR058C,22.91
YJR059W,23.33
YJR060W,24.44
YJR061W,24.92
YJR062C,25.12
YJR063W,25.12
YJR064W,25.2
YJR065C,25.97
YJR066W,25.97
YJR067C,31.28
YJR068W,31.28
YJR069C,31.69
YJR070C,32.36
YJR071W,32.05
YJR072C,32.64
YJR073C,32.89
YJR074W,32.89
YJR075W,33.11
YJR076C,33.55
YJR077C,33.63
YJR078W,33.67
YJR079W,33.67
YJR080C,33.55
YJR082C,33.55
YJR083C,33.25
YJR084W,33.25
YJR085C,32.76
YJR086W,32.76
YJR087W,32.76
YJR088C,32.42
YJR089W,32.03
YJR090C,28.84
YJR091C,27.14
YJR092W,26.8
YJR093C,24.91
YJR094C,23.6
YJR094WA,
YJR094W-A,21.99
YJR095W,20.62
YJR096W,20.16
YJR097W,19.86
YJR098C,19.93
YJR099W,20.28
YJR100C,20.78
YJR101W,21.39
YJR102C,22.77
YJR103W,23.45
YJR104C,24.69
YJR105W,25.24
YJR106W,25.75
YJR107W,26.63
YJR108W,27.41
YJR109C,28.81
YJR110W,29.14
YJR111C,30.05
YJR112W,30.05
YJR112W-A,30.27
YJR113C,30.45
YJR114W,30.45
YJR115W,30.56
YJR116W,30.6
YJR117W,30.59
YJR118C,30.39
YJR119C,29.86
YJR120W,29.86
YJR121W,29.66
YJR122W,29.28
YJR123W,28.9
YJR124C,28.52
YJR125C,28.19
YJR126C,27.96
YJR127C,27.67
YJR128W,27.67
YJR129C,27.22
YJR130C,26.56
YJR131W,26.14
YJR132W,25.11
YJR133W,23.17
YJR134C,21.24
YJR135C,20.66
YJR135W-A,20.66
YJR136C,19.6
YJR137C,18.33
YJR138W,18.52
YJR139C,21.65
YJR140C,24.75
YJR140W-A,21.65
YJR141W,24.75
YJR142W,25.27
YJR143C,27.32
YJR144W,27.32
YJR145C,28.35
YJR146W,28.81
YJR147W,28.81
YJR148W,29.54
YJR149W,29.8
YJR150C,30.18
YJR151C,30.78
YJR151W-A,31.16
YJR152W,31.54
YJR153W,31.98
YJR154W,32.06
YJR155W,32.03
YJR156C,31.87
YJR157W,31.81
YJR158W,31.73
YJR159W,31.73
YJR160C,31.73
YJR161C,31.73
YJR162C,31.73
YKL001C,23.55
YKL002W,24.17
YKL003C,24.72
YKL004W,25.21
YKL005C,25.6
YKL006CA,
YKL006C-A,26.06
YKL006W,26.09
YKL007W,25.82
YKL008C,25.82
YKL009W,25.11
YKL010C,25.11
YKL011C,23.77
YKL012W,23.34
YKL013C,23.34
YKL014C,23.32
YKL015W,26.3
YKL016C,26.87
YKL017C,27.38
YKL018C-A,28.4
YKL018W,28.4
YKL019W,28.57
YKL020C,28.68
YKL021C,28.58
YKL022C,28.24
YKL023C-A,27.44
YKL023W,27.62
YKL024C,27.44
YKL025C,27.31
YKL026C,27.2
YKL027W,27.37
YKL028W,27.81
YKL029C,28.09
YKL030W,28.96
YKL031W,28.96
YKL032C,28.96
YKL033W,31.01
YKL033WA,
YKL033W-A,31.01
YKL034W,31.88
YKL035W,32.29
YKL036C,32.29
YKL037W,32.43
YKL038W,32.61
YKL039W,32.62
YKL040C,32.64
YKL041W,32.69
YKL042W,32.68
YKL043W,32.63
YKL044W,32.53
YKL045W,31.94
YKL046C,31.94
YKL047W,30.63
YKL048C,30.63
YKL049C,29.92
YKL050C,29.56
YKL051W,27.58
YKL052C,27.58
YKL053CA,
YKL053C-A,26.55
YKL053W,27.09
YKL054C,26.55
YKL055C,24.64
YKL056C,23.92
YKL057C,23.22
YKL058W,21.63
YKL059C,21.66
YKL060C,22.12
YKL061W,22.5
YKL062W,23.88
YKL063C,24.29
YKL064W,24.99
YKL065C,24.92
YKL065W-A,24.78
YKL066W,24.56
YKL067W,24.56
YKL068W,22.48
YKL068W-A,22.0
YKL069W,21.19
YKL070W,20.86
YKL071W,20.58
YKL072W,20.62
YKL073W,22.39
YKL074C,22.39
YKL075C,23.36
YKL076C,23.84
YKL077W,24.76
YKL078W,25.68
YKL079W,26.62
YKL080W,27.56
YKL081W,28.42
YKL082C,28.79
YKL083W,29.1
YKL084W,29.1
YKL085W,29.52
YKL086W,29.63
YKL087C,29.63
YKL088W,29.49
YKL089W,29.11
YKL090W,28.86
YKL091C,28.59
YKL092C,28.01
YKL093W,26.67
YKL094W,25.97
YKL095W,25.63
YKL096C-B,24.9
YKL096W,25.33
YKL096WA,
YKL096W-A,24.9
YKL097C,24.9
YKL097W-A,
YKL098W,24.9
YKL099C,25.06
YKL100C,25.31
YKL100W-A,25.64
YKL101W,27.94
YKL102C,28.4
YKL103C,28.4
YKL104C,29.54
YKL105C,30.12
YKL106C-A,31.0
YKL106W,30.95
YKL107W,31.01
YKL108W,30.88
YKL109W,30.52
YKL110C,29.99
YKL111C,29.69
YKL112W,29.1
YKL113C,28.84
YKL114C,28.4
YKL115C,28.19
YKL116C,28.19
YKL117W,27.29
YKL118W,26.86
YKL119C,26.86
YKL120W,25.67
YKL121W,23.31
YKL122C,22.79
YKL123W,22.57
YKL124W,22.64
YKL125W,24.1
YKL126W,25.81
YKL127W,27.69
YKL128C,29.15
YKL129C,30.06
YKL130C,31.33
YKL131W,31.86
YKL132C,31.61
YKL133C,32.1
YKL134C,32.47
YKL135C,32.69
YKL136W,32.79
YKL137W,32.79
YKL138C,32.79
YKL138C-A,32.78
YKL139W,32.71
YKL140W,32.58
YKL141W,32.51
YKL142W,32.44
YKL143W,32.26
YKL144C,32.15
YKL145W,31.87
YKL145W-A,32.02
YKL146W,31.52
YKL147C,31.52
YKL148C,31.3
YKL149C,30.75
YKL150W,29.57
YKL151C,29.57
YKL152C,28.6
YKL153W,28.6
YKL154W,27.52
YKL155C,26.96
YKL156C-A,25.93
YKL156W,25.93
YKL157W,24.65
YKL158W,
YKL159C,24.5
YKL160W,24.41
YKL161C,24.43
YKL162C,24.75
YKL162C-A,25.83
YKL163W,26.89
YKL164C,27.51
YKL165C,28.76
YKL165C-A,30.3
YKL166C,30.3
YKL167C,30.52
YKL168C,30.6
YKL169C,30.74
YKL170W,30.74
YKL171W,30.95
YKL172W,30.98
YKL173W,31.02
YKL174C,31.02
YKL175W,30.97
YKL176C,30.92
YKL177W,30.36
YKL178C,30.58
YKL179C,30.06
YKL180W,28.13
YKL181W,26.8
YKL182W,24.68
YKL183C-A,25.06
YKL183W,25.06
YKL184W,25.73
YKL185W,26.9
YKL186C,27.28
YKL187C,27.66
YKL188C,28.91
YKL189W,30.45
YKL190W,30.72
YKL191W,30.6
YKL192C,30.6
YKL193C,30.43
YKL194C,30.22
YKL195W,29.57
YKL196C,29.57
YKL197C,29.28
YKL198C,27.99
YKL199C,
YKL200C,
YKL201C,25.84
YKL202W,23.32
YKL203C,22.66
YKL204W,22.9
YKL205W,24.0
YKL206C,24.0
YKL207W,24.34
YKL208W,24.51
YKL209C,24.7
YKL210W,27.43
YKL211C,27.9
YKL212W,29.08
YKL213C,29.36
YKL214C,29.71
YKL215C,29.79
YKL216W,29.91
YKL217W,30.05
YKL218C,30.14
YKL219W,30.03
YKL220C,30.16
YKL221W,30.87
YKL222C,30.87
YKL223W,30.87
YKL224C,30.87
YKL225W,30.87
YKR001C,20.75
YKR002W,20.75
YKR003W,19.58
YKR004C,18.76
YKR005C,18.86
YKR006C,19.08
YKR007W,19.08
YKR008W,19.4
YKR009C,21.96
YKR010C,24.32
YKR011C,25.1
YKR012C,25.38
YKR013W,25.38
YKR014C,25.81
YKR015C,26.41
YKR016W,26.68
YKR017C,27.85
YKR018C,29.25
YKR019C,30.05
YKR020W,30.05
YKR021W,30.36
YKR022C,31.04
YKR023W,31.04
YKR024C,31.19
YKR025W,31.17
YKR026C,31.05
YKR027W,30.93
YKR028W,30.34
YKR029C,28.92
YKR030W,28.92
YKR031C,28.08
YKR032W,27.91
YKR033C,27.91
YKR034W,27.91
YKR035C,27.52
YKR035W-A,27.73
YKR036C,27.01
YKR037C,26.68
YKR038C,26.33
YKR039W,25.81
YKR040C,26.24
YKR041W,25.97
YKR042W,26.56
YKR043C,27.24
YKR044W,27.24
YKR045C,27.7
YKR046C,27.78
YKR047W,27.78
YKR048C,27.58
YKR049C,27.58
YKR050W,27.37
YKR051W,27.17
YKR052C,27.86
YKR053C,28.99
YKR054C,33.57
YKR055W,33.57
YKR056W,33.78
YKR057W,34.39
YKR058W,34.56
YKR059W,34.83
YKR060W,35.0
YKR061W,35.05
YKR062W,35.11
YKR063C,35.11
YKR064W,35.07
YKR065C,34.78
YKR066C,34.61
YKR067W,34.4
YKR068C,33.56
YKR069W,33.22
YKR070W,32.46
YKR071C,31.61
YKR072C,30.76
YKR073C,30.37
YKR074W,30.37
YKR075C,29.79
YKR075W-A,30.04
YKR076W,29.65
YKR077W,29.69
YKR078W,29.85
YKR079C,30.91
YKR080W,31.17
YKR081C,31.55
YKR082W,31.55
YKR083C,31.2
YKR084C,30.87
YKR085C,30.7
YKR086W,30.7
YKR087C,29.96
YKR088C,29.72
YKR089C,28.82
YKR090W,28.52
YKR091W,27.88
YKR092C,27.77
YKR093W,27.95
YKR094C,28.65
YKR095W,28.93
YKR095W-A,30.55
YKR096W,30.74
YKR097W,31.05
YKR098C,30.66
YKR099W,30.44
YKR100C,29.5
YKR101W,29.35
YKR102W,29.58
YKR103W,31.03
YKR104W,31.83
YKR105C,32.43
YKR106W,32.57
YLL001W,24.06
YLL002W,24.03
YLL003W,23.4
YLL004W,22.97
YLL005C,22.97
YLL006W,23.14
YLL006W-A,23.14
YLL007C,23.4
YLL008W,25.03
YLL009C,25.03
YLL010C,25.49
YLL011W,26.83
YLL012W,27.67
YLL013C,28.06
YLL014W,29.01
YLL015W,29.83
YLL016W,
YLL017W,
YLL018C,29.48
YLL018CA,
YLL018C-A,28.93
YLL019C,28.74
YLL019W-A,28.55
YLL020C,28.35
YLL021W,27.17
YLL022C,26.87
YLL023C,26.55
YLL024C,26.21
YLL025W,25.19
YLL026W,24.27
YLL027W,24.36
YLL028W,24.79
YLL029W,25.08
YLL030C,25.1
YLL031C,25.12
YLL032C,25.34
YLL033W,26.06
YLL034C,26.39
YLL035W,27.8
YLL036C,28.09
YLL037W,28.35
YLL038C,28.35
YLL039C,28.77
YLL040C,28.94
YLL041C,30.18
YLL042C,30.33
YLL043W,30.83
YLL044W,31.12
YLL045C,30.98
YLL046C,31.12
YLL047W,31.24
YLL048C,31.35
YLL049W,31.62
YLL050C,31.62
YLL051C,31.61
YLL052C,31.44
YLL053C,31.34
YLL054C,31.24
YLL055W,30.71
YLL056C,30.64
YLL057C,30.55
YLL058W,30.43
YLL059C,30.38
YLL060C,30.33
YLL061W,30.33
YLL062C,30.33
YLL063C,30.33
YLL064C,30.33
YLL065W,30.33
YLL066C,30.33
YLL066W-A,30.33
YLL066W-B,30.33
YLL067C,30.33
YLL067W-A,30.33
YLR001C,21.65
YLR002C,21.15
YLR003C,21.42
YLR004C,22.63
YLR005W,22.63
YLR006C,26.16
YLR007W,26.95
YLR008C,27.67
YLR009W,28.34
YLR010C,28.98
YLR011W,29.59
YLR012C,30.19
YLR013W,31.35
YLR014C,32.91
YLR015W,32.91
YLR016C,34.19
YLR017W,34.19
YLR018C,34.82
YLR019W,34.82
YLR020C,35.28
YLR021W,35.28
YLR022C,35.21
YLR023C,34.86
YLR024C,33.62
YLR025W,33.5
YLR026C,33.44
YLR027C,33.37
YLR028C,32.55
YLR029C,32.22
YLR030W,32.22
YLR031W,31.86
YLR032W,31.48
YLR033W,30.09
YLR034C,29.3
YLR035C,28.77
YLR035C-A,
YLR036C,26.95
YLR037C,26.33
YLR038C,24.92
YLR039C,21.72
YLR040C,21.14
YLR041W,21.14
YLR042C,20.71
YLR043C,20.43
YLR044C,20.35
YLR045C,21.96
YLR046C,22.49
YLR047C,23.83
YLR048W,23.83
YLR049C,24.94
YLR050C,25.32
YLR051C,25.72
YLR052W,25.72
YLR053C,26.56
YLR054C,27.48
YLR055C,28.46
YLR056W,28.97
YLR057W,30.06
YLR058C,32.32
YLR059C,32.85
YLR060W,32.85
YLR061W,33.75
YLR062C,34.07
YLR063W,34.07
YLR064W,34.46
YLR065C,34.54
YLR066W,34.54
YLR067C,34.33
YLR068W,34.33
YLR069C,33.89
YLR070C,33.7
YLR071C,32.95
YLR072W,32.95
YLR073C,32.78
YLR074C,32.78
YLR075W,32.78
YLR076C,32.79
YLR077W,32.79
YLR078C,32.78
YLR079W,32.78
YLR080W,32.67
YLR081W,32.21
YLR082C,31.47
YLR083C,31.55
YLR084C,32.35
YLR085C,32.56
YLR086W,32.56
YLR087C,36.72
YLR088W,36.72
YLR089C,37.81
YLR090W,37.86
YLR091W,37.8
YLR092W,37.46
YLR093C,36.29
YLR094C,35.95
YLR095C,34.85
YLR096W,34.47
YLR097C,33.03
YLR098C,32.07
YLR099C,31.74
YLR099W-A,31.41
YLR100W,31.41
YLR101C,31.08
YLR102C,30.73
YLR103C,30.05
YLR104W,29.72
YLR105C,29.39
YLR106C,21.99
YLR107W,21.99
YLR108C,19.91
YLR109W,19.42
YLR110C,18.99
YLR111W,18.63
YLR112W,18.63
YLR113W,18.37
YLR114C,18.95
YLR115W,19.55
YLR116W,21.52
YLR117C,23.59
YLR118C,24.05
YLR119W,24.05
YLR120C,24.92
YLR120W-A,25.28
YLR121C,25.59
YLR122C,25.95
YLR123C,25.95
YLR124W,25.95
YLR125W,26.0
YLR126C,25.74
YLR127C,24.92
YLR128W,24.92
YLR129W,24.6
YLR130C,23.47
YLR131C,22.76
YLR132C,22.55
YLR133W,22.35
YLR134W,22.08
YLR135W,22.06
YLR136C,22.83
YLR137W,22.83
YLR138W,23.53
YLR139C,24.92
YLR140W,24.92
YLR141W,24.92
YLR142W,25.08
YLR143W,25.39
YLR144C,25.83
YLR145W,25.83
YLR146C,26.03
YLR146W-A,26.03
YLR147C,26.1
YLR148W,26.1
YLR149C,25.92
YLR149C-A,25.78
YLR150W,25.78
YLR151C,25.46
YLR152C,25.14
YLR153C,24.82
YLR154C,24.82
YLR154C-G,27.91
YLR154C-H,29.11
YLR154W-A,25.14
YLR154W-B,25.4
YLR154W-C,25.4
YLR154W-E,25.58
YLR154W-F,25.58
YLR155C,29.38
YLR156C-A,29.54
YLR156W,29.47
YLR157C,29.59
YLR157C-B,
YLR157C-C,29.7
YLR157W-D,29.63
YLR157W-E,29.7
YLR158C,29.5
YLR159C-A,29.08
YLR159W,29.08
YLR160C,28.87
YLR161W,28.51
YLR162W,28.37
YLR162W-A,28.19
YLR163C,27.51
YLR163W-A,27.51
YLR164W,27.18
YLR165C,26.92
YLR166C,26.25
YLR167W,26.01
YLR168C,25.72
YLR169W,25.4
YLR170C,25.4
YLR171W,25.4
YLR172C,25.03
YLR173W,24.62
YLR174W,23.65
YLR175W,23.08
YLR176C,20.75
YLR177W,20.4
YLR178C,20.39
YLR179C,20.69
YLR180W,20.69
YLR181C,22.3
YLR182W,22.3
YLR183C,24.82
YLR184W,24.82
YLR185W,25.26
YLR186W,25.62
YLR187W,25.93
YLR188W,26.65
YLR189C,28.33
YLR190W,28.33
YLR191W,28.97
YLR192C,30.03
YLR193C,30.41
YLR194C,30.78
YLR195C,31.52
YLR196W,31.52
YLR197W,32.17
YLR198C,32.77
YLR199C,33.05
YLR200W,33.05
YLR201C,33.31
YLR202C,33.56
YLR203C,33.8
YLR204W,33.8
YLR205C,34.23
YLR206W,34.41
YLR207W,34.65
YLR208W,34.63
YLR209C,34.36
YLR210W,34.36
YLR211C,33.49
YLR212C,33.05
YLR213C,31.96
YLR214W,31.35
YLR215C,29.62
YLR216C,29.11
YLR217W,29.11
YLR218C,28.63
YLR219W,28.63
YLR220W,27.25
YLR221C,26.29
YLR222C,24.7
YLR222C-A,24.7
YLR223C,21.94
YLR224W,21.21
YLR225C,20.0
YLR226W,19.51
YLR227C,18.71
YLR227W-B,
YLR228C,18.59
YLR229C,19.51
YLR230W,19.51
YLR231C,20.86
YLR232W,20.86
YLR233C,22.98
YLR234W,22.98
YLR235C,23.92
YLR236C,23.92
YLR237W,24.23
YLR238W,24.57
YLR239C,24.49
YLR240W,24.49
YLR241W,24.41
YLR242C,25.12
YLR243W,25.12
YLR244C,26.28
YLR245C,26.28
YLR246W,26.28
YLR247C,28.06
YLR248W,28.06
YLR249W,28.04
YLR250W,27.39
YLR251W,27.13
YLR252W,27.13
YLR253W,26.83
YLR254C,26.12
YLR255C,25.71
YLR256W,25.27
YLR256W-A,
YLR257W,20.71
YLR258W,21.48
YLR259C,24.31
YLR260W,24.97
YLR261C,26.36
YLR262C,26.36
YLR262CA,
YLR262C-A,26.67
YLR263W,26.92
YLR264C-A,27.54
YLR264W,27.34
YLR265C,27.96
YLR266C,28.49
YLR267W,28.49
YLR268W,29.1
YLR269C,29.42
YLR270W,29.42
YLR271W,30.11
YLR272C,31.56
YLR273C,32.76
YLR274W,32.95
YLR275W,33.37
YLR276C,33.53
YLR277C,33.48
YLR278C,32.42
YLR279W,32.04
YLR280C,32.04
YLR281C,32.04
YLR282C,31.64
YLR283W,32.04
YLR284C,31.21
YLR285C-A,30.3
YLR285W,30.77
YLR286C,29.84
YLR286W-A,30.3
YLR287C,28.97
YLR287C-A,28.59
YLR288C,27.98
YLR289W,27.98
YLR290C,27.48
YLR291C,27.27
YLR292C,27.14
YLR293C,26.97
YLR294C,26.97
YLR295C,26.76
YLR296W,26.76
YLR297W,26.51
YLR298C,25.84
YLR299C-A,24.93
YLR299W,25.84
YLR300W,24.44
YLR301W,23.53
YLR302C,22.84
YLR303W,22.84
YLR304C,21.91
YLR305C,21.88
YLR306W,21.88
YLR307C-A,22.65
YLR307W,22.35
YLR308W,22.99
YLR309C,24.63
YLR310C,26.35
YLR311C,26.65
YLR312C,26.96
YLR312WA,
YLR312W-A,27.26
YLR313C,28.12
YLR314C,28.37
YLR315W,28.57
YLR316C,28.8
YLR317W,28.72
YLR318W,28.8
YLR319C,28.67
YLR320W,28.67
YLR321C,28.97
YLR322W,28.97
YLR323C,29.05
YLR324W,29.05
YLR325C,28.88
YLR326W,28.88
YLR327C,28.27
YLR328W,27.83
YLR329W,26.8
YLR330W,26.27
YLR331C,24.91
YLR332W,24.91
YLR333C,24.88
YLR334C,24.88
YLR335W,25.28
YLR336C,27.8
YLR337C,28.57
YLR338W,28.57
YLR339C,29.13
YLR340W,28.87
YLR341W,29.33
YLR342W,29.6
YLR342W-A,29.19
YLR343W,29.19
YLR344W,28.48
YLR345W,28.4
YLR346C,28.52
YLR347C,29.85
YLR347W-A,29.03
YLR348C,30.31
YLR349W,30.31
YLR350W,30.78
YLR351C,31.69
YLR352W,31.69
YLR353W,33.2
YLR354C,34.2
YLR355C,34.53
YLR356W,35.15
YLR357W,35.43
YLR358C,35.96
YLR359W,35.96
YLR360W,36.46
YLR361C,37.16
YLR361C-A,37.37
YLR362W,37.37
YLR363C,37.81
YLR363W-A,37.88
YLR364C-A,37.94
YLR364W,37.88
YLR365W,37.92
YLR366W,37.94
YLR367W,37.94
YLR368W,37.96
YLR369W,37.94
YLR370C,37.93
YLR371W,37.91
YLR372W,37.07
YLR373C,35.07
YLR374C,35.07
YLR375W,35.07
YLR376C,33.76
YLR377C,33.12
YLR378C,31.98
YLR379W,31.98
YLR380W,31.49
YLR381W,30.67
YLR382C,28.98
YLR383W,28.98
YLR384C,29.01
YLR385C,29.36
YLR386W,29.36
YLR387C,30.9
YLR388W,30.9
YLR389C,32.45
YLR390W,32.45
YLR390WA,
YLR390W-A,32.57
YLR391W,
YLR392C,32.52
YLR393W,32.52
YLR394W,32.44
YLR395C,32.28
YLR396C,32.1
YLR397C,32.05
YLR398C,31.83
YLR399C,31.3
YLR399W-A,31.52
YLR400W,31.3
YLR401C,30.45
YLR402W,30.45
YLR403W,30.1
YLR404W,29.07
YLR405W,28.82
YLR406C,28.48
YLR406C-A,28.4
YLR407W,28.4
YLR408C,28.37
YLR409C,28.42
YLR410W,28.45
YLR410W-A,
YLR410W-B,
YLR411W,29.09
YLR412C-A,30.33
YLR412W,29.64
YLR413W,30.33
YLR414C,31.41
YLR415C,31.76
YLR416C,31.76
YLR417W,31.76
YLR418C,32.68
YLR419W,32.95
YLR420W,34.31
YLR421C,34.7
YLR422W,34.7
YLR423C,34.78
YLR424W,34.69
YLR425W,33.52
YLR426W,32.72
YLR427W,32.32
YLR428C,31.94
YLR429W,31.94
YLR430W,31.18
YLR431C,27.99
YLR432W,27.64
YLR433C,27.08
YLR434C,27.06
YLR435W,27.06
YLR436C,27.65
YLR437C,27.8
YLR437C-A,27.89
YLR438CA,
YLR438C-A,27.91
YLR438W,27.89
YLR439W,27.89
YLR440C,27.7
YLR441C,27.63
YLR442C,27.68
YLR443W,27.83
YLR444C,28.04
YLR445W,28.04
YLR446W,28.31
YLR447C,29.32
YLR448W,29.72
YLR449W,30.59
YLR450W,31.35
YLR451W,31.93
YLR452C,31.5
YLR453C,31.39
YLR454W,31.29
YLR455W,29.47
YLR456W,29.18
YLR457C,28.93
YLR458W,28.93
YLR459W,28.93
YLR460C,28.93
YLR461W,28.93
YLR462W,28.93
YLR463C,28.93
YLR464W,28.93
YLR465C,28.93
YLR466C-A,28.93
YLR466C-B,28.93
YLR466W,28.93
YLR467C-A,28.93
YLR467W,28.93
YML001W,20.52
YML002W,20.24
YML003W,20.37
YML004C,20.37
YML005W,21.33
YML006C,22.28
YML007C-A,24.47
YML007W,24.05
YML008C,24.47
YML009C,25.39
YML009C-A,25.39
YML009W-B,25.9
YML010C-B,
YML010W,27.0
YML010W-A,
YML010W-B,
YML011C,27.56
YML012C-A,28.08
YML012W,28.08
YML013C-A,
YML013W,28.95
YML014W,29.26
YML015C,29.26
YML016C,29.62
YML017W,29.89
YML018C,30.02
YML019W,30.75
YML020W,31.46
YML021C,31.46
YML022W,32.29
YML023C,32.29
YML024W,33.63
YML025C,34.06
YML026C,34.46
YML027W,35.41
YML028W,35.61
YML029W,35.87
YML030W,35.89
YML031C-A,35.88
YML031W,35.88
YML032C,35.88
YML032C-A,
YML033W,
YML034C-A,35.36
YML034W,35.0
YML035C,35.0
YML035C-A,
YML036W,33.08
YML037C,32.28
YML038C,31.47
YML039W,
YML040W,
YML041C,26.46
YML042W,25.05
YML043C,24.55
YML045W,
YML045W-A,
YML046W,20.94
YML047C,20.94
YML047W-A,21.11
YML048W,21.85
YML048W-A,
YML049C,21.85
YML050W,24.53
YML051W,24.95
YML052W,25.61
YML053C,25.61
YML054C,26.04
YML054C-A,25.97
YML055W,26.04
YML056C,26.01
YML057C-A,25.8
YML057W,25.8
YML058C-A,
YML058W,25.75
YML058W-A,25.75
YML059C,25.7
YML060W,25.64
YML061C,25.63
YML062C,25.53
YML063W,25.08
YML064C,25.08
YML065W,23.99
YML066C,23.72
YML067C,23.53
YML068W,23.49
YML069W,23.84
YML070W,24.46
YML071C,25.21
YML072C,25.87
YML073C,27.0
YML074C,27.58
YML075C,27.96
YML076C,28.78
YML077W,29.26
YML078W,29.36
YML079W,29.44
YML080W,29.5
YML081CA,
YML081C-A,29.23
YML081W,29.36
YML082W,28.88
YML083C,28.67
YML084W,28.23
YML085C,28.23
YML086C,27.84
YML087C,27.62
YML088W,27.68
YML089C,27.77
YML090W,27.77
YML091C,27.77
YML092C,28.19
YML093W,28.95
YML094C-A,28.95
YML094W,29.3
YML095C,29.3
YML095C-A,
YML096W,30.19
YML097C,30.19
YML098W,31.92
YML099C,31.92
YML099W-A,33.35
YML100W,33.71
YML100WA,
YML100W-A,33.63
YML101C,33.63
YML101C-A,33.63
YML102C-A,
YML102W,33.3
YML103C,33.1
YML104C,31.92
YML105C,31.1
YML106W,30.39
YML107C,30.0
YML108W,29.59
YML109W,28.46
YML110C,28.16
YML111W,27.31
YML112W,26.8
YML113W,26.45
YML114C,26.45
YML115C,25.58
YML116W,23.84
YML116W-A,23.53
YML117W,23.17
YML117W-A,
YML118W,23.43
YML119W,23.65
YML120C,23.91
YML121W,24.83
YML122C,25.16
YML123C,25.16
YML124C,25.79
YML125C,26.32
YML126C,26.76
YML127W,27.28
YML128C,27.28
YML129C,27.53
YML130C,27.62
YML131W,27.62
YML132W,27.62
YML133C,27.62
YML133W-A,27.62
YML133W-B,27.62
YMR001C,21.81
YMR001C-A,22.03
YMR002W,22.03
YMR003W,22.14
YMR004W,22.13
YMR005W,21.79
YMR006C,20.33
YMR007W,20.33
YMR008C,19.39
YMR009W,19.25
YMR010W,19.19
YMR011W,19.48
YMR012W,20.32
YMR013C,23.34
YMR013C-A,23.34
YMR013W-A,23.98
YMR014W,24.65
YMR015C,26.75
YMR016C,29.3
YMR017W,29.82
YMR018W,31.35
YMR019W,32.5
YMR020W,34.39
YMR021C,36.22
YMR022W,36.78
YMR023C,37.76
YMR024W,38.15
YMR025W,38.47
YMR026C,38.89
YMR027W,38.99
YMR028W,39.02
YMR029C,38.7
YMR030W,38.46
YMR030W-A,36.11
YMR031C,36.96
YMR031WA,
YMR031W-A,36.96
YMR032W,36.96
YMR033W,35.7
YMR034C,34.61
YMR035W,34.61
YMR036C,34.06
YMR037C,33.44
YMR038C,32.88
YMR039C,32.51
YMR040W,32.08
YMR041C,31.0
YMR042W,30.36
YMR043W,29.67
YMR044W,28.92
YMR045C,
YMR046C,
YMR046W-A,23.04
YMR047C,20.68
YMR048W,20.68
YMR049C,19.73
YMR050C,
YMR051C,
YMR052C-A,25.01
YMR052W,25.01
YMR053C,26.98
YMR054W,26.98
YMR055C,29.52
YMR056C,30.02
YMR057C,30.44
YMR058W,30.44
YMR059W,31.07
YMR060C,31.27
YMR061W,31.42
YMR062C,31.72
YMR063W,31.88
YMR064W,32.11
YMR065W,32.75
YMR066W,33.14
YMR067C,34.57
YMR068W,34.72
YMR069W,34.6
YMR070W,34.31
YMR071C,33.43
YMR072W,33.43
YMR073C,32.4
YMR074C,32.4
YMR075CA,
YMR075C-A,30.97
YMR075W,31.89
YMR076C,29.97
YMR077C,29.76
YMR078C,29.23
YMR079W,29.23
YMR080C,27.54
YMR081C,27.22
YMR082C,27.03
YMR083W,27.28
YMR084W,28.13
YMR085W,28.13
YMR086C-A,31.2
YMR086W,29.38
YMR087W,31.2
YMR088C,32.49
YMR089C,33.43
YMR090W,33.68
YMR091C,34.05
YMR092C,34.19
YMR093W,34.15
YMR094W,33.89
YMR095C,33.51
YMR096W,33.51
YMR097C,33.09
YMR098C,32.47
YMR099C,32.14
YMR100W,32.01
YMR101C,31.78
YMR102C,31.89
YMR103C,32.04
YMR104C,32.5
YMR105C,33.14
YMR105W-A,33.14
YMR106C,33.2
YMR107W,32.79
YMR108W,32.57
YMR109W,31.93
YMR110C,30.97
YMR111C,30.25
YMR112C,30.25
YMR113W,29.81
YMR114C,28.79
YMR115W,28.27
YMR116C,27.06
YMR117C,26.84
YMR118C,26.73
YMR119W,26.93
YMR119WA,
YMR119W-A,27.57
YMR120C,28.26
YMR121C,28.51
YMR122C,28.69
YMR122W-A,28.69
YMR123W,28.71
YMR124W,28.71
YMR125W,27.86
YMR126C,25.61
YMR127C,25.11
YMR128W,24.57
YMR129W,21.88
YMR130W,19.94
YMR131C,19.94
YMR132C,19.94
YMR133W,20.25
YMR134W,21.28
YMR135C,22.53
YMR135W-A,22.53
YMR136W,23.11
YMR137C,24.62
YMR138W,24.62
YMR139W,24.78
YMR140W,24.96
YMR141C,25.05
YMR141W-A,25.09
YMR142C,25.09
YMR143W,25.16
YMR144W,25.27
YMR145C,25.93
YMR146C,26.68
YMR147W,27.14
YMR148W,27.62
YMR149W,28.12
YMR150C,28.63
YMR151W,28.63
YMR152W,29.14
YMR153CA,
YMR153C-A,30.69
YMR153W,29.66
YMR154C,31.69
YMR155W,31.69
YMR156C,32.8
YMR157C,33.01
YMR158C-A,33.15
YMR158W,33.01
YMR158W-A,
YMR158W-B,33.25
YMR159C,33.31
YMR160W,33.31
YMR161W,33.39
YMR162C,33.1
YMR163C,32.78
YMR164C,32.24
YMR165C,31.54
YMR166C,31.35
YMR167W,31.14
YMR168C,30.01
YMR169C,29.27
YMR170C,28.37
YMR171C,27.24
YMR172CA,
YMR172C-A,25.65
YMR172W,26.66
YMR173W,25.27
YMR173WA,
YMR173W-A,25.27
YMR174C,24.95
YMR175W,24.71
YMR175W-A,24.71
YMR176W,24.55
YMR177W,24.98
YMR178W,25.75
YMR179W,26.56
YMR180C,27.46
YMR181C,27.64
YMR182C,27.75
YMR182W-A,27.76
YMR183C,27.44
YMR184W,27.44
YMR185W,27.1
YMR186W,25.74
YMR187C,24.01
YMR188C,23.6
YMR189W,23.6
YMR190C,19.62
YMR191W,19.46
YMR192W,19.56
YMR193C-A,22.06
YMR193W,21.24
YMR194C-A,23.89
YMR194C-B,23.89
YMR194W,22.06
YMR195W,24.82
YMR196W,25.68
YMR197C,27.73
YMR198W,27.99
YMR199W,28.77
YMR200W,29.48
YMR201C,30.25
YMR202W,30.25
YMR203W,30.62
YMR204C,31.48
YMR205C,31.36
YMR206W,31.14
YMR207C,29.6
YMR208W,29.39
YMR209C,28.83
YMR210W,28.83
YMR211W,28.7
YMR212C,29.71
YMR213W,29.71
YMR214W,30.64
YMR215W,31.54
YMR216C,33.07
YMR217W,33.44
YMR218C,35.39
YMR219W,35.39
YMR220W,37.06
YMR221C,37.74
YMR222C,37.93
YMR223W,38.1
YMR224C,38.46
YMR225C,38.46
YMR226C,38.47
YMR227C,38.39
YMR228W,38.31
YMR229C,38.48
YMR230W,38.58
YMR230W-A,38.68
YMR231W,38.68
YMR232W,39.01
YMR233W,39.07
YMR234W,38.99
YMR235C,38.08
YMR236W,38.08
YMR237W,37.5
YMR238W,35.85
YMR239C,31.63
YMR240C,30.73
YMR241W,29.96
YMR242C,28.88
YMR242W-A,28.88
YMR243C,28.39
YMR244CA,
YMR244C-A,28.26
YMR244W,28.31
YMR245W,28.28
YMR246W,28.23
YMR247C,28.81
YMR247W-A,29.13
YMR250W,29.88
YMR251W,30.58
YMR251WA,
YMR251W-A,31.09
YMR252C,31.27
YMR253C,31.42
YMR254C,31.52
YMR255W,31.52
YMR256C,31.6
YMR257C,31.68
YMR258C,31.63
YMR259C,30.85
YMR260C,30.56
YMR261C,29.5
YMR262W,29.1
YMR263W,28.69
YMR264W,28.27
YMR265C,27.41
YMR266W,27.41
YMR267W,25.84
YMR268C,25.17
YMR269W,25.17
YMR270C,24.54
YMR271C,24.21
YMR272C,22.79
YMR272W-A,23.16
YMR272W-B,22.79
YMR273C,21.81
YMR274C,21.59
YMR275C,21.39
YMR276W,21.39
YMR277W,21.52
YMR278W,22.37
YMR279C,23.96
YMR280C,26.3
YMR281W,26.49
YMR282C,26.6
YMR283C,26.65
YMR284W,26.82
YMR285C,28.59
YMR286W,28.59
YMR287C,30.17
YMR288W,30.17
YMR289W,31.62
YMR290C,32.25
YMR290W-A,32.06
YMR291W,32.44
YMR292W,32.81
YMR293C,33.05
YMR294W,33.05
YMR294WA,
YMR294W-A,33.09
YMR295C,33.05
YMR296C,32.74
YMR297W,32.47
YMR298W,31.83
YMR299C,31.5
YMR300C,30.87
YMR301C,30.0
YMR302C,29.24
YMR303C,28.99
YMR304C-A,27.62
YMR304W,28.73
YMR305C,27.32
YMR306CA,
YMR306C-A,25.2
YMR306W,27.02
YMR307C-A,24.19
YMR307W,24.72
YMR308C,21.62
YMR309C,19.85
YMR310C,19.37
YMR311C,19.38
YMR312W,19.38
YMR313C,20.33
YMR314W,20.94
YMR315W,21.64
YMR315W-A,22.38
YMR316C-A,23.81
YMR316C-B,24.94
YMR316W,23.12
YMR317W,24.42
YMR318C,26.26
YMR319C,26.75
YMR320W,27.66
YMR321C,28.04
YMR322C,28.44
YMR323W,28.83
YMR324C,29.18
YMR325W,29.18
YMR326C,29.18
YNL001W,25.7
YNL002C,25.7
YNL003C,25.48
YNL004W,24.68
YNL005C,24.68
YNL006W,23.87
YNL007C,23.42
YNL008C,22.98
YNL009W,21.71
YNL010W,21.55
YNL011C,21.55
YNL012W,21.46
YNL013C,21.46
YNL014W,21.91
YNL015W,22.14
YNL016W,23.08
YNL017C,23.08
YNL018C,23.48
YNL019C,24.4
YNL020C,25.31
YNL021W,26.65
YNL022C,26.92
YNL023C,27.17
YNL024C,27.97
YNL024C-A,28.11
YNL025C,28.22
YNL026W,28.37
YNL027W,28.25
YNL028W,28.1
YNL029C,28.1
YNL030W,27.53
YNL031C,27.53
YNL032W,26.53
YNL033W,25.85
YNL034W,23.35
YNL035C,22.47
YNL036W,18.63
YNL037C,18.63
YNL038W,18.98
YNL039W,19.56
YNL040W,20.25
YNL041C,20.55
YNL042W,21.54
YNL042W-B,21.83
YNL043C,22.49
YNL044W,22.49
YNL045W,23.62
YNL046W,23.62
YNL047C,24.03
YNL048W,25.29
YNL049C,25.75
YNL050C,26.78
YNL051W,28.51
YNL052W,29.07
YNL053W,30.03
YNL054W,30.94
YNL054W-A,
YNL055C,30.67
YNL056W,30.63
YNL057W,30.61
YNL058C,30.61
YNL059C,30.67
YNL061W,31.18
YNL062C,31.18
YNL063W,31.1
YNL064C,31.1
YNL065W,29.35
YNL066W,28.2
YNL067W,27.38
YNL067W-A,27.19
YNL067W-B,27.38
YNL068C,27.19
YNL069C,27.53
YNL070W,28.18
YNL071W,28.85
YNL072W,29.16
YNL073W,29.74
YNL074C,29.74
YNL075W,30.7
YNL076W,31.57
YNL077W,32.58
YNL078W,33.46
YNL079C,33.46
YNL080C,33.78
YNL081C,34.22
YNL082W,34.31
YNL083W,34.03
YNL084C,34.03
YNL085W,33.17
YNL086W,32.93
YNL087W,31.81
YNL088W,30.43
YNL089C,30.43
YNL090W,30.18
YNL091W,29.53
YNL092W,29.59
YNL093W,29.76
YNL094W,30.36
YNL095C,30.74
YNL096C,31.46
YNL097C,31.92
YNL097C-B,32.08
YNL097W-A,32.03
YNL098C,32.08
YNL099C,32.08
YNL100W,32.03
YNL101W,31.94
YNL102W,32.29
YNL103W,32.66
YNL103W-A,32.62
YNL104C,32.62
YNL105W,32.17
YNL106C,32.17
YNL107W,29.78
YNL108C,28.95
YNL109W,28.12
YNL110C,28.12
YNL111C,27.36
YNL112W,25.75
YNL113W,25.67
YNL114C,25.75
YNL115C,25.67
YNL116W,26.14
YNL117W,26.63
YNL118C,26.92
YNL119W,28.94
YNL120C,28.94
YNL121C,29.72
YNL122C,31.58
YNL123W,35.87
YNL124W,37.46
YNL125C,37.46
YNL126W,38.4
YNL127W,37.93
YNL128W,37.6
YNL129W,37.45
YNL130C,37.28
YNL130C-A,37.45
YNL131W,36.93
YNL132W,36.43
YNL133C,36.32
YNL134C,36.25
YNL135C,36.18
YNL136W,36.0
YNL137C,36.0
YNL138W,34.93
YNL138W-A,34.93
YNL139C,34.38
YNL140C,31.43
YNL141W,30.14
YNL142W,29.18
YNL143C,29.18
YNL144C,28.61
YNL144W-A,28.38
YNL145W,28.34
YNL146C-A,28.34
YNL146W,28.34
YNL147W,28.37
YNL148C,28.37
YNL149C,28.42
YNL150W,28.42
YNL151C,28.49
YNL152W,28.6
YNL153C,28.6
YNL154C,28.59
YNL155W,28.15
YNL156C,27.9
YNL157W,27.61
YNL158W,27.3
YNL159C,27.3
YNL160W,26.37
YNL161W,25.17
YNL162W,24.83
YNL162W-A,24.44
YNL163C,24.44
YNL164C,22.79
YNL165W,21.94
YNL166C,21.94
YNL167C,21.85
YNL168C,22.79
YNL169C,23.32
YNL170W,23.91
YNL171C,23.91
YNL172W,27.12
YNL173C,27.12
YNL174W,27.57
YNL175C,27.57
YNL176C,27.71
YNL177C,28.11
YNL178W,28.49
YNL179C,28.69
YNL180C,28.9
YNL181W,29.28
YNL182C,29.45
YNL183C,29.64
YNL184C,29.43
YNL185C,29.43
YNL186W,28.52
YNL187W,28.07
YNL188W,27.06
YNL189W,26.25
YNL190W,25.91
YNL191W,26.06
YNL192W,27.98
YNL193W,29.18
YNL194C,29.64
YNL195C,30.0
YNL196C,30.27
YNL197C,30.61
YNL198C,30.81
YNL199C,30.81
YNL200C,30.92
YNL201C,30.99
YNL202W,31.03
YNL203C,31.09
YNL204C,31.03
YNL205C,30.9
YNL206C,30.9
YNL207W,30.21
YNL208W,29.93
YNL209W,29.38
YNL210W,29.03
YNL211C,29.03
YNL212W,29.16
YNL213C,29.16
YNL214W,29.63
YNL215W,29.92
YNL216W,30.93
YNL217W,31.29
YNL218W,32.08
YNL219C,32.53
YNL220W,34.1
YNL221C,34.64
YNL222W,36.26
YNL223W,36.64
YNL224C,36.64
YNL225C,36.69
YNL226W,36.52
YNL227C,36.52
YNL228W,36.26
YNL229C,36.26
YNL230C,35.9
YNL231C,35.67
YNL232W,34.86
YNL233W,33.91
YNL234W,33.57
YNL235C,33.57
YNL236W,32.06
YNL237W,31.67
YNL238W,30.58
YNL239W,30.17
YNL240C,30.17
YNL241C,30.17
YNL242W,31.89
YNL243W,32.53
YNL244C,32.61
YNL245C,32.63
YNL246W,32.57
YNL247W,32.08
YNL248C,32.08
YNL249C,31.89
YNL250W,31.18
YNL251C,31.08
YNL252C,30.85
YNL253W,30.6
YNL254C,30.5
YNL255C,30.43
YNL256W,30.72
YNL257C,30.72
YNL258C,31.89
YNL259C,32.94
YNL260C,32.94
YNL261W,33.37
YNL262W,33.45
YNL263C,33.42
YNL264C,33.4
YNL265C,33.37
YNL266W,33.34
YNL267W,32.94
YNL268W,32.59
YNL269W,32.4
YNL270C,32.4
YNL271C,32.08
YNL272C,31.11
YNL273W,29.96
YNL274C,29.96
YNL275W,30.56
YNL276C,30.79
YNL277W,31.04
YNL277W-A,31.31
YNL278W,31.98
YNL279W,31.16
YNL280C,31.16
YNL281W,30.06
YNL282W,29.49
YNL283C,28.92
YNL284C,27.76
YNL284C-A,
YNL284C-B,
YNL285W,25.32
YNL286W,25.15
YNL287W,24.73
YNL288W,24.63
YNL289W,25.01
YNL290W,25.29
YNL291C,25.62
YNL292W,26.86
YNL293W,27.7
YNL294C,27.7
YNL295W,29.13
YNL296W,29.13
YNL297C,29.13
YNL298W,30.09
YNL299W,29.49
YNL300W,29.09
YNL301C,28.69
YNL302C,28.06
YNL303W,27.87
YNL304W,27.79
YNL305C,27.84
YNL306W,28.02
YNL307C,28.33
YNL308C,29.25
YNL309W,30.82
YNL310C,30.82
YNL311C,31.3
YNL312W,32.53
YNL313C,32.53
YNL314W,33.96
YNL315C,33.96
YNL316C,34.3
YNL317W,35.09
YNL318C,35.09
YNL319W,35.26
YNL320W,35.2
YNL321W,34.37
YNL322C,34.37
YNL323W,33.1
YNL324W,33.1
YNL325C,33.1
YNL326C,32.24
YNL327W,31.99
YNL328C,32.07
YNL329C,32.17
YNL330C,32.36
YNL331C,32.31
YNL332W,32.23
YNL333W,32.23
YNL334C,32.23
YNL335W,32.23
YNL336W,32.23
YNL337W,32.23
YNL338W,32.23
YNL339C,32.23
YNL339W-A,32.23
YNL339W-B,32.23
YNR001C,25.19
YNR001W-A,25.19
YNR002C,24.8
YNR003C,24.7
YNR003W-A,24.7
YNR004W,24.7
YNR005C,24.96
YNR006W,24.96
YNR007C,25.81
YNR008W,25.81
YNR009W,26.44
YNR010W,26.75
YNR011C,27.75
YNR012W,28.16
YNR013C,30.11
YNR014W,30.56
YNR015W,30.97
YNR016C,33.57
YNR017W,33.9
YNR018W,34.51
YNR019W,34.75
YNR020C,35.0
YNR021W,35.0
YNR022C,34.72
YNR023W,34.72
YNR024W,34.22
YNR025C,33.94
YNR026C,33.64
YNR027W,33.64
YNR028W,33.03
YNR029C,32.45
YNR030W,32.45
YNR031C,30.52
YNR032CA,
YNR032C-A,30.02
YNR032W,30.26
YNR033W,30.02
YNR034W,29.56
YNR034W-A,29.55
YNR035C,29.72
YNR036C,29.72
YNR037C,29.84
YNR038W,29.84
YNR039C,30.33
YNR040W,30.33
YNR041C,30.51
YNR042W,30.51
YNR043W,30.51
YNR044W,30.64
YNR045W,30.82
YNR046W,30.89
YNR047W,30.96
YNR048W,31.2
YNR049C,31.4
YNR050C,31.64
YNR051C,32.07
YNR052C,32.31
YNR053C,32.36
YNR054C,32.27
YNR055C,30.99
YNR056C,30.48
YNR057C,30.37
YNR058W,30.37
YNR059W,30.2
YNR060W,30.08
YNR061C,30.25
YNR062C,30.54
YNR063W,30.71
YNR064C,31.27
YNR065C,31.3
YNR066C,31.14
YNR067C,30.61
YNR068C,30.5
YNR069C,30.3
YNR070W,30.06
YNR071C,29.34
YNR072W,29.25
YNR073C,29.42
YNR074C,29.86
YNR075C-A,30.2
YNR075W,30.2
YNR076W,30.2
YNR077C,30.2
YOL001W,24.85
YOL002C,25.28
YOL003C,25.98
YOL004W,26.25
YOL005C,25.99
YOL006C,25.99
YOL007C,25.12
YOL008W,24.69
YOL009C,24.56
YOL010W,24.55
YOL011W,24.99
YOL012C,25.64
YOL013C,25.92
YOL013W-A,26.27
YOL013W-B,26.27
YOL014W,26.35
YOL015W,26.19
YOL016C,25.99
YOL017W,25.01
YOL018C,24.61
YOL019W,23.25
YOL019W-A,23.25
YOL020W,21.44
YOL021C,21.44
YOL022C,19.28
YOL023W,19.04
YOL024W,19.3
YOL025W,20.18
YOL026C,20.18
YOL027C,20.72
YOL028C,21.83
YOL029C,22.36
YOL030W,23.85
YOL031C,23.85
YOL032W,24.75
YOL033W,25.62
YOL034W,27.28
YOL035C,27.63
YOL036W,28.17
YOL037C,28.17
YOL038C-A,28.5
YOL038W,28.36
YOL039W,28.5
YOL040C,28.58
YOL041C,28.6
YOL042W,28.34
YOL043C,28.34
YOL044W,27.54
YOL045W,26.41
YOL046C,26.41
YOL047C,26.06
YOL048C,25.72
YOL049W,24.88
YOL050C,24.64
YOL051W,23.96
YOL052C,23.69
YOL052CA,
YOL052C-A,23.08
YOL053C-A,
YOL053W,22.48
YOL054W,22.23
YOL055C,21.85
YOL056W,22.13
YOL057W,23.28
YOL058W,24.36
YOL059W,25.48
YOL060C,26.0
YOL061W,27.43
YOL062C,27.87
YOL063C,28.29
YOL064C,29.75
YOL065C,30.03
YOL066C,30.28
YOL067C,30.66
YOL068C,30.8
YOL069W,31.0
YOL070C,31.0
YOL071W,30.86
YOL072W,30.49
YOL073C,30.49
YOL075C,30.22
YOL076W,28.08
YOL077C,28.08
YOL077W-A,27.82
YOL078W,26.22
YOL079W,25.63
YOL080C,26.22
YOL081W,20.33
YOL082W,20.19
YOL083C-A,20.34
YOL083W,20.51
YOL084W,21.29
YOL085C,21.59
YOL085W-A,21.59
YOL086C,21.9
YOL086W-A,22.54
YOL087C,22.54
YOL088C,23.9
YOL089C,24.25
YOL090W,26.43
YOL091W,27.13
YOL092W,27.81
YOL093W,28.14
YOL094C,28.14
YOL095C,28.45
YOL096C,29.23
YOL097C,29.37
YOL097W-A,29.46
YOL098C,29.46
YOL099C,29.09
YOL100W,28.35
YOL101C,27.91
YOL102C,27.73
YOL103W,27.19
YOL103W-A,
YOL103W-B,
YOL104C,25.73
YOL105C,25.4
YOL106W,25.23
YOL107W,25.19
YOL108C,25.19
YOL109W,25.22
YOL110W,25.33
YOL111C,25.33
YOL112W,25.45
YOL113W,25.54
YOL114C,25.57
YOL115W,25.57
YOL116W,25.5
YOL117W,25.39
YOL118C,25.32
YOL119C,25.32
YOL120C,25.19
YOL121C,25.03
YOL122C,24.92
YOL123W,24.42
YOL124C,24.35
YOL125W,24.38
YOL126C,24.47
YOL127W,24.73
YOL128C,24.89
YOL129W,25.23
YOL130W,25.89
YOL131W,26.44
YOL132W,26.72
YOL133W,26.99
YOL134C,26.99
YOL135C,27.24
YOL136C,27.48
YOL137W,28.09
YOL138C,28.09
YOL139C,28.68
YOL140W,28.8
YOL141W,28.84
YOL142W,28.83
YOL143C,28.79
YOL144W,28.54
YOL145C,28.54
YOL146W,27.14
YOL147C,27.14
YOL148C,26.7
YOL149W,25.55
YOL150C,25.55
YOL151W,25.24
YOL152W,24.6
YOL153C,
YOL154W,24.96
YOL155C,25.83
YOL155W-A,27.14
YOL156W,27.26
YOL157C,27.32
YOL158C,27.39
YOL159C,28.06
YOL159C-A,28.49
YOL160W,28.72
YOL161C,29.35
YOL162W,29.67
YOL163W,29.67
YOL164W,30.37
YOL164W-A,30.59
YOL165C,30.59
YOL166C,30.59
YOL166W-A,30.59
YOR001W,24.37
YOR002W,22.84
YOR003W,21.95
YOR004W,21.3
YOR005C,20.84
YOR006C,20.9
YOR007C,21.02
YOR008C,21.64
YOR008C-A,21.64
YOR008W-B,21.88
YOR009W,22.14
YOR010C,22.65
YOR011W,23.43
YOR011W-A,25.15
YOR012W,25.61
YOR013W,25.61
YOR014W,26.14
YOR015W,27.35
YOR016C,27.98
YOR017W,28.62
YOR018W,30.28
YOR019W,31.19
YOR020C,32.04
YOR020W-A,32.4
YOR021C,33.2
YOR022C,34.02
YOR023C,34.7
YOR024W,34.7
YOR025W,34.7
YOR026W,35.12
YOR027W,35.26
YOR028C,35.66
YOR029W,35.66
YOR030W,35.96
YOR031W,
YOR032C,36.64
YOR032W-A,36.76
YOR033C,36.81
YOR034C,36.53
YOR034C-A,36.31
YOR035C,35.74
YOR036W,35.41
YOR037W,35.05
YOR038C,33.22
YOR039W,33.22
YOR040W,32.61
YOR041C,31.22
YOR042W,31.22
YOR043W,29.8
YOR044W,28.64
YOR045W,28.21
YOR046C,27.63
YOR047C,27.35
YOR048C,26.58
YOR049C,25.58
YOR050C,24.98
YOR051C,24.36
YOR052C,23.13
YOR053W,23.13
YOR054C,22.04
YOR055W,22.04
YOR056C,21.17
YOR057W,21.17
YOR058C,20.73
YOR059C,22.16
YOR060C,22.16
YOR061W,22.66
YOR062C,23.72
YOR063W,24.24
YOR064C,25.07
YOR065W,25.3
YOR066W,25.32
YOR067C,24.43
YOR068C,24.43
YOR069W,24.43
YOR070C,23.7
YOR071C,23.38
YOR072W,23.38
YOR072W-A,23.38
YOR072W-B,23.03
YOR073W,23.03
YOR073W-A,22.9
YOR074C,22.9
YOR075W,22.9
YOR076C,23.62
YOR077W,23.62
YOR078W,23.98
YOR079C,24.81
YOR080W,24.81
YOR081C,26.09
YOR082C,26.2
YOR083W,26.2
YOR084W,26.21
YOR085W,26.12
YOR086C,24.27
YOR087W,23.84
YOR088W,
YOR089C,23.17
YOR090C,23.2
YOR091W,23.35
YOR092W,23.58
YOR093C,27.58
YOR094W,27.58
YOR095C,28.7
YOR096W,29.22
YOR097C,30.17
YOR098C,31.18
YOR099W,31.38
YOR100C,32.02
YOR101W,32.36
YOR102W,32.77
YOR103C,32.77
YOR104W,33.24
YOR105W,33.24
YOR106W,33.77
YOR107W,35.58
YOR108C-A,37.12
YOR108W,36.16
YOR109W,37.48
YOR110W,38.23
YOR111W,38.58
YOR112W,38.71
YOR113W,38.86
YOR114W,38.46
YOR115C,37.98
YOR116C,36.94
YOR117W,36.69
YOR118W,36.18
YOR119C,34.68
YOR120W,34.68
YOR121C,34.19
YOR122C,33.69
YOR123C,32.65
YOR124C,30.81
YOR125C,30.46
YOR126C,30.15
YOR127W,30.15
YOR128C,28.72
YOR129C,28.13
YOR130C,28.23
YOR131C,28.73
YOR132W,28.73
YOR133W,29.69
YOR134W,31.91
YOR135C,32.48
YOR136W,32.48
YOR137C,32.68
YOR138C,32.34
YOR139C,32.25
YOR140W,32.34
YOR141C,32.21
YOR142W,32.21
YOR142W-B,
YOR143C,27.78
YOR144C,27.51
YOR145C,27.52
YOR146W,27.52
YOR147W,27.61
YOR148C,28.03
YOR149C,29.22
YOR150W,29.22
YOR151C,32.02
YOR152C,32.88
YOR153W,33.24
YOR154W,34.5
YOR155C,34.68
YOR156C,34.27
YOR157C,34.07
YOR158W,34.07
YOR159C,33.69
YOR160W,33.69
YOR161C,32.97
YOR161C-C,32.78
YOR161W-A,33.12
YOR161W-B,33.12
YOR162C,32.11
YOR163W,31.62
YOR164C,30.4
YOR165W,30.4
YOR166C,27.98
YOR167C,27.98
YOR168W,27.49
YOR169C,26.78
YOR170W,26.78
YOR171C,26.46
YOR172W,26.46
YOR173W,26.67
YOR174W,26.82
YOR175C,27.53
YOR176W,27.86
YOR177C,29.34
YOR178C,30.11
YOR179C,30.06
YOR180C,29.68
YOR181W,29.41
YOR182C,28.77
YOR183W,28.77
YOR184W,28.69
YOR185C,28.73
YOR186C-A,29.04
YOR186W,28.84
YOR187W,29.04
YOR188W,29.68
YOR189W,31.3
YOR190W,31.63
YOR191W,32.18
YOR192C,33.92
YOR192C-A,
YOR192C-B,
YOR192C-C,35.19
YOR193W,36.24
YOR194C,36.43
YOR195W,36.43
YOR196C,37.09
YOR197W,37.09
YOR198C,37.86
YOR199W,37.86
YOR200W,38.05
YOR201C,38.18
YOR202W,38.18
YOR203W,38.22
YOR204W,38.22
YOR205C,36.35
YOR206W,36.35
YOR207C,33.47
YOR208W,33.47
YOR209C,33.15
YOR210W,33.29
YOR211C,34.2
YOR212W,34.47
YOR213C,34.51
YOR214C,34.29
YOR215C,33.97
YOR216C,33.56
YOR217W,33.07
YOR218C,31.88
YOR219C,29.95
YOR220W,29.43
YOR221C,28.68
YOR222W,28.43
YOR223W,28.26
YOR224C,28.08
YOR225W,28.08
YOR226C,28.08
YOR227W,28.07
YOR228C,28.07
YOR229W,28.02
YOR230W,27.9
YOR231C-A,27.79
YOR231W,27.82
YOR232W,27.76
YOR233W,27.73
YOR234C,27.52
YOR235W,27.52
YOR236W,27.41
YOR237W,27.29
YOR238W,27.02
YOR239W,26.93
YOR240W,
YOR241W,26.99
YOR242C,28.08
YOR243C,30.62
YOR244W,30.62
YOR245C,33.79
YOR246C,34.7
YOR247W,35.45
YOR248W,35.45
YOR249C,36.47
YOR250C,36.45
YOR251C,36.39
YOR252W,36.39
YOR253W,36.37
YOR254C,36.54
YOR255W,36.74
YOR256C,37.6
YOR257W,37.6
YOR258W,37.9
YOR259C,38.36
YOR260W,38.36
YOR261C,38.62
YOR262W,38.61
YOR263C,38.57
YOR264W,38.57
YOR265W,38.44
YOR266W,38.44
YOR267C,38.31
YOR268C,38.28
YOR269W,38.22
YOR270C,37.0
YOR271C,36.34
YOR272W,35.53
YOR273C,31.79
YOR274W,30.95
YOR275C,28.96
YOR276W,28.42
YOR277C,28.42
YOR278W,27.9
YOR279C,26.87
YOR280C,26.34
YOR281C,25.82
YOR282W,25.82
YOR283W,25.33
YOR284W,24.92
YOR285W,24.6
YOR286W,24.39
YOR287C,24.31
YOR288C,24.35
YOR289W,24.52
YOR290C,26.23
YOR291W,26.23
YOR292C,25.23
YOR293C-A,24.93
YOR293W,25.23
YOR294W,24.62
YOR295W,24.62
YOR296W,24.28
YOR297C,23.5
YOR298CA,
YOR298C-A,24.17
YOR298W,23.5
YOR299W,24.55
YOR300W,25.23
YOR301W,25.23
YOR302W,25.73
YOR303W,25.73
YOR304CA,
YOR304C-A,25.89
YOR304W,25.97
YOR305W,25.89
YOR306C,25.72
YOR307C,25.57
YOR308C,25.18
YOR309C,25.18
YOR310C,24.77
YOR311C,24.52
YOR312C,24.26
YOR313C,23.71
YOR314W,23.71
YOR314W-A,23.17
YOR315W,23.17
YOR316C,22.32
YOR316C-A,22.32
YOR317W,21.86
YOR318C,21.83
YOR319W,21.83
YOR320C,22.37
YOR321W,22.8
YOR322C,25.98
YOR323C,27.28
YOR324C,28.47
YOR325W,28.47
YOR326W,28.99
YOR327C,30.9
YOR328W,31.23
YOR329C,34.94
YOR329W-A,34.94
YOR330C,36.73
YOR331C,36.73
YOR332W,36.73
YOR333C,36.99
YOR334W,36.99
YOR335C,37.35
YOR335W-A,37.3
YOR336W,37.3
YOR337W,36.74
YOR338W,36.34
YOR339C,35.69
YOR340C,35.27
YOR341W,34.79
YOR342C,31.08
YOR343C,30.58
YOR343W-A,
YOR343W-B,
YOR344C,25.18
YOR345C,24.5
YOR346W,24.5
YOR347C,26.33
YOR348C,27.46
YOR349W,28.0
YOR350C,29.88
YOR351C,30.35
YOR352W,30.35
YOR353C,31.0
YOR354C,31.44
YOR355W,31.6
YOR356W,32.14
YOR357C,32.5
YOR358W,32.5
YOR359W,32.65
YOR360C,32.85
YOR361C,32.31
YOR362C,31.98
YOR363C,30.48
YOR364W,30.17
YOR365C,29.65
YOR366W,29.65
YOR367W,29.65
YOR368W,29.42
YOR369C,28.97
YOR370C,28.47
YOR371C,27.56
YOR372C,26.45
YOR373W,26.45
YOR374W,25.2
YOR375C,23.84
YOR376W,23.84
YOR376W-A,22.8
YOR377W,21.59
YOR378W,20.16
YOR379C,19.9
YOR380W,19.77
YOR381W,20.65
YOR381W-A,22.26
YOR382W,22.77
YOR383C,23.25
YOR384W,23.73
YOR385W,25.13
YOR386W,26.02
YOR387C,27.18
YOR388C,27.26
YOR389W,27.15
YOR390W,26.71
YOR391C,26.71
YOR392W,26.71
YOR393W,26.71
YOR394C-A,26.71
YOR394W,26.71
YOR396C-A,26.71
YOR396W,26.71
YPL001W,23.22
YPL002C,23.22
YPL003W,25.06
YPL004C,25.06
YPL005W,26.49
YPL006W,27.7
YPL007C,27.96
YPL008W,28.88
YPL009C,29.01
YPL010W,29.0
YPL011C,29.0
YPL012W,27.93
YPL013C,27.93
YPL014W,27.37
YPL015C,27.11
YPL016W,25.4
YPL017C,25.4
YPL018W,23.72
YPL019C,23.01
YPL020C,21.77
YPL021W,21.42
YPL022W,23.66
YPL023C,23.66
YPL024W,25.73
YPL025C,26.29
YPL026C,26.29
YPL027W,27.67
YPL028W,28.42
YPL029W,29.05
YPL030W,29.62
YPL031C,29.91
YPL032C,30.23
YPL033C,31.31
YPL034W,32.05
YPL035C,32.05
YPL036W,33.4
YPL037C,33.62
YPL038W,33.75
YPL038W-A,33.75
YPL039W,33.8
YPL040C,33.76
YPL041C,33.28
YPL042C,33.05
YPL043W,31.74
YPL044C,32.02
YPL045W,31.1
YPL046C,30.72
YPL047W,30.3
YPL048W,29.83
YPL049C,29.34
YPL050C,28.38
YPL051W,27.61
YPL052W,27.34
YPL053C,27.34
YPL054W,27.05
YPL055C,27.1
YPL056C,27.2
YPL057C,27.34
YPL058C,27.66
YPL059W,28.12
YPL060C-A,
YPL060W,27.97
YPL061W,27.5
YPL062W,27.13
YPL063W,26.1
YPL064C,26.1
YPL065W,24.67
YPL066W,23.85
YPL067C,23.01
YPL068C,22.21
YPL069C,21.51
YPL070W,20.24
YPL071C,20.24
YPL072W,20.13
YPL073C,20.13
YPL074W,21.05
YPL075W,22.84
YPL076W,24.1
YPL077C,24.7
YPL078C,25.29
YPL079W,26.37
YPL080C,26.37
YPL081W,27.2
YPL082C,27.46
YPL083C,27.45
YPL084W,27.39
YPL085W,25.32
YPL086C,25.32
YPL087W,24.01
YPL088W,23.69
YPL089C,23.69
YPL090C,24.5
YPL091W,25.97
YPL092W,27.0
YPL093W,28.38
YPL094C,28.38
YPL095C,28.75
YPL096C-A,29.63
YPL096W,29.63
YPL097W,30.26
YPL098C,30.26
YPL099C,30.65
YPL100W,31.63
YPL101W,32.21
YPL102C,32.21
YPL103C,32.82
YPL104W,35.2
YPL105C,35.2
YPL106C,36.26
YPL107W,36.88
YPL108W,36.88
YPL109C,36.96
YPL110C,37.04
YPL111W,36.12
YPL112C,35.78
YPL113C,35.4
YPL114W,34.55
YPL115C,34.55
YPL116W,32.47
YPL117C,32.22
YPL118W,31.69
YPL119C,31.69
YPL119C-A,31.07
YPL120W,29.96
YPL121C,29.96
YPL122C,29.62
YPL123C,29.1
YPL124W,28.83
YPL125W,28.84
YPL126W,28.91
YPL127C,28.82
YPL128C,28.67
YPL129W,28.03
YPL130W,27.79
YPL131W,27.35
YPL132W,27.17
YPL133C,27.17
YPL134C,26.84
YPL135C-A,26.39
YPL135W,26.39
YPL136W,26.08
YPL137C,26.08
YPL138C,24.27
YPL139C,23.39
YPL140C,22.96
YPL141C,23.19
YPL142C,23.75
YPL143W,23.91
YPL144W,24.05
YPL145C,24.21
YPL146C,24.59
YPL147W,25.8
YPL148C,26.13
YPL149W,26.43
YPL150W,27.05
YPL151C,27.17
YPL152W,27.3
YPL152W-A,27.3
YPL153C,27.3
YPL154C,27.2
YPL155C,27.19
YPL156C,27.42
YPL157W,27.83
YPL158C,27.83
YPL159C,28.77
YPL160W,30.51
YPL161C,30.51
YPL162C,31.39
YPL163C,31.67
YPL164C,31.94
YPL165C,32.77
YPL166W,33.04
YPL167C,33.31
YPL168W,34.21
YPL169C,34.22
YPL170W,34.06
YPL171C,33.89
YPL172C,33.42
YPL173W,32.84
YPL174C,32.55
YPL175W,31.51
YPL176C,31.51
YPL177C,30.53
YPL178W,30.37
YPL179W,29.99
YPL180W,29.99
YPL181W,30.11
YPL182C,30.11
YPL183C,30.19
YPL183WA,
YPL183W-A,30.46
YPL184C,30.5
YPL185W,30.56
YPL186C,30.56
YPL187W,30.63
YPL188W,30.75
YPL189C-A,31.04
YPL189W,30.94
YPL190C,31.12
YPL191C,31.19
YPL192C,31.09
YPL193W,31.01
YPL194W,30.79
YPL195W,30.36
YPL196W,29.97
YPL197C,29.97
YPL198W,29.74
YPL199C,29.49
YPL200W,29.23
YPL201C,29.23
YPL202C,28.66
YPL203W,27.86
YPL204W,27.44
YPL205C,27.44
YPL206C,27.26
YPL207W,26.65
YPL208W,26.6
YPL209C,26.6
YPL210C,26.73
YPL211W,27.7
YPL212C,27.7
YPL213W,29.26
YPL214C,29.26
YPL215W,30.77
YPL216W,32.02
YPL217C,32.02
YPL218W,32.91
YPL219W,33.1
YPL220W,33.13
YPL221W,32.77
YPL222C-A,32.47
YPL222W,32.1
YPL223C,31.68
YPL224C,30.81
YPL225W,29.97
YPL226W,28.57
YPL227C,28.57
YPL228W,28.31
YPL229W,28.42
YPL230W,28.52
YPL231W,29.33
YPL232W,29.5
YPL233W,29.7
YPL234C,29.91
YPL235W,30.26
YPL236C,30.35
YPL237W,30.29
YPL238C,30.29
YPL239W,30.13
YPL240C,29.89
YPL241C,29.2
YPL242C,28.31
YPL243W,26.71
YPL244C,26.59
YPL245W,26.34
YPL246C,26.34
YPL247C,26.19
YPL248C,25.78
YPL249C,24.75
YPL249CA,
YPL249C-A,23.66
YPL250C,23.26
YPL250W-A,23.42
YPL251W,23.18
YPL252C,23.18
YPL253C,23.17
YPL254W,23.69
YPL255W,24.49
YPL256C,24.94
YPL257W,26.17
YPL257W-A,
YPL257W-B,
YPL258C,28.43
YPL259C,28.72
YPL260W,28.62
YPL261C,28.62
YPL262W,28.23
YPL263C,28.02
YPL264C,27.79
YPL265W,28.3
YPL266W,29.02
YPL267W,29.02
YPL268W,30.42
YPL269W,31.65
YPL270W,32.04
YPL271W,32.08
YPL272C,32.01
YPL273W,31.27
YPL274W,30.87
YPL275W,
YPL276W,
YPL277C,30.68
YPL278C,30.68
YPL279C,30.68
YPL280W,30.68
YPL281C,30.68
YPL282C,30.68
YPL283C,30.68
YPL283W-A,30.68
YPL283W-B,30.68
YPR001W,22.04
YPR002C-A,20.54
YPR002W,21.1
YPR003C,20.78
YPR004C,21.14
YPR005C,22.13
YPR006C,23.39
YPR007C,25.4
YPR008W,25.94
YPR009W,27.23
YPR010C,28.23
YPR010C-A,28.5
YPR011C,28.82
YPR012W,29.16
YPR013C,29.53
YPR014C,30.34
YPR015C,31.54
YPR016C,32.22
YPR016W-A,32.22
YPR017C,32.49
YPR018W,32.71
YPR019W,32.94
YPR020W,32.68
YPR021C,31.68
YPR022C,30.59
YPR023C,30.16
YPR024W,29.94
YPR025C,28.93
YPR026W,28.66
YPR027C,25.78
YPR028W,24.26
YPR029C,21.78
YPR030W,20.97
YPR031W,18.61
YPR032W,18.24
YPR033C,20.09
YPR034W,20.94
YPR035W,24.12
YPR036W,25.11
YPR036W-A,26.61
YPR037C,27.14
YPR038W,27.14
YPR039W,27.14
YPR040W,27.56
YPR041W,27.86
YPR042C,28.5
YPR043W,28.73
YPR044C,28.73
YPR045C,29.35
YPR046W,29.35
YPR047W,29.7
YPR048W,30.43
YPR049C,31.44
YPR050C,31.39
YPR051W,31.44
YPR052C,31.39
YPR053C,31.26
YPR054W,31.26
YPR055W,31.05
YPR056W,30.09
YPR057W,29.51
YPR058W,29.29
YPR059C,29.11
YPR060C,28.95
YPR061C,28.8
YPR062W,28.65
YPR063C,28.47
YPR064W,28.47
YPR065W,28.26
YPR066W,27.7
YPR067W,27.34
YPR068C,26.51
YPR069C,26.09
YPR070W,26.09
YPR071W,25.08
YPR072W,24.91
YPR073C,24.96
YPR074C,25.38
YPR074W-A,25.38
YPR075C,26.04
YPR076W,26.04
YPR077C,26.44
YPR078C,26.89
YPR079W,26.89
YPR080W,27.96
YPR081C,29.88
YPR082C,30.53
YPR083W,30.53
YPR084W,31.74
YPR085C,33.22
YPR086W,33.22
YPR087W,34.01
YPR088C,34.36
YPR089W,34.67
YPR090W,
YPR091C,35.74
YPR092W,35.74
YPR093C,35.96
YPR094W,35.96
YPR095C,36.09
YPR096C,36.1
YPR097W,36.1
YPR098C,35.89
YPR099C,35.89
YPR100W,35.89
YPR101W,35.79
YPR102C,35.67
YPR103W,35.54
YPR104C,35.16
YPR105C,35.04
YPR106W,35.04
YPR107C,34.41
YPR108W,33.93
YPR108W-A,32.79
YPR109W,32.79
YPR110C,31.52
YPR111W,30.87
YPR112C,29.18
YPR113W,29.04
YPR114W,28.95
YPR115W,28.87
YPR116W,28.4
YPR117W,28.21
YPR118W,25.34
YPR119W,23.32
YPR120C,22.1
YPR121W,22.04
YPR122W,22.75
YPR123C,24.85
YPR124W,24.85
YPR125W,25.28
YPR126C,26.12
YPR127W,26.12
YPR128C,27.2
YPR129W,27.2
YPR130C,27.46
YPR131C,27.65
YPR132W,27.65
YPR133C,27.86
YPR133WA,
YPR133W-A,27.86
YPR134W,27.86
YPR135W,27.77
YPR136C,27.52
YPR137C-B,
YPR137W,27.52
YPR138C,25.74
YPR139C,25.29
YPR140W,24.8
YPR141C,23.34
YPR142C,23.03
YPR143W,23.03
YPR144C,22.81
YPR145C-A,23.27
YPR145W,22.92
YPR146C,23.47
YPR147C,23.65
YPR148C,23.92
YPR149W,23.97
YPR150W,23.95
YPR151C,23.85
YPR152C,23.44
YPR153W,23.44
YPR154W,23.13
YPR155C,21.89
YPR156C,20.83
YPR157W,19.75
YPR158C-C,
YPR158C-D,
YPR158W,19.06
YPR158W-A,
YPR158W-B,
YPR159C-A,24.31
YPR159W,22.31
YPR160C-A,26.14
YPR160W,25.24
YPR160W-A,25.24
YPR161C,28.43
YPR162C,28.97
YPR163C,29.14
YPR164W,29.27
YPR165W,29.34
YPR166C,29.26
YPR167C,29.16
YPR168W,29.16
YPR169W,29.04
YPR169W-A,28.69
YPR170C,28.69
YPR170W-A,28.69
YPR170W-B,28.69
YPR171W,28.69
YPR172W,28.99
YPR173C,29.58
YPR174C,29.97
YPR175W,29.97
YPR176C,31.39
YPR177C,31.92
YPR178W,31.92
YPR179C,33.7
YPR180W,33.7
YPR181C,36.06
YPR182W,36.55
YPR183W,36.55
YPR184W,36.97
YPR185W,36.99
YPR186C,36.03
YPR187W,35.64
YPR188C,35.2
YPR189W,35.2
YPR190C,32.43
YPR191W,32.07
YPR192W,31.44
YPR193C,30.93
YPR194C,30.46
YPR195C,30.3
YPR196W,29.82
YPR197C,28.52
YPR198W,29.05
YPR199C,26.32
YPR200C,26.32
YPR201W,26.32
YPR202W,26.32
YPR203W,26.32
YPR204C-A,26.32
YPR204W,26.32
