,cor_c1,pval_cor_c1,beta_c1,pval_beta_c1,cor_c2,pval_cor_c2,beta_c2,pval_beta_c2,adjp_c1,adjp_c2
VPS25,-0.00105379,0.936724,-0.000138372,0.936724,-0.0512265,0.289773,-0.0477602,0.289773,0,0
OPI3,0.0142841,0.30467,0.00491538,0.30467,-0.0828899,0.0109683,-0.111894,0.0109683,0,0
CHO2,-0.0047856,0.72127,-0.00133047,0.72127,-0.0291977,0.49558,-0.0315253,0.49558,0,0
CTK1,-0.0186247,0.560529,-0.0194872,0.560529,0.0042756,0.759527,0.00110864,0.759527,0,0
ELP3,-0.00210593,0.871306,-0.000343191,0.871306,-0.0673708,0.35959,-0.0568825,0.35959,0,0
NUP133,0.00214409,0.871667,0.000421428,0.871667,-0.0969347,0.0450424,-0.0658644,0.0450424,0,0
CTF8,-0.0813608,6.00848E-10,-0.00710575,6.00848E-10,0.036529,0.505211,0.0158387,0.505211,6.37676,0
DOA4,0.0236,0.0790969,0.00381813,0.0790969,-0.0302663,0.4708,-0.0167039,0.4708,0,0
BRE2,-0.0966815,0.0842089,-0.0670284,0.0842089,-0.00692648,0.598329,-0.000983262,0.598329,0,0
SWD1,-0.0778515,0.160158,-0.0530829,0.160158,-0.00939231,0.475274,-0.00139543,0.475274,0,0
SPP1,0.0626742,0.304857,0.0265023,0.304857,0.0265184,0.0427716,0.00303122,0.0427716,0,0
SET1,-0.032137,0.0149051,-0.00484946,0.0149051,-0.0989268,0.0579677,-0.0516982,0.0579677,0,0
HFI1,-0.0115453,0.394346,-0.00287062,0.394346,-0.0594957,0.126203,-0.0704039,0.126203,0,0
SWD3,-0.00548969,0.677988,-0.000875368,0.677988,-0.0536712,0.294148,-0.0380907,0.294148,0,0
SDC1,-0.0906012,0.0943632,-0.0539572,0.0943632,0.00968247,0.462324,0.00135414,0.462324,0,0
BIM1,-0.0220799,0.0971322,-0.00216234,0.0971322,0.0220947,0.636096,0.00910451,0.636096,0,0
BUD13,0.0700498,0.169602,0.0380529,0.169602,0.0197755,0.134762,0.00277996,0.134762,0,0
BRR1,-0.0441458,0.311307,-0.0175335,0.311307,0.0240788,0.0721185,0.00197881,0.0721185,0,0
BUD22,0.0105775,0.844127,0.00717159,0.844127,0.00530624,0.687246,0.000841236,0.687246,0,0
BUD20,0.0123649,0.350168,0.00127242,0.350168,-0.0298138,0.554157,-0.0138932,0.554157,0,0
IBA57,-8.17688E-05,0.995128,-1.67557E-05,0.995128,-0.112989,0.00943171,-0.109882,0.00943171,0,0
CAR2,-0.0230803,0.0771317,-0.00196937,0.0771317,-0.00984185,0.87919,-0.00696528,0.87919,0,0
SRV2,0.0261403,0.0547803,0.00673518,0.0547803,-0.0271122,0.47136,-0.0241509,0.47136,0,0
BUD21,0.00851888,0.515626,0.000980922,0.515626,0.0387305,0.517898,0.0264702,0.517898,0,0
CCE1,-0.0815265,0.0167875,-0.0385876,0.0167875,0.0105281,0.445787,0.00114805,0.445787,0,0
CDC40,0.00157647,0.973906,0.00136505,0.973906,0.0388638,0.00341247,0.0084752,0.00341247,0,0
SSN3,0.0138834,0.299349,0.00326222,0.299349,-0.0755388,0.0861863,-0.0927124,0.0861863,0,0
CGR1,0.0411719,0.502126,0.0245439,0.502126,-0.000959635,0.941557,-9.85964E-05,0.941557,0,0
CHL1,-0.0175793,0.183082,-0.0011522,0.183082,0.0877371,0.0919504,0.0229391,0.0919504,0,0
CGI121,0.104966,0.056424,0.0677061,0.056424,-0.00242258,0.853953,-0.000334825,0.853953,0,0
CIN8,-0.00878538,0.513716,-0.000848902,0.513716,0.0231881,0.577643,0.00906752,0.577643,0,0
CKB1,-0.0212722,0.683799,-0.0144071,0.683799,-0.129706,5.91945E-23,-0.0138344,5.91945E-23,0,19.3832418
CKA2,-0.0124741,0.349932,-0.00149448,0.349932,-0.0118925,0.792867,-0.00838547,0.792867,0,0
CLB5,-0.150508,1.07544E-30,-0.0157274,1.07544E-30,-0.0118878,0.833545,-0.00482164,0.833545,27.1239,0
CLB2,-0.0185129,0.162076,-0.00139093,0.162076,0.025311,0.612867,0.00981529,0.612867,0,0
CKB2,-0.0927289,1.74927E-12,-0.0122853,1.74927E-12,-0.0389363,0.471644,-0.0320884,0.471644,8.91267,0
CLA4,0.00103052,0.987276,0.000514578,0.987276,-0.0215779,0.0984642,-0.00169043,0.0984642,0,0
CLB1,0.0580874,0.315981,0.0294787,0.315981,0.000819535,0.950214,6.62998E-05,0.950214,0,0
CLN3,-0.0439156,0.00134721,-0.00377159,0.00134721,0.0117773,0.742445,0.00419734,0.742445,0.0260879,0
CLN2,0.030159,0.643417,0.0129818,0.643417,0.0518414,7.08654E-05,0.00289879,7.08654E-05,0,1.3050885
CSM1,-0.024437,0.0631387,-0.00231219,0.0631387,-0.0465269,0.403887,-0.0274102,0.403887,0,0
CTF18,-0.0804275,2.26827E-09,-0.00895224,2.26827E-09,0.0228297,0.577083,0.00937033,0.577083,5.79983,0
CTF19,-0.0212566,0.104379,-0.00141499,0.104379,0.101952,0.0951768,0.0305197,0.0951768,0,0
CSM3,0.214479,0.035869,0.109043,0.035869,-0.0397714,0.00204181,-0.00328936,0.00204181,0,0
CTF4,-0.00241742,0.857928,-0.000341964,0.857928,-0.0456841,0.255646,-0.0230282,0.255646,0,0
SSN8,0.0129947,0.33183,0.00243597,0.33183,-0.0747315,0.0862484,-0.0850967,0.0862484,0,0
DCC1,-0.0786102,3.93812E-09,-0.00854544,3.93812E-09,0.0286556,0.516843,0.0108428,0.516843,5.56023,0
DBR1,-0.0261752,0.044925,-0.00278069,0.044925,0.000501248,0.993876,0.000241341,0.993876,0,0
DCS1,-0.0256047,0.619721,-0.0127682,0.619721,-0.0195362,0.13927,-0.00162541,0.13927,0,0
DBP3,0.0208793,0.114857,0.00265088,0.114857,-0.0604488,0.225957,-0.0347335,0.225957,0,0
DDR48,0.0338717,0.565637,0.0242189,0.565637,0.0264675,0.0435316,0.00190812,0.0435316,0,0
DHH1,0.00945742,0.472718,0.00196278,0.472718,-0.0718487,0.186283,-0.0641344,0.186283,0,0
DIG1,-0.0410346,0.383049,-0.0390679,0.383049,0.00720961,0.587852,0.00122885,0.587852,0,0
DEG1,-0.00755392,0.568209,-0.001027,0.568209,0.00836882,0.86798,0.00565193,0.86798,0,0
DIG2,-0.0312975,0.71757,-0.0121699,0.71757,0.0020195,0.876018,0.000120635,0.876018,0,0
DSS1,0.104975,0.085713,0.0444919,0.085713,-0.0438445,0.000805453,-0.00311484,0.000805453,0,0.2494828
DPB3,-0.0314463,0.0165662,-0.00282212,0.0165662,0.0116128,0.840978,0.00455769,0.840978,0,0
DST1,0.0218255,0.0949988,0.00206714,0.0949988,-0.0623169,0.32255,-0.031386,0.32255,0,0
DUN1,-0.0884099,2.41872E-11,-0.00814206,2.41872E-11,-0.0651718,0.181989,-0.0303071,0.181989,7.77194,0
EBS1,-0.0250504,0.0624548,-0.00192571,0.0624548,0.00460128,0.912334,0.00106778,0.912334,0,0
EDC1,-0.00519216,0.691086,-0.000466663,0.691086,-0.0207557,0.745498,-0.013817,0.745498,0,0
EFG1,0.0208952,0.116409,0.00255184,0.116409,-0.0457768,0.327262,-0.0305071,0.327262,0,0
ELG1,-0.0905974,4.76436E-12,-0.00629274,4.76436E-12,-0.131898,0.0207929,-0.0611608,0.0207929,8.47752,0
ELF1,0.0208744,0.109667,0.00367918,0.109667,0.00864166,0.895615,0.00712474,0.895615,0,0
ELM1,0.0362539,0.523466,0.0204117,0.523466,-0.0179514,0.171825,-0.00232624,0.171825,0,0
ERF2,-0.0171497,0.189418,-0.00126021,0.189418,-0.00526033,0.934045,-0.00244928,0.934045,0,0
ERG2,0.0140456,0.748155,0.0093876,0.748155,-0.00141512,0.915817,-0.000166464,0.915817,0,0
EST1,0.051551,0.339037,0.0230896,0.339037,0.0156508,0.234939,0.00110399,0.234939,0,0
EXO1,4.20796E-05,0.997435,3.22338E-06,0.997435,-0.069987,0.255341,-0.0440663,0.255341,0,0
FAB1,-0.0184652,0.158944,-0.00188817,0.158944,-0.00551501,0.926015,-0.00344878,0.926015,0,0
FKS1,-0.00395425,0.768037,-0.000545762,0.768037,-0.0545903,0.204888,-0.0349189,0.204888,0,0
GEP3,0.0267246,0.0496015,0.00495154,0.0496015,-0.121837,0.00115184,-0.094216,0.00115184,0,0.0941315
FIN1,0.00964091,0.905228,0.00541402,0.905228,-0.00469647,0.717161,-0.000328451,0.717161,0,0
FRA2,0.0476502,0.000251462,0.00221011,0.000251462,-0.0542561,0.435249,-0.0310763,0.435249,0.755051,0
GAL80,-0.0343302,0.762412,-0.0267959,0.762412,0.00869808,0.499589,0.000570079,0.499589,0,0
FUS3,0.0319879,0.584229,0.0269481,0.584229,-0.0137927,0.293106,-0.00180716,0.293106,0,0
GCR2,-0.0324355,0.0151825,-0.00462377,0.0151825,-0.0275173,0.537667,-0.0201031,0.537667,0,0
GPA2,0.00698748,0.599924,0.000692899,0.599924,0.0263306,0.569076,0.0149795,0.569076,0,0
GPR1,0.0290302,0.0299136,0.0041095,0.0299136,-0.0664778,0.132664,-0.0513031,0.132664,0,0
GPG1,0.0631108,0.424961,0.0288876,0.424961,-0.0154159,0.234657,-0.00161775,0.234657,0,0
GPH1,-0.0268098,0.570119,-0.0125068,0.570119,0.0160634,0.227092,0.00133794,0.227092,0,0
GIS4,0.0173628,0.773184,0.00890919,0.773184,-0.000826795,0.949678,-7.00991E-05,0.949678,0,0
GTR1,-0.0154703,0.751051,-0.010246,0.751051,-0.0222907,0.0928821,-0.00202588,0.0928821,0,0
GSY2,-0.0191935,0.139783,-0.00165331,0.139783,0.0434255,0.555103,0.0227494,0.555103,0,0
GSY1,0.066252,0.514696,0.0331029,0.514696,-0.0436989,0.000703852,-0.00352846,0.000703852,0,0.3080414
HAP4,-0.0044419,0.731972,-0.000466706,0.731972,-0.123692,0.120337,-0.0760204,0.120337,0,0
HCR1,-0.0097421,0.861755,-0.00678441,0.861755,-0.0303112,0.0211398,-0.00428939,0.0211398,0,0
HFM1,-0.00724502,0.585026,-0.000792526,0.585026,-0.0787769,0.105266,-0.0412651,0.105266,0,0
HHT1,-0.0768836,4.03162E-09,-0.00502138,4.03162E-09,-0.0603804,0.32566,-0.0211042,0.32566,5.55004,0
HNT3,0.0109811,0.831707,0.00443442,0.831707,0.0161293,0.222182,0.00117829,0.222182,0,0
HOG1,0.049124,0.355398,0.0245224,0.355398,-0.0104116,0.429869,-0.000781,0.429869,0,0
HHF1,-0.0579828,9.17651E-06,-0.00442435,9.17651E-06,0.0204925,0.741288,0.00573896,0.741288,2.19285,0
HOS3,-0.0923311,0.131636,-0.0385558,0.131636,-0.0172947,0.186381,-0.00124889,0.186381,0,0
HOM2,-0.0214373,0.640132,-0.0110794,0.640132,0.00210896,0.874305,0.000220252,0.874305,0,0
HUR1,0.0248103,0.0657167,0.00353564,0.0657167,-0.0498765,0.220949,-0.0294716,0.220949,0,0
KKQ8,-0.00142359,0.914331,-9.81026E-05,0.914331,0.000517887,0.991824,0.00019438,0.991824,0,0
INP52,-0.0176884,0.742658,-0.0107228,0.742658,-0.0139953,0.288242,-0.00164419,0.288242,0,0
IRC3,0.0112683,0.40957,0.0015981,0.40957,-0.107276,0.00328742,-0.0649014,0.00328742,0,0
IRE1,-0.0105566,0.421105,-0.00145855,0.421105,0.172392,0.00287523,0.102077,0.00287523,0,0
IRA2,-0.00405712,0.904067,-0.00281337,0.904067,0.0075512,0.585373,0.00165983,0.585373,0,0
IPK1,-0.0330929,0.0141404,-0.00590299,0.0141404,-0.0121389,0.764783,-0.0111848,0.764783,0,0
IRA1,-0.0189683,0.155783,-0.00252301,0.155783,0.00745051,0.867226,0.00573868,0.867226,0,0
JJJ1,0.022562,0.0970508,0.00217461,0.0970508,-0.0794538,0.0359765,-0.0322811,0.0359765,0,0
IST3,-0.0355135,0.379298,-0.0161056,0.379298,0.0413532,0.00217511,0.00467902,0.00217511,0,0
IRS4,-0.00305079,0.816966,-0.000237418,0.816966,0.0076503,0.886757,0.0038754,0.886757,0,0
JNM1,-0.0236633,0.0714225,-0.00226896,0.0714225,-0.12422,0.0309173,-0.0479141,0.0309173,0,0
KAR3,-0.0217812,0.0971007,-0.00301801,0.0971007,-0.0111434,0.846569,-0.0105694,0.846569,0,0
RRD1,0.106817,0.031622,0.0419147,0.031622,-0.0423468,0.0013819,-0.00342762,0.0013819,0,0.0150465
RRP8,0.0165676,0.204732,0.0016692,0.204732,-0.0987097,0.122567,-0.051956,0.122567,0,0
RSA1,-0.00930709,0.845299,-0.00717707,0.845299,-0.0301829,0.0231005,-0.00586749,0.0231005,0,0
RRP6,0.0953842,0.0702735,0.0847406,0.0702735,-0.0145982,0.268555,-0.00259719,0.268555,0,0
RRM3,-0.045141,0.000562216,-0.00408877,0.000562216,0.0962789,0.113139,0.0496604,0.113139,0.405619,0
RPB9,-0.0660431,0.0907524,-0.0722781,0.0907524,-0.00227106,0.866881,-0.000571516,0.866881,0,0
RNY1,-0.030031,0.472705,-0.0197506,0.472705,-0.00196836,0.88362,-0.000315509,0.88362,0,0
RPA49,0.0216974,0.0957366,0.00305201,0.0957366,-0.0483335,0.484976,-0.0313181,0.484976,0,0
RPA14,-0.0203717,0.122381,-0.00176574,0.122381,-0.0704165,0.185598,-0.0292396,0.185598,0,0
RPA12,-0.00731068,0.581962,-0.000777426,0.581962,-0.0199439,0.678635,-0.0104957,0.678635,0,0
RNR4,-0.0708045,1.13295E-07,-0.0131226,1.13295E-07,-0.046948,0.291387,-0.0338987,0.291387,4.10131,0
RMI1,0.0015924,0.904027,0.000155544,0.904027,0.00456968,0.930098,0.00214338,0.930098,0,0
RIM1,0.0243539,0.0663633,0.00493887,0.0663633,-0.192364,6.83707E-05,-0.156687,6.83707E-05,0,1.3206531
RGP1,0.00479945,0.722967,0.000896655,0.722967,-0.0761318,0.0525538,-0.065595,0.0525538,0,0
RGT2,0.0229479,0.0794587,0.00169534,0.0794587,-0.110346,0.0729266,-0.0528298,0.0729266,0,0
RIC1,0.00915918,0.491594,0.00111434,0.491594,-0.0765895,0.0986721,-0.0464211,0.0986721,0,0
RIF1,-0.0162393,0.819914,-0.0057338,0.819914,-0.00595649,0.647136,-0.000296855,0.647136,0,0
REG1,0.019291,0.151469,0.00491054,0.151469,-0.0132494,0.750799,-0.0158886,0.750799,0,0
REV3,0.0450545,0.515113,0.0143956,0.515113,-0.0161238,0.215756,-0.000916709,0.215756,0,0
RCE1,0.0663113,0.384651,0.0256012,0.384651,0.00760484,0.558107,0.000767816,0.558107,0,0
RAS2,-0.00775178,0.555611,-0.000594132,0.555611,0.000791815,0.988672,0.000363803,0.988672,0,0
RAI1,-0.000825637,0.950868,-0.000142684,0.950868,-0.0234406,0.588515,-0.0168753,0.588515,0,0
RAM1,0.00706865,0.597429,0.00254244,0.597429,-0.061173,0.162432,-0.0868049,0.162432,0,0
RAD57,-0.0254009,0.0555461,-0.00244967,0.0555461,0.00867458,0.858481,0.00356962,0.858481,0,0
RAD54,0.0302243,0.599633,0.013106,0.599633,-0.0172489,0.188917,-0.00192149,0.188917,0,0
RAD50,-0.00636813,0.631673,-0.00103024,0.631673,-0.0363474,0.447989,-0.0212861,0.447989,0,0
RAD55,0.00712193,0.894531,0.00217633,0.894531,-0.0227937,0.0837248,-0.00158744,0.0837248,0,0
RAD52,-0.0465699,0.280472,-0.0238245,0.280472,-0.00271,0.839782,-0.000386352,0.839782,0,0
RAD27,-0.0221094,0.0964802,-0.00307732,0.0964802,-0.023595,0.61607,-0.0154905,0.61607,0,0
RAD1,0.0295911,0.590526,0.0163027,0.590526,-0.0292691,0.0261443,-0.00308191,0.0261443,0,0
PUS7,0.049442,0.000149549,0.00447994,0.000149549,0.0118001,0.858732,0.00596645,0.858732,0.98074,0
PUF4,0.0107598,0.409298,0.000842611,0.409298,0.123095,0.0659143,0.052554,0.0659143,0,0
PUS1,-0.000111079,0.998255,-7.17905E-05,0.998255,-0.0200973,0.128662,-0.00218573,0.128662,0,0
PUF6,0.0181443,0.1712,0.00198928,0.1712,-0.0873501,0.0744335,-0.0487617,0.0744335,0,0
PUS9,0.0889117,0.407344,0.0303508,0.407344,0.0125935,0.328677,0.000766895,0.328677,0,0
PUF3,-0.0370843,0.00511956,-0.00236483,0.00511956,0.0905356,0.0670452,0.0261556,0.0670452,0,0
PTK2,-0.0354476,0.00665614,-0.00274597,0.00665614,0.0647212,0.310036,0.0283108,0.310036,0,0
PTP3,-0.128625,0.0409273,-0.0699954,0.0409273,0.00212662,0.870773,0.000177553,0.870773,0,0
PSY2,-0.0355712,0.00644098,-0.0034238,0.00644098,0.0119053,0.853817,0.00628347,0.853817,0,0
PTC1,-0.0005673,0.98859,-0.000392753,0.98859,-0.0095996,0.477847,-0.00193974,0.477847,0,0
PPH3,0.0263309,0.580447,0.0133732,0.580447,-0.0454072,0.000630054,-0.00450627,0.000630054,0,0.356145
POL32,-0.00411681,0.942263,-0.0015849,0.942263,-0.052067,7.32633E-05,-0.00426459,7.32633E-05,0,1.2906364
POG1,-0.00745659,0.568109,-0.000628778,0.568109,-0.0460416,0.474066,-0.0334113,0.474066,0,0
PMS1,-0.00747791,0.565091,-0.000422159,0.565091,-0.061886,0.401398,-0.027326,0.401398,0,0
PLC1,-0.0507701,0.000140663,-0.00962886,0.000140663,-0.00942916,0.835244,-0.0087465,0.835244,1.00734,0
PML39,0.0176901,0.176252,0.00114106,0.176252,0.0316935,0.610266,0.0133195,0.610266,0,0
PIH1,-0.0570316,0.235215,-0.0271141,0.235215,0.026836,0.0432787,0.00281554,0.0432787,0,0
PIN4,-0.00497186,0.706884,-0.000452024,0.706884,-0.0811554,0.112343,-0.0369336,0.112343,0,0
PIF1,-0.0492308,0.000235134,-0.00413283,0.000235134,0.0472777,0.277279,0.0167419,0.277279,0.784208,0
PIB2,0.0186493,0.153173,0.00149547,0.153173,-0.0467315,0.472106,-0.0245709,0.472106,0,0
PHO80,0.0242395,0.0614264,0.00179968,0.0614264,-0.014753,0.856842,-0.00876945,0.856842,0,0
PFK2,-0.0975307,0.0220423,-0.0754502,0.0220423,0.0114435,0.393762,0.00261633,0.393762,0,0
PFK1,-0.0244928,0.0632462,-0.00343826,0.0632462,-0.0148148,0.780888,-0.0106798,0.780888,0,0
PHO85,-0.0181682,0.165903,-0.00366303,0.165903,-0.0534573,0.364374,-0.0548764,0.364374,0,0
PFK27,-0.000134627,0.992054,-2.30712E-05,0.992054,-0.0327381,0.411296,-0.022969,0.411296,0,0
PHO13,0.0119655,0.35647,0.000720231,0.35647,0.129787,0.0955923,0.07663,0.0955923,0,0
PET112,0.0504,0.350648,0.0185506,0.350648,-0.02283,0.0831266,-0.00134997,0.0831266,0,0
PDE2,-0.0483144,0.323842,-0.0364646,0.323842,-0.0246718,0.0628021,-0.00282415,0.0628021,0,0
PCL8,0.0029497,0.824342,0.000224135,0.824342,0.0405441,0.395143,0.0193079,0.395143,0,0
PCL6,-0.00455704,0.724549,-0.00043193,0.724549,-0.0548343,0.54361,-0.0476633,0.54361,0,0
PBS2,-0.00142212,0.977323,-0.000740998,0.977323,0.00411902,0.755764,0.000331857,0.755764,0,0
PBP1,0.0636225,0.447101,0.0312826,0.447101,0.003759,0.771673,0.000388203,0.771673,0,0
PAT1,0.0250598,0.0537295,0.00554694,0.0537295,-0.194773,0.00860264,-0.211161,0.00860264,0,0
PAP2,0.0120454,0.754928,0.00708542,0.754928,-0.00512343,0.705759,-0.000601436,0.705759,0,0
OPI1,0.0178806,0.180277,0.00367608,0.180277,-0.0563075,0.213418,-0.0560839,0.213418,0,0
OCA6,0.104965,0.086333,0.0514026,0.086333,0.0115884,0.375967,0.00102783,0.375967,0,0
OCA4,0.0114418,0.830378,0.0047531,0.830378,0.0360653,0.00621849,0.00298703,0.00621849,0,0
OCA5,0.019757,0.135162,0.00159467,0.135162,0.0614276,0.227951,0.0232884,0.227951,0,0
OCA2,0.0172303,0.767834,0.00852019,0.767834,0.0260504,0.0470637,0.00234151,0.0470637,0,0
OCA1,0.0107563,0.408732,0.0011715,0.408732,0.0713149,0.308378,0.0384825,0.308378,0,0
NUP60,0.000123087,0.992581,1.76057E-05,0.992581,-0.0603062,0.230569,-0.0290689,0.230569,0,0
NUP170,-0.00198975,0.880417,-0.000271376,0.880417,0.0498151,0.327735,0.0372639,0.327735,0,0
NUP188,-0.0204527,0.7894,-0.011102,0.7894,-0.00494119,0.703534,-0.000367669,0.703534,0,0
NUP120,0.0123981,0.347948,0.0016562,0.347948,-0.0313275,0.545866,-0.0156355,0.545866,0,0
NTH2,-0.00225429,0.96999,-0.0016228,0.96999,0.00769261,0.557173,0.000817761,0.557173,0,0
NPR2,0.0156008,0.232052,0.00101853,0.232052,-0.128053,0.0489482,-0.0516877,0.0489482,0,0
NRP1,0.0141883,0.787331,0.00504876,0.787331,-0.0101222,0.44312,-0.000647652,0.44312,0,0
NOP6,0.0511313,0.445346,0.0293609,0.445346,-0.0314368,0.0159043,-0.00273145,0.0159043,0,0
NPT1,-0.0288944,0.587932,-0.0178237,0.587932,-0.066514,4.43009E-07,-0.004971,4.43009E-07,0,3.5091103
NMD2,-0.0241043,0.0894233,-0.00337146,0.0894233,0.00242195,0.934869,0.00122565,0.934869,0,0
NPL3,0.000144732,0.991384,4.09191E-05,0.991384,-0.0686167,0.111897,-0.0754357,0.111897,0,0
NOP12,0.00689886,0.600198,0.000736775,0.600198,0.000795916,0.988455,0.000413089,0.988455,0,0
NKP2,0.000722056,0.986895,0.000330441,0.986895,-0.0324272,0.0153544,-0.00362151,0.0153544,0,0
NEW1,0.0284028,0.645951,0.0163476,0.645951,-0.0265441,0.042464,-0.00291195,0.042464,0,0
NBP2,-0.0154442,0.240281,-0.0021054,0.240281,-0.0333829,0.549348,-0.0247155,0.549348,0,0
NAM7,-0.0258643,0.0707893,-0.00341317,0.0707893,0.00104333,0.970888,0.000506972,0.970888,0,0
MUD2,-0.0202462,0.674397,-0.00727837,0.674397,-0.0244829,0.0651735,-0.00196984,0.0651735,0,0
NCE102,0.0230846,0.699507,0.0138376,0.699507,0.0251733,0.0547113,0.00168487,0.0547113,0,0
MUM2,0.0186112,0.15412,0.00143164,0.15412,-0.025683,0.690976,-0.0161453,0.690976,0,0
MUS81,0.0349713,0.660646,0.0146079,0.660646,0.000986782,0.939354,6.28945E-05,0.939354,0,0
MSG5,-0.138351,0.131822,-0.0805083,0.131822,0.00282144,0.827222,0.000323819,0.827222,0,0
MSN5,0.0224146,0.607669,0.01717,0.607669,-0.0248981,0.0629221,-0.00333705,0.0629221,0,0
MSH2,-0.0533809,4.68314E-05,-0.00582394,4.68314E-05,0.0464509,0.425117,0.0330801,0.425117,1.48499,0
MSH1,0.0460243,0.247945,0.0209248,0.247945,-0.0523484,0.000106537,-0.00522879,0.000106537,0,1.1280234
MRT4,0.0174512,0.187181,0.00191869,0.187181,0.00688667,0.89175,0.00383158,0.89175,0,0
MSC1,-0.00604697,0.644725,-0.000597808,0.644725,-0.0159546,0.786745,-0.00814023,0.786745,0,0
MRN1,-0.0736613,0.110745,-0.0451845,0.110745,-0.00117701,0.929598,-0.000123083,0.929598,0,0
MRC1,-0.0232859,0.628149,-0.00886306,0.628149,-0.228731,3.18658E-68,-0.020186,3.18658E-68,0,64.6521973
MMS4,-0.0988485,0.205136,-0.0278513,0.205136,-0.0286606,0.0271686,-0.00161846,0.0271686,0,0
MRE11,0.00169142,0.969426,0.000735798,0.969426,-0.0148688,0.266312,-0.00164506,0.266312,0,0
MMS22,-0.018786,0.165584,-0.00309725,0.165584,-0.00187597,0.961692,-0.000944841,0.961692,0,0
MMS1,-0.0310273,0.018438,-0.00336648,0.018438,0.0634229,0.244884,0.0296398,0.244884,0,0
MKS1,-0.0370779,0.545603,-0.030945,0.545603,0.0182102,0.164129,0.0019169,0.164129,0,0
MET18,-0.0636935,0.0844192,-0.0299473,0.0844192,0.0063247,0.643036,0.00063047,0.643036,0,0
MFT1,-0.0442798,0.423422,-0.0265362,0.423422,-0.000885633,0.946339,-8.94597E-05,0.946339,0,0
MET13,0.0146921,0.254149,0.00106352,0.254149,0.0863016,0.443633,0.0475459,0.443633,0,0
MGA2,0.0193365,0.149147,0.00340165,0.149147,-0.0572758,0.183856,-0.0345556,0.183856,0,0
MEI5,-0.0271617,0.0405352,-0.00213154,0.0405352,0.0344303,0.481609,0.0157366,0.481609,0,0
SRB8,0.00458016,0.731706,0.000886259,0.731706,-0.0435127,0.331063,-0.0527014,0.331063,0,0
SSN2,-0.00569419,0.669344,-0.00107663,0.669344,-0.0474027,0.300008,-0.050464,0.300008,0,0
MDS3,0.00947031,0.828291,0.00710088,0.828291,-0.0188277,0.159657,-0.00253583,0.159657,0,0
MCM21,-0.0224361,0.0834909,-0.00163224,0.0834909,0.0193985,0.810658,0.00689462,0.810658,0,0
MAK31,0.0221344,0.75813,0.0113325,0.75813,0.014983,0.24942,0.0009378,0.24942,0,0
MCK1,-0.018135,0.168365,-0.00298701,0.168365,0.0141956,0.79544,0.0106943,0.79544,0,0
LTV1,-3.80764E-05,0.999383,-2.58159E-05,0.999383,-0.00017866,0.989248,-2.70169E-05,0.989248,0,0
LOC1,0.103678,0.132398,0.128458,0.132398,0.00431582,0.740421,0.000459015,0.740421,0,0
LSM7,-0.00937094,0.909081,-0.00692344,0.909081,0.0257622,0.0467992,0.00456052,0.0467992,0,0
LSM6,0.0201334,0.124139,0.00420053,0.124139,-0.185064,0.00213852,-0.138316,0.00213852,0,0
LOS1,-0.00198585,0.879034,-0.000128373,0.879034,0.0434852,0.510767,0.0190105,0.510767,0,0
LSM1,0.021102,0.104697,0.00394141,0.104697,-0.114603,0.111572,-0.100693,0.111572,0,0
LEA1,-0.00279013,0.832061,-0.000364496,0.832061,-0.0345763,0.532627,-0.0218692,0.532627,0,0
KSP1,-0.0170116,0.771459,-0.00915232,0.771459,0.0197658,0.131855,0.00181471,0.131855,0,0
LEM3,-0.00806151,0.538459,-0.000728165,0.538459,0.0174431,0.770561,0.00964478,0.770561,0,0
GPB1,0.0215299,0.725203,0.0170099,0.725203,0.00109584,0.933285,0.000145451,0.933285,0,0
KIN3,-0.0142056,0.277532,-0.00155858,0.277532,0.0466733,0.451888,0.0275821,0.451888,0,0
KIN82,-0.115521,0.0258767,-0.0401897,0.0258767,0.000355904,0.978502,2.4642E-05,0.978502,0,0
GPB2,-0.00629517,0.635585,-0.000602514,0.635585,-0.0907672,0.0576819,-0.0545656,0.0576819,0,0
LRP1,-0.00668266,0.613001,-0.000929193,0.613001,0.0471472,0.361937,0.0360006,0.361937,0,0
KAP123,0.0315598,0.0154186,0.00400421,0.0154186,1.83286E-05,0.999786,1.13801E-05,0.999786,0,0
KAP122,-0.0380292,0.50401,-0.020571,0.50401,0.0193859,0.140026,0.00218061,0.140026,0,0
XRN1,-0.00525803,0.700099,-0.00210038,0.700099,-0.011956,0.745741,-0.0112821,0.745741,0,0
YVH1,0.103562,0.0474212,0.0978833,0.0474212,-0.0162401,0.218619,-0.00369953,0.218619,0,0
ZWF1,-0.0611715,2.99912E-06,-0.00699505,2.99912E-06,-0.0127363,0.830486,-0.00723886,0.830486,2.67853,0
YPT7,0.150219,0.0307371,0.0853373,0.0307371,0.000640738,0.960755,5.1349E-05,0.960755,0,0
YTA7,-0.119411,0.00868554,-0.106843,0.00868554,0.0118412,0.374583,0.00208517,0.374583,0,0
YPT6,-0.0778735,0.036961,-0.0670814,0.036961,0.00987284,0.46869,0.00181757,0.46869,0,0
YPR153W,0.00927652,0.483136,0.000600743,0.483136,0.00197612,0.96897,0.00101623,0.96897,0,0
YPK1,0.0145126,0.279665,0.00258461,0.279665,-0.0282639,0.505995,-0.0206738,0.505995,0,0
SWM2,-0.000792804,0.951757,-8.34824E-05,0.951757,0.0946103,0.113549,0.0377243,0.113549,0,0
RRG9,0.00795924,0.55657,0.001471,0.55657,-0.0927745,0.0181674,-0.0872133,0.0181674,0,0
HER2,-0.0608945,4.7212E-06,-0.0030214,4.7212E-06,0.0690209,0.136822,0.0202564,0.136822,2.48147,0
YLH47,0.102274,0.0810306,0.0572909,0.0810306,0.0220294,0.0930121,0.00162751,0.0930121,0,0
YKR023W,2.67198E-05,0.999492,1.54822E-05,0.999492,-0.0379744,0.0047119,-0.00410786,0.0047119,0,0
YIL001W,0.0737366,0.342166,0.0288113,0.342166,-0.0122105,0.346787,-0.000847688,0.346787,0,0
YHR033W,0.0203091,0.116122,0.00143864,0.116122,0.0306327,0.739791,0.026442,0.739791,0,0
YGR122W,-0.00205097,0.875068,-0.000169509,0.875068,-0.0869957,0.190579,-0.0672576,0.190579,0,0
VHR2,0.0576628,0.436868,0.0257306,0.436868,0.0210007,0.106079,0.00118648,0.106079,0,0
YCK3,0.0152087,0.828647,0.00985384,0.828647,-0.0140118,0.281806,-0.00106264,0.281806,0,0
YBR285W,-0.0516207,0.324702,-0.0311389,0.324702,-0.00268482,0.838836,-0.000322641,0.838836,0,0
YBP2,0.0103796,0.434148,0.000720567,0.434148,0.056107,0.24731,0.0199589,0.24731,0,0
VPS4,-0.0152944,0.798528,-0.00918868,0.798528,-0.0343404,0.00875818,-0.00403801,0.00875818,0,0
VPS15,-0.00257635,0.848044,-0.00058868,0.848044,0.0287921,0.49155,0.0246448,0.49155,0,0
VPS1,-0.0166785,0.206596,-0.00224417,0.206596,0.0350733,0.500637,0.0209164,0.500637,0,0
VHR1,-0.0360486,0.629005,-0.0239281,0.629005,-0.00450081,0.729062,-0.000230769,0.729062,0,0
VAM3,-0.031373,0.0161825,-0.00235449,0.0161825,0.0684249,0.299361,0.0255633,0.299361,0,0
URN1,0.00595118,0.892828,0.00310949,0.892828,-0.0364657,0.00638763,-0.00375657,0.00638763,0,0
UPF3,-0.0361892,0.01057,-0.00628505,0.01057,-0.0184946,0.536919,-0.00969651,0.536919,0,0
VAC8,0.0106628,0.423185,0.00125202,0.423185,0.0149589,0.748191,0.0101574,0.748191,0,0
URA7,-0.0205333,0.11637,-0.00168042,0.11637,0.0995844,0.110541,0.0463814,0.110541,0,0
UAF30,0.00125429,0.975357,0.000803613,0.975357,-0.0134481,0.318778,-0.00198322,0.318778,0,0
TSR2,0.0108424,0.846801,0.00585726,0.846801,-0.00671073,0.609774,-0.000925929,0.609774,0,0
TRM10,0.0254865,0.577119,0.0160994,0.577119,-0.0541837,4.77807E-05,-0.00670223,4.77807E-05,0,1.4762708
TUB3,-0.00942646,0.480251,-0.00128409,0.480251,-0.0160687,0.720831,-0.0109292,0.720831,0,0
TSL1,0.024037,0.0790286,0.00433733,0.0790286,-0.0972621,0.00702513,-0.071705,0.00702513,0,0
TRM1,0.00175162,0.892294,0.000122144,0.892294,0.096719,0.275544,0.0529234,0.275544,0,0
TPS2,-0.00119917,0.928162,-0.000179159,0.928162,-0.0565301,0.230342,-0.0445856,0.230342,0,0
TPK3,-0.012124,0.352252,-0.001043,0.352252,0.104716,0.123204,0.0521685,0.123204,0,0
TMA22,0.041591,0.371393,0.0164861,0.371393,-0.0220451,0.0977507,-0.00219789,0.0977507,0,0
TOP3,-0.0138168,0.293223,-0.00158842,0.293223,-0.0111889,0.842461,-0.00549391,0.842461,0,0
TMA23,-0.00736456,0.583022,-0.000915953,0.583022,-0.0161418,0.70615,-0.00904141,0.70615,0,0
THR4,-0.00434112,0.741877,-0.000472978,0.741877,0.047777,0.374234,0.0281002,0.374234,0,0
TLC1,-0.0225367,0.0995564,-0.00615061,0.0995564,-0.0425284,0.240041,-0.0373869,0.240041,0,0
THP2,-0.0999,0.250776,-0.0805195,0.250776,0.00638421,0.621796,0.000652159,0.621796,0,0
THR1,-0.00318457,0.950794,-0.00206688,0.950794,-0.00891388,0.499956,-0.000941571,0.499956,0,0
TIP41,0.182878,0.00285903,0.0771367,0.00285903,-0.0395303,0.00250933,-0.00337468,0.00250933,0,0
TIF2,0.14316,0.183313,0.099127,0.183313,-0.0171444,0.183544,-0.00164344,0.183544,0,0
TGS1,-0.0413603,0.331189,-0.0199578,0.331189,0.0278263,0.0381254,0.00335553,0.0381254,0,0
THP1,0.0382321,0.00427552,0.00948502,0.00427552,-0.0868757,0.0468466,-0.0806622,0.0468466,0,0
TCO89,-0.0357678,0.00736267,-0.00510032,0.00736267,0.0104141,0.817404,0.00786129,0.817404,0,0
SXM1,-0.00869194,0.506986,-0.000849931,0.506986,0.00956387,0.874096,0.00554188,0.874096,0,0
SYC1,0.0274715,0.0391261,0.00256924,0.0391261,-0.00239902,0.95872,-0.00123873,0.95872,0,0
SWI6,-0.0733822,6.5536E-08,-0.0123154,6.5536E-08,-0.0670106,0.076858,-0.0422026,0.076858,4.33904,0
SUB1,-0.00524389,0.934383,-0.0024976,0.934383,-0.0144481,0.268881,-0.00128511,0.268881,0,0
STE7,-0.0713025,0.459162,-0.0859053,0.459162,-0.023745,0.0659602,-0.00280029,0.0659602,0,0
STM1,0.0069682,0.950458,0.00660326,0.950458,-0.020302,0.115096,-0.00235848,0.115096,0,0
STE50,0.0564793,0.445103,0.0377902,0.445103,-0.0146448,0.259824,-0.000920014,0.259824,0,0
STE20,0.034066,0.570274,0.0182601,0.570274,-0.00904353,0.490067,-0.000522561,0.490067,0,0
STE11,-0.0322149,0.0135282,-0.00290452,0.0135282,-0.0134367,0.83904,-0.0112971,0.83904,0,0
STE14,0.0846532,0.314788,0.0518573,0.314788,-0.00527417,0.683842,-0.000477796,0.683842,0,0
SSK2,-0.00455065,0.729984,-0.000364044,0.729984,-0.00532704,0.92067,-0.00284109,0.92067,0,0
SSK1,0.0460289,0.370901,0.0187408,0.370901,0.00325287,0.805594,0.000209243,0.805594,0,0
SSF1,-0.0463461,0.341087,-0.0210463,0.341087,0.0105829,0.425077,0.0010517,0.425077,0,0
SRO9,-0.0506978,0.483807,-0.0322117,0.483807,-0.00901048,0.488437,-0.00158428,0.488437,0,0
SPT4,-0.0703686,0.174466,-0.0556326,0.174466,0.0079425,0.547668,0.00129385,0.547668,0,0
SPT23,0.0357905,0.633371,0.0178038,0.633371,-0.0216363,0.0958014,-0.00162628,0.0958014,0,0
SPT21,-0.0336597,0.0122444,-0.00663698,0.0122444,-0.00623015,0.882116,-0.00354674,0.882116,0,0
SNF4,0.0290358,0.654466,0.0168534,0.654466,0.0042745,0.743409,0.000416947,0.743409,0,0
SNT309,-0.00131684,0.921778,-0.000225859,0.921778,-0.0336194,0.433892,-0.0239271,0.433892,0,0
SNF1,-0.00396218,0.759956,-0.00044335,0.759956,0.0337616,0.673663,0.0258322,0.673663,0,0
SMI1,-0.024334,0.0642356,-0.00221371,0.0642356,-0.054843,0.32582,-0.0280499,0.32582,0,0
SLX9,-0.0433499,0.492442,-0.0260949,0.492442,-0.00555566,0.670848,-0.000566507,0.670848,0,0
SKI3,-0.0102189,0.430173,-0.00120351,0.430173,-0.0255821,0.760036,-0.0156899,0.760036,0,0
SLT2,-0.000963656,0.941237,-6.25713E-05,0.941237,-0.0124397,0.843911,-0.00517256,0.843911,0,0
SKY1,-0.0864892,0.18547,-0.0535426,0.18547,0.00499171,0.702166,0.000614616,0.702166,0,0
SIW14,0.0272918,0.0375881,0.00273566,0.0375881,0.0866299,0.133084,0.0409029,0.133084,0,0
SIT4,0.0219507,0.0975621,0.00443214,0.0975621,-0.0336508,0.497356,-0.0330316,0.497356,0,0
SIS2,0.0140962,0.320342,0.00213187,0.320342,-0.0599282,0.0435332,-0.0414663,0.0435332,0,0
SHR5,-0.0224073,0.0872095,-0.0020185,0.0872095,-0.0326628,0.586267,-0.0174906,0.586267,0,0
SGS1,-0.00974349,0.458342,-0.00111172,0.458342,0.0469532,0.408529,0.0230137,0.408529,0,0
SER2,-0.0384865,0.461081,-0.0142052,0.461081,-0.026347,0.0459681,-0.00182245,0.0459681,0,0
SEH1,-0.0272885,0.642942,-0.0243474,0.642942,-0.0310266,0.0179701,-0.00449446,0.0179701,0,0
SET4,-0.00455493,0.733517,-0.000429884,0.733517,0.00814797,0.853229,0.00412309,0.853229,0,0
SAT4,0.0466061,0.481839,0.026672,0.481839,-0.0296437,0.0230535,-0.00240417,0.0230535,0,0
SAP190,0.0361369,0.00521183,0.00368407,0.00521183,-0.10577,0.22742,-0.087798,0.22742,0,0
SBP1,0.00502866,0.699485,0.000529552,0.699485,-0.1443,0.0357625,-0.104361,0.0357625,0,0
SCS2,0.00206844,0.874013,0.000181759,0.874013,-0.0845116,0.203601,-0.041259,0.203601,0,0
SAP155,-0.044516,0.000780134,-0.00471876,0.000780134,-0.0374271,0.447558,-0.0235658,0.447558,0.263354,0
SCP160,0.113523,0.131351,0.0503507,0.131351,-0.00784957,0.545645,-0.000824056,0.545645,0,0
SAM4,-0.00796574,0.54333,-0.00106355,0.54333,-0.0689488,0.247624,-0.0544832,0.247624,0,0
RTT103,-0.025976,0.443098,-0.0124263,0.443098,-0.0043632,0.752338,-0.00040526,0.752338,0,0
SAM1,-0.0169705,0.19163,-0.00101391,0.19163,0.0147537,0.84201,0.010339,0.84201,0,0
SAC1,0.00115309,0.979502,0.00056499,0.979502,-0.0235845,0.0773933,-0.0020961,0.0773933,0,0
RTS1,0.0874878,0.0667347,0.0519986,0.0667347,-0.0339517,0.0105872,-0.00338289,0.0105872,0,0
SAC3,-0.0986454,0.0388285,-0.0792734,0.0388285,0.0145912,0.272059,0.0026593,0.272059,0,0
RTR1,0.0936362,7.4718E-13,0.0104574,7.47185E-13,-0.134427,0.0283744,-0.0593961,0.0283744,9.2821,0
RTT107,-0.0130145,0.322947,-0.00109449,0.322947,-0.0567932,0.298549,-0.0218958,0.298549,0,0
KAP120,-0.00497618,0.709915,-0.000794744,0.709915,-0.00625747,0.88713,-0.00399946,0.88713,0,0
ACO1,-0.000748169,0.955858,-0.0001975,0.955858,-0.0433729,0.276654,-0.0448728,0.276654,0,0
AIM1,-0.0150439,0.243616,-0.000693493,0.243616,-0.317412,0.00144915,-0.171128,0.00144915,0,0
APN2,-0.0269911,0.0389501,-0.0017512,0.0389501,0.050223,0.424545,0.0197122,0.424545,0,0
ASK10,-0.0120714,0.354017,-0.00128354,0.354017,-0.0592782,0.392747,-0.0431962,0.392747,0,0
APQ12,0.00471821,0.924866,0.00262353,0.924866,0.0163928,0.215723,0.00169788,0.215723,0,0
ARG82,0.00314482,0.812947,0.000590179,0.812947,-0.0273058,0.566507,-0.0329533,0.566507,0,0
ATG21,0.00455041,0.726728,0.000333294,0.726728,-0.0382017,0.585643,-0.0150913,0.585643,0,0
ATG23,0.0113017,0.391329,0.000839513,0.391329,0.0176861,0.740897,0.0101443,0.740897,0,0
ASC1,-0.0372121,0.463696,-0.0312134,0.463696,-0.0243993,0.0650784,-0.00489677,0.0650784,0,0
ATG32,0.0101093,0.439677,0.000815045,0.439677,-0.0116875,0.850657,-0.00738242,0.850657,0,0
ARX1,-0.00386701,0.768616,-0.000405309,0.768616,-0.060498,0.282883,-0.031041,0.282883,0,0
BCS1,-0.0141699,0.272816,-0.00152691,0.272816,-0.14368,0.123874,-0.0681093,0.123874,0,0
BCY1,-0.00616075,0.64761,-0.00174882,0.64761,-0.0335964,0.411387,-0.0407894,0.411387,0,0
BIK1,-0.00759921,0.558266,-0.00060751,0.558266,0.127623,0.0972151,0.0473603,0.0972151,0,0
RTC1,0.0226058,0.0860066,0.0016577,0.0860066,-0.0452844,0.406603,-0.030985,0.406603,0,0
ASI2,-0.00555293,0.672221,-0.000496413,0.672221,0.0248949,0.668115,0.0118629,0.668115,0,0
ADD66,-0.0325927,0.566276,-0.0186457,0.566276,-0.00543327,0.679225,-0.000574651,0.679225,0,0
APC9,0.00564733,0.671521,0.000361997,0.671521,0.030976,0.504744,0.0105704,0.504744,0,0
ASE1,-0.0308854,0.0185404,-0.00188286,0.0185404,-0.0127685,0.827129,-0.00517182,0.827129,0,0
BUL1,0.0453735,0.484169,0.0331208,0.484169,0.0108698,0.405163,0.000889748,0.405163,0,0
CDC26,-0.0322561,0.0146754,-0.00326073,0.0146754,-0.00662402,0.897055,-0.00268988,0.897055,0,0
BRE5,0.00991065,0.450199,0.00200825,0.450199,0.0225347,0.697474,0.0201309,0.697474,0,0
DMA1,-0.109828,0.563438,-0.114001,0.563438,-0.0213391,0.0962446,-0.003282,0.0962446,0,0
ATG10,0.0547478,0.314157,0.0183194,0.314157,-0.019863,0.131495,-0.00167086,0.131495,0,0
BMH1,-0.0385944,0.571762,-0.0319045,0.571762,0.0320992,0.0137546,0.00444945,0.0137546,0,0
CPR6,0.137646,0.0617055,0.0742044,0.0617055,-0.0106896,0.410814,-0.000758333,0.410814,0,0
BRO1,-0.0206884,0.728945,-0.0132408,0.728945,0.00706727,0.589727,0.000805179,0.589727,0,0
CDH1,-0.0454148,0.000622488,-0.00412736,0.000622488,0.0463932,0.334932,0.0227199,0.334932,0.361392,0
CUE1,0.0362229,0.658807,0.0207285,0.658807,-0.0277876,0.0319949,-0.00172922,0.0319949,0,0
DID4,0.00436173,0.741674,0.000873344,0.741674,0.0511109,0.312176,0.0404329,0.312176,0,0
DOC1,-0.0328271,0.0144761,-0.00568929,0.0144761,0.00926085,0.827063,0.00614727,0.827063,0,0
DOA1,0.0277396,0.661207,0.0189968,0.661207,0.0167927,0.198875,0.00193889,0.198875,0,0
ECM30,-0.00300358,0.819273,-0.000202207,0.819273,-0.0413965,0.461966,-0.0215663,0.461966,0,0
DEF1,-0.0175613,0.185996,-0.00490882,0.185996,0.0077502,0.872098,0.00814925,0.872098,0,0
ELC1,-0.0324385,0.58155,-0.00947599,0.58155,-0.0239475,0.0678243,-0.00179668,0.0678243,0,0
ELA1,-0.00484697,0.713776,-0.000376598,0.713776,-0.0498332,0.333914,-0.0178873,0.333914,0,0
ELP2,0.0797024,0.235856,0.0574515,0.235856,-0.00739854,0.570437,-0.00121448,0.570437,0,0
ELP4,-0.00931675,0.481049,-0.00135787,0.481049,0.0357185,0.484683,0.0260979,0.484683,0,0
ELP6,0.0433775,0.398496,0.0379082,0.398496,-0.00913708,0.489396,-0.00181075,0.489396,0,0
EDE1,-0.0330909,0.445406,-0.013998,0.445406,-0.0231624,0.0838137,-0.00206156,0.0838137,0,0
ESC2,0.00216757,0.869664,0.000246863,0.869664,-0.00991814,0.848392,-0.0064038,0.848392,0,0
GGA2,0.00345652,0.789337,0.00023122,0.789337,-0.0286844,0.745968,-0.0151853,0.745968,0,0
GRR1,0.025992,0.0570656,0.00662515,0.0570656,-0.0692748,0.058428,-0.0956477,0.058428,0,0
HSE1,0.0127073,0.342333,0.00253505,0.342333,-0.0447803,0.30764,-0.0325125,0.30764,0,0
HSC82,-0.00438061,0.73994,-0.000399943,0.73994,-0.0621844,0.237273,-0.0299567,0.237273,0,0
IRC25,-0.00579364,0.665947,-0.000656903,0.665947,-0.0438225,0.304065,-0.018624,0.304065,0,0
ITT1,0.0136049,0.332208,0.00114077,0.332208,-0.030843,0.323894,-0.00664796,0.323894,0,0
KTI12,-0.0521332,0.373913,-0.0292583,0.373913,0.00665541,0.611896,0.000741867,0.611896,0,0
IKI1,-0.0719967,0.3014,-0.05037,0.3014,0.0115116,0.376701,0.00180484,0.376701,0,0
MUB1,-0.0113592,0.387282,-0.00113041,0.387282,0.00032603,0.995424,0.000138599,0.995424,0,0
MDM30,0.00910317,0.488258,0.0010285,0.488258,-0.0361631,0.5272,-0.0164177,0.5272,0,0
MFB1,-0.00286343,0.825082,-0.000264707,0.825082,-0.00959918,0.908134,-0.00442036,0.908134,0,0
NCS2,-0.0838101,0.111411,-0.05104,0.111411,0.0194889,0.139677,0.0026338,0.139677,0,0
NCS6,-0.114818,0.0143724,-0.0659391,0.0143724,0.0172161,0.195587,0.00230368,0.195587,0,0
NFI1,-0.0167533,0.203936,-0.00156193,0.203936,-0.0178679,0.737251,-0.0075789,0.737251,0,0
PBA1,0.0153289,0.831998,0.00559831,0.831998,-0.0213036,0.101421,-0.00164515,0.101421,0,0
PEP3,-0.0198363,0.134727,-0.00279349,0.134727,0.0768054,0.116026,0.0630362,0.116026,0,0
PEX10,-0.00809933,0.530941,-0.000883338,0.530941,0.109937,0.231963,0.0753255,0.231963,0,0
PEP5,0.0255507,0.598529,0.0194999,0.598529,-0.0200486,0.13084,-0.00272934,0.13084,0,0
PEX12,-0.0466946,0.589324,-0.0219744,0.589324,0.00540017,0.676533,0.000280972,0.676533,0,0
PEX2,-0.0218762,0.726549,-0.0107781,0.726549,-0.0128843,0.324521,-0.000739304,0.324521,0,0
PEX22,0.0200776,0.121148,0.00147878,0.121148,0.0957607,0.250234,0.0549319,0.250234,0,0
PEX4,0.157541,0.0149811,0.107396,0.0149811,-0.0259914,0.0464702,-0.00321034,0.0464702,0,0
PEX5,-0.0555359,3.95637E-05,-0.00597864,3.95637E-05,0.0247075,0.533963,0.0114588,0.533963,1.55823,0
RAD23,-0.0167812,0.800598,-0.00806155,0.800598,-0.00532381,0.683213,-0.000380442,0.683213,0,0
POC4,0.01929,0.151712,0.00194148,0.151712,0.0197007,0.634996,0.0105121,0.634996,0,0
PTH2,-0.00433403,0.739324,-0.00031703,0.739324,-0.0913777,0.187154,-0.0427273,0.187154,0,0
PRE9,0.00181263,0.892963,0.000328324,0.892963,-0.00643941,0.87555,-0.0042164,0.87555,0,0
RAD18,0.0605831,0.206754,0.027893,0.206754,-0.0136559,0.30386,-0.00167499,0.30386,0,0
RPN10,0.0194486,0.731382,0.0111319,0.731382,0.00856819,0.514394,0.00124728,0.514394,0,0
RAD5,0.00912113,0.487588,0.00115089,0.487588,-0.080584,0.154943,-0.0428177,0.154943,0,0
RCY1,0.0071272,0.593704,0.00149266,0.593704,-0.0458977,0.304736,-0.0359076,0.304736,0,0
RAD26,-0.110237,0.0953552,-0.0590022,0.0953552,-0.00995169,0.445601,-0.000903152,0.445601,0,0
ULS1,-0.122206,0.0631255,-0.0629688,0.0631255,0.00894602,0.492986,0.00073149,0.492986,0,0
RPN13,-0.000487647,0.972098,-6.40024E-05,0.972098,-0.0650657,0.0438526,-0.0436697,0.0438526,0,0
SLX5,0.00285734,0.830885,0.000711007,0.830885,-0.00681232,0.877079,-0.00490369,0.877079,0,0
SAN1,0.0209878,0.764611,0.0106123,0.764611,-0.00829674,0.523985,-0.000935362,0.523985,0,0
SLA1,-0.00765145,0.569513,-0.000841966,0.569513,0.0508558,0.221761,0.0229972,0.221761,0,0
SEM1,0.0044455,0.736784,0.000679601,0.736784,-0.0793006,0.118888,-0.0586232,0.118888,0,0
SLX8,0.999838,0,0.0166126,8.8247E-19,-0.0225354,0.0785411,-0.00708142,0.0785411,350,0
SNF8,-0.0201569,0.699551,-0.0190592,0.699551,-0.00957824,0.468203,-0.00125938,0.468203,0,0
SNF7,0.0255262,0.0524139,0.0037769,0.0524139,-0.101328,0.0651735,-0.105836,0.0651735,0,0
SWA2,-0.082108,0.0298435,-0.0750646,0.0298435,0.0166618,0.220582,0.00399157,0.220582,0,0
SWM1,-0.052218,0.295085,-0.0220839,0.295085,-0.0107987,0.414878,-0.000879337,0.414878,0,0
SRN2,0.00609586,0.642482,0.000406326,0.642482,0.0593831,0.30126,0.0299694,0.30126,0,0
STE5,0.00596861,0.917048,0.00460554,0.917048,-0.0203372,0.121463,-0.00164346,0.121463,0,0
SSM4,-0.0407046,0.00167329,-0.0029675,0.00167329,0.00761812,0.926782,0.00435053,0.926782,0,0
TOM1,-0.0595489,0.40827,-0.0469718,0.40827,-0.00701389,0.589758,-0.000945656,0.589758,0,0
UBA4,-0.00866343,0.872249,-0.00535524,0.872249,-0.000421977,0.974457,-6.00277E-05,0.974457,0,0
UBC4,-0.0329093,0.0119665,-0.00535467,0.0119665,0.0322086,0.594173,0.0230383,0.594173,0,0
UBA3,-0.0213002,0.108526,-0.00171838,0.108526,-0.0275551,0.56924,-0.0104847,0.56924,0,0
UBP1,0.02077,0.794331,0.00829119,0.794331,0.00141096,0.913373,8.93944E-05,0.913373,0,0
UBC6,-0.0413363,0.00141734,-0.00307589,0.00141734,0.0969862,0.237729,0.0582394,0.237729,0.00404841,0
UBP13,-0.0732146,0.266724,-0.0477948,0.266724,0.0193393,0.1383,0.00114256,0.1383,0,0
UBP10,-0.00185009,0.891277,-0.0002945,0.891277,-0.0330817,0.401232,-0.0259969,0.401232,0,0
UBC8,0.00318858,0.807962,0.000308559,0.807962,0.108958,0.0620627,0.0493583,0.0620627,0,0
UBP14,-0.00357854,0.784535,-0.000263763,0.784535,0.00343942,0.955392,0.00147345,0.955392,0,0
UBP15,-0.0174524,0.182623,-0.00178556,0.182623,-0.0360376,0.552516,-0.0280337,0.552516,0,0
UBP3,-0.116207,0.0496118,-0.122464,0.0496118,0.0426131,0.00114611,0.0111734,0.00114611,0,0.0962955
UBP16,0.130817,0.0144606,0.0569945,0.0144606,-0.013931,0.290544,-0.00115684,0.290544,0,0
UBP6,-0.0147341,0.259599,-0.00118239,0.259599,0.155079,0.0139111,0.0788088,0.0139111,0,0
UFD2,0.00688946,0.597682,0.000711229,0.597682,-0.00117448,0.985651,-0.000654018,0.985651,0,0
UBR2,-0.00215277,0.876828,-0.000240121,0.876828,-0.0137867,0.676056,-0.00585139,0.676056,0,0
UBX3,-0.0302801,0.571248,-0.0110954,0.571248,-0.0149242,0.257639,-0.00105643,0.257639,0,0
UBR1,-0.00925726,0.87788,-0.00388176,0.87788,-0.0242486,0.0641402,-0.00388448,0.0641402,0,0
UBX2,0.0101541,0.445766,0.00125583,0.445766,-0.00425967,0.926931,-0.00262603,0.926931,0,0
UFD4,0.0927529,0.118862,0.0550321,0.118862,-0.03221,0.013971,-0.00259583,0.013971,0,0
URE2,-0.0908022,0.0960819,-0.0649565,0.0960819,-0.00206156,0.875589,-0.000229772,0.875589,0,0
URM1,0.0634876,0.284597,0.0582307,0.284597,-0.0108777,0.406673,-0.00213489,0.406673,0,0
VAM6,-0.00163422,0.979489,-0.0008877,0.979489,0.00222701,0.864696,0.000194785,0.864696,0,0
VPS16,-0.00108042,0.935673,-0.000229524,0.935673,0.0193275,0.658915,0.0191419,0.658915,0,0
VPS24,0.0693409,0.125313,0.0339257,0.125313,-0.0184639,0.166477,-0.00141977,0.166477,0,0
VID28,0.0169698,0.200747,0.0014402,0.200747,0.0202316,0.678929,0.0113979,0.678929,0,0
VPS8,-0.0544399,0.24236,-0.0411028,0.24236,0.0126103,0.34354,0.00225905,0.34354,0,0
VPS27,0.0774848,0.221215,0.0518264,0.221215,-0.0109352,0.402784,-0.00131598,0.402784,0,0
VPS36,-0.032077,0.495387,-0.0286173,0.495387,0.00618594,0.641931,0.000702593,0.641931,0,0
VPS3,3.77883E-05,0.999274,2.7669E-05,0.999274,-0.0166345,0.216407,-0.00241461,0.216407,0,0
VPS41,0.00984151,0.453833,0.00152474,0.453833,-0.0323636,0.56901,-0.0225943,0.56901,0,0
VPS9,-0.0136095,0.299109,-0.00152282,0.299109,0.0139153,0.815388,0.00887075,0.815388,0,0
VPS28,-0.0157641,0.747944,-0.0127305,0.747944,-0.00323884,0.807046,-0.000308972,0.807046,0,0
WSS1,-0.00406659,0.755299,-0.000402698,0.755299,0.0434776,0.510841,0.0205421,0.510841,0,0
YDR306C,0.0229144,0.720632,0.00990577,0.720632,-0.0300451,0.0214372,-0.00235292,0.0214372,0,0
YLR352W,-0.010583,0.419024,-0.000976253,0.419024,-0.018694,0.758042,-0.00751547,0.758042,0,0
ETP1,-0.024645,0.0618265,-0.00187245,0.0618265,-0.0448905,0.393138,-0.0186107,0.393138,0,0
ARP8,-0.0505221,0.204655,-0.0340753,0.204655,0.00719113,0.59474,0.00110922,0.59474,0,0
YKU70,0.0783279,0.082941,0.0303409,0.082941,-0.00136078,0.918793,-7.61216E-05,0.918793,0,0
YKU80,0.0184569,0.163646,0.00121938,0.163646,0.0365442,0.460545,0.0140183,0.460545,0,0
UBP8,-0.108243,0.0530626,-0.0367933,0.0530626,-0.0450773,0.000603272,-0.00506976,0.000603272,0,0.37501
YAF9,-0.126134,0.0048604,-0.0715295,0.0048604,0.0222866,0.0950977,0.00267403,0.0950977,0,0
VPS72,-0.0842928,0.0811747,-0.0335033,0.0811747,0.0123233,0.35319,0.00121453,0.35319,0,0
VPS71,-0.034768,0.479436,-0.0162934,0.479436,0.0012226,0.92653,0.000127411,0.92653,0,0
UME1,-0.0148238,0.817428,-0.00755599,0.817428,0.0176212,0.177349,0.00170938,0.177349,0,0
TUP1,-0.0450615,0.00108402,-0.00940967,0.00108402,0.0214278,0.532468,0.0303046,0.532468,0.120487,0
SWR1,0.0197838,0.136142,0.00230014,0.136142,-0.0226032,0.639819,-0.0114294,0.639819,0,0
SWI3,-0.0618897,0.164929,-0.0635352,0.164929,-0.0419985,0.00166582,-0.00728339,0.00166582,0,0
SWC3,0.0150322,0.755382,0.00455159,0.755382,0.0230655,0.0823115,0.00203681,0.0823115,0,0
SPT8,0.0113675,0.392023,0.00145121,0.392023,-0.0633823,0.187013,-0.046221,0.187013,0,0
SUS1,-0.122372,0.0191856,-0.0688164,0.0191856,-0.0370085,0.00504012,-0.00566043,0.00504012,0,0
SPT3,0.0217292,0.102379,0.00348641,0.102379,-0.0845385,0.0716189,-0.0776591,0.0716189,0,0
SPT7,-0.00475542,0.914602,-0.00494308,0.914602,-0.0263863,0.0484082,-0.00637593,0.0484082,0,0
CYC8,0.00748243,0.589509,0.0024982,0.589509,0.0406857,0.221416,0.0548641,0.221416,0,0
SWC5,-0.0685565,0.174989,-0.0328372,0.174989,0.00296421,0.822742,0.00032668,0.822742,0,0
SIR2,-0.0620084,1.97054E-06,-0.00707183,1.97054E-06,0.124425,0.0584492,0.162373,0.0584492,2.86094,0
SPT20,-0.0456204,0.218911,-0.0527699,0.218911,-0.013467,0.323395,-0.00324738,0.323395,0,0
SIR4,0.0638444,0.291428,0.0751088,0.291428,0.00633169,0.628786,0.000678066,0.628786,0,0
SNF2,-0.0942759,0.0567772,-0.106811,0.0567772,-0.00732335,0.580476,-0.00113368,0.580476,0,0
SNF11,-0.0718505,0.272645,-0.0343681,0.272645,0.0176477,0.176329,0.00147095,0.176329,0,0
SNF12,-0.111004,0.00990545,-0.120103,0.00990545,-0.0177512,0.185375,-0.00283202,0.185375,0,0
SNF5,-0.0340596,0.0101818,-0.00643553,0.0101818,-0.101278,0.0389446,-0.101191,0.0389446,0,0
SIR3,0.0651119,0.249977,0.0748137,0.249977,-0.040742,0.00192502,-0.0043261,0.00192502,0,0
SNF6,-0.0647647,0.0877604,-0.0541792,0.0877604,-0.00876063,0.519387,-0.00122268,0.519387,0,0
SIR1,-0.00458971,0.721238,-0.000337697,0.721238,0.148491,0.25341,0.131402,0.25341,0,0
SIF2,0.0130136,0.319483,0.00170416,0.319483,-0.236525,0.000146135,-0.134001,0.000146135,0,0.9907694
SIN3,-0.0260331,0.0543265,-0.00503274,0.0543265,-0.0610213,0.122159,-0.0579194,0.122159,0,0
SGF29,-0.0277422,0.03715,-0.00365455,0.03715,-0.00136061,0.976707,-0.000768054,0.976707,0,0
SGF73,-0.0274118,0.0395366,-0.00468383,0.0395366,0.0223876,0.629405,0.0181187,0.629405,0,0
SET3,-0.142496,0.0134957,-0.0649218,0.0134957,0.0409911,0.00178221,0.00487167,0.00178221,0,0
SET2,-0.0261345,0.053024,-0.00341157,0.053024,0.0540416,0.176886,0.0273772,0.176886,0,0
SAS4,-0.00570014,0.665064,-0.000603521,0.665064,-0.161322,0.00302188,-0.113261,0.00302188,0,0
SDS3,-0.023996,0.0766133,-0.00430367,0.0766133,-0.0311303,0.424269,-0.0263865,0.424269,0,0
SAS5,-0.216619,0.0140509,-0.136705,0.0140509,0.0115256,0.372901,0.000868656,0.372901,0,0
SAS2,-0.211744,0.000852155,-0.191447,0.000852155,-0.014491,0.267298,-0.0012025,0.267298,0.225004,0
RTT106,-0.0256372,0.0556058,-0.00302287,0.0556058,-0.00484274,0.91127,-0.00205101,0.91127,0,0
RXT3,-0.0322063,0.0157666,-0.00398966,0.0157666,0.070748,0.118566,0.0256749,0.118566,0,0
RTT109,-0.0843915,8.81737E-10,-0.0143052,8.81737E-10,-0.0825308,0.0162216,-0.0671042,0.0162216,6.21018,0
SAP30,0.000798147,0.953029,0.000132437,0.953029,-0.0520118,0.18268,-0.039668,0.18268,0,0
RXT2,0.0263147,0.0519847,0.00397575,0.0519847,-0.030203,0.441003,-0.0204385,0.441003,0,0
RTG2,0.0178948,0.759151,0.0143103,0.759151,0.0187916,0.152057,0.00166594,0.152057,0,0
RTF1,0.0258587,0.0466069,0.0062548,0.0466069,-0.173363,0.0182795,-0.195671,0.0182795,0,0
RCO1,-0.00268874,0.839857,-0.00026945,0.839857,-0.00201941,0.965698,-0.000876088,0.965698,0,0
RSC2,-0.00177851,0.893134,-0.000414329,0.893134,-0.08263,0.0993171,-0.077529,0.0993171,0,0
RSC1,0.00380041,0.776524,0.000590318,0.776524,-0.0392129,0.36943,-0.02769,0.36943,0,0
RPD3,-0.0880525,0.0307621,-0.0930054,0.0307621,-0.0230449,0.0873261,-0.0048802,0.0873261,0,0
RFM1,0.0152133,0.783386,0.0143404,0.783386,-0.0386084,0.00333326,-0.00353794,0.00333326,0,0
NOT3,0.0292288,0.0278811,0.00365293,0.0278811,-0.0760395,0.108389,-0.0290951,0.108389,0,0
MSI1,-0.0243153,0.0665068,-0.00276177,0.0665068,0.0899669,0.068447,0.0567511,0.068447,0,0
PHO23,0.0240823,0.0748644,0.00370367,0.0748644,-0.0322818,0.416743,-0.0228826,0.416743,0,0
RAD6,0.0152898,0.248556,0.00417371,0.248556,-0.0143465,0.772104,-0.0136459,0.772104,0,0
NGG1,-0.0721626,0.125957,-0.0787468,0.125957,-0.0106379,0.42378,-0.00225421,0.42378,0,0
PAF1,-0.103575,0.0511909,-0.139878,0.0511909,0.0307594,0.0196535,0.0104024,0.0196535,0,0
NPL6,0.0467059,0.000639159,0.00958305,0.000639159,-0.0912658,0.0115012,-0.0803629,0.0115012,0.349914,0
SOH1,0.0429108,0.00112176,0.00684992,0.00112176,-0.0411472,0.446165,-0.0289031,0.446165,0.105624,0
NUT1,0.00566783,0.916947,0.00347462,0.916947,-0.00387399,0.768677,-0.000424287,0.768677,0,0
CSE2,-0.0683741,0.134286,-0.0576063,0.134286,0.0219195,0.100188,0.00341762,0.100188,0,0
PGD1,0.00765809,0.845612,0.00628884,0.845612,-0.0285277,0.035072,-0.00443898,0.035072,0,0
SRB5,-0.00189583,0.970039,-0.00149922,0.970039,0.028555,0.030921,0.00521614,0.030921,0,0
MED2,-0.0166964,0.214245,-0.00337007,0.214245,0.00749685,0.858009,0.00742534,0.858009,0,0
SRB2,-0.0673166,0.212982,-0.0608473,0.212982,0.0517651,8.44171E-05,0.0112054,8.44171E-05,0,1.2290925
GAL11,-0.0107245,0.426461,-0.00267068,0.426461,0.0320507,0.430949,0.0371414,0.430949,0,0
SIN4,-0.0404309,0.00246377,-0.00659864,0.00246377,-0.0268734,0.54843,-0.0246272,0.54843,0,0
MED1,-0.0337326,0.480332,-0.0295154,0.480332,0.015377,0.247115,0.00214488,0.247115,0,0
LGE1,0.00615595,0.63639,0.00126857,0.63639,-0.0895995,0.19918,-0.0859175,0.19918,0,0
JHD2,-0.00339584,0.945683,-0.00123476,0.945683,0.00807666,0.542022,0.000604506,0.542022,0,0
LEO1,-0.191796,0.000874877,-0.114122,0.000874877,0.0617341,2.49359E-06,0.00770275,2.49359E-06,0.213576,2.7586986
LDB7,0.0242399,0.0688887,0.00276054,0.0688887,-0.0243782,0.596509,-0.0103576,0.596509,0,0
ITC1,0.0191858,0.148779,0.00179397,0.148779,-0.0431326,0.365643,-0.027551,0.365643,0,0
HST1,0.0401377,0.519354,0.0392912,0.519354,-0.0558991,1.89605E-05,-0.00617074,1.89605E-05,0,1.8776724
IOC4,-0.00959471,0.888504,-0.00523681,0.888504,0.0169237,0.194027,0.00147382,0.194027,0,0
ISW1,-0.0112686,0.39993,-0.00107967,0.39993,-0.0382249,0.382078,-0.0180608,0.382078,0,0
HTZ1,0.0153054,0.250412,0.0020526,0.250412,-0.0598308,0.197309,-0.0361264,0.197309,0,0
IOC2,0.000283646,0.982691,2.77927E-05,0.982691,-0.0720079,0.252856,-0.0341896,0.252856,0,0
HTL1,-0.00972538,0.80248,-0.00669936,0.80248,0.0322934,0.017192,0.00462385,0.017192,0,0
IES5,-0.0214487,0.107981,-0.00177104,0.107981,-0.0244826,0.588754,-0.00991331,0.588754,0,0
HOS4,-0.17768,0.00339635,-0.0621691,0.00339635,-0.0704283,7.1933E-08,-0.00540758,7.1933E-08,0,4.2985949
IES3,-0.0033171,0.80248,-0.000398833,0.80248,-0.0457121,0.351195,-0.0276543,0.351195,0,0
IOC3,-0.0372354,0.00430164,-0.00309297,0.00430164,0.120001,0.0699,0.0629946,0.0699,0,0
IES2,0.0104903,0.427881,0.00174991,0.427881,-0.0544928,0.281195,-0.0400781,0.281195,0,0
HOS2,0.0285923,0.027945,0.00309283,0.027945,-0.171092,0.0162227,-0.0691959,0.0162227,0,0
IES6,0.0122492,0.358988,0.00316152,0.358988,-0.0461758,0.304244,-0.0505757,0.304244,0,0
IES1,-0.0573969,0.303763,-0.0234063,0.303763,-0.0175204,0.182766,-0.00135394,0.182766,0,0
HPC2,-0.0871161,0.414239,-0.0386558,0.414239,-0.0295571,0.0218627,-0.00340964,0.0218627,0,0
HIR1,0.266066,0.141049,0.0364632,0.141049,-0.0254128,0.0476309,-0.0029316,0.0476309,0,0
HIR2,-0.0392335,0.00266123,-0.00277612,0.00266123,-0.078671,0.219822,-0.0249779,0.219822,0,0
HDA2,0.0364848,0.458538,0.0149945,0.458538,0.032719,0.0135636,0.0031218,0.0135636,0,0
HDA1,0.0309799,0.0193259,0.00281547,0.0193259,-0.0337475,0.497715,-0.0147726,0.497715,0,0
HDA3,-0.0449947,0.368234,-0.0191854,0.368234,0.0239937,0.0699636,0.0023767,0.0699636,0,0
ESC8,0.037098,0.655522,0.0173895,0.655522,-0.00183553,0.887336,-0.000141056,0.887336,0,0
GCN5,-0.0847648,0.0958879,-0.0901201,0.0958879,-0.0250858,0.0578092,-0.00560253,0.0578092,0,0
DPB4,-0.0468588,0.000398459,-0.00390762,0.000398459,-0.00325175,0.948308,-0.00146393,0.948308,0.555139,0
CHD1,-0.0498611,0.000193968,-0.00536768,0.000193968,0.0587487,0.178931,0.0247662,0.178931,0.867793,0
BUR2,0.00663739,0.616149,0.00199148,0.616149,-0.134159,0.00721107,-0.140012,0.00721107,0,0
CDC73,-0.0710789,0.124257,-0.0691981,0.124257,0.0358787,0.00705415,0.00814128,0.00705415,0,0
EAF6,0.0307229,0.0177542,0.00310317,0.0177542,-0.077134,0.343291,-0.0392559,0.343291,0,0
DEP1,-0.0238634,0.0781189,-0.0041936,0.0781189,-0.0574477,0.14162,-0.0481349,0.14162,0,0
CAF130,-0.0695373,0.267648,-0.0347739,0.267648,-0.00932543,0.475733,-0.00091473,0.475733,0,0
EAF1,-0.0828922,0.031929,-0.0604701,0.031929,0.0452433,0.000846874,0.00827797,0.000846874,0,0.2277038
CTR9,0.0232356,0.0777699,0.00816828,0.0777699,-0.0393477,0.466971,-0.0544216,0.466971,0,0
EAF5,-0.0260628,0.0471292,-0.00315832,0.0471292,-0.0678203,0.237631,-0.0381441,0.237631,0,0
EAF7,-0.0995831,0.0527344,-0.0673888,0.0527344,-0.033052,0.0123623,-0.00449146,0.0123623,0,0
CTI6,0.049756,0.306138,0.0277279,0.306138,0.0467902,0.000418467,0.00628387,0.000418467,0,0.5338612
CAC2,-0.0306323,0.0231753,-0.00414501,0.0231753,-0.0141514,0.726584,-0.0102716,0.726584,0,0
CCR4,-0.0039304,0.78241,-0.000830542,0.78241,-0.0635063,0.0300578,-0.0469271,0.0300578,0,0
DLS1,-0.103185,0.0906174,-0.0517201,0.0906174,-0.0105536,0.420159,-0.000969924,0.420159,0,0
EAF3,0.00457362,0.730859,0.00041969,0.730859,0.039456,0.404778,0.0181716,0.404778,0,0
RLF2,-0.0193432,0.146653,-0.0020445,0.146653,0.0439206,0.339494,0.0223317,0.339494,0,0
CAF40,-0.000122667,0.992636,-1.34138E-05,0.992636,-0.00551794,0.907802,-0.00244864,0.907802,0,0
BRE1,-0.0794549,0.174238,-0.0690017,0.174238,-0.0011927,0.927559,-0.000267917,0.927559,0,0
ASF1,-0.0630694,0.170873,-0.028714,0.170873,-0.136695,6.59047E-25,-0.0223081,6.59047E-25,0,21.3366064
ARP6,-0.0853115,0.0699816,-0.0332396,0.0699816,0.00951654,0.474301,0.000976126,0.474301,0,0
NRG1,0.00288895,0.823461,0.000323053,0.823461,0.105551,0.212886,0.0548978,0.212886,0,0
YLR278C,-0.0145792,0.2676,-0.00110673,0.2676,0.133284,0.0165381,0.0525786,0.0165381,0,0
ZAP1,0.00702248,0.597677,0.000955322,0.597677,-0.125115,0.00740926,-0.0778935,0.00740926,0,0
ENV11,0.0278626,0.455693,0.0112823,0.455693,-0.0496922,0.000263296,-0.00526384,0.000263296,0,0.7350783
YJL206C,0.00646018,0.622646,0.000483782,0.622646,-0.0217985,0.705958,-0.0126268,0.705958,0,0
HEL2,-0.0489415,0.125172,-0.0149954,0.125172,0.00203579,0.884165,0.000134917,0.884165,0,0
YAP1,0.103172,0.0758514,0.0479096,0.0758514,-0.00626286,0.633164,-0.000349746,0.633164,0,0
URC2,-0.00786589,0.554854,-0.000770557,0.554854,-0.0872225,0.0590953,-0.0345932,0.0590953,0,0
TEC1,0.0368204,0.635611,0.0192786,0.635611,-0.00737038,0.570113,-0.000514459,0.570113,0,0
SWI5,-0.000710296,0.992036,-0.000479788,0.992036,-0.0473481,0.000272317,-0.00315194,0.000272317,0,0.7204475
SWI4,0.0556376,0.193438,0.0324875,0.193438,0.00678209,0.613168,0.000795345,0.613168,0,0
SUM1,-0.00733425,0.894568,-0.00812003,0.894568,-0.0551485,2.73722E-05,-0.00487433,2.73722E-05,0,1.7182136
STP3,-0.0196528,0.131036,-0.00147239,0.131036,-0.10615,0.132692,-0.0575971,0.132692,0,0
STP2,-0.0114831,0.38489,-0.00079155,0.38489,0.04541,0.378007,0.0175475,0.378007,0,0
STP1,0.00956546,0.467096,0.00228551,0.467096,-0.142524,0.010093,-0.148767,0.010093,0,0
STE12,0.0708993,0.413846,0.0645125,0.413846,-0.000643699,0.960334,-5.06613E-05,0.960334,0,0
STB5,-0.0148323,0.26766,-0.00262868,0.26766,-0.0169547,0.699701,-0.0118381,0.699701,0,0
STB4,-0.00181853,0.887696,-0.000130132,0.887696,0.0051318,0.965387,0.00275417,0.965387,0,0
RPN4,-0.00547577,0.904359,-0.00272455,0.904359,0.0309694,0.0202149,0.00296015,0.0202149,0,0
SKN7,0.0583771,0.251314,0.0335869,0.251314,0.0274218,0.0381088,0.00216411,0.0381088,0,0
SOK2,0.0169784,0.690078,0.00917608,0.690078,0.00647939,0.629287,0.000579544,0.629287,0,0
RTG3,-0.0042322,0.929945,-0.00363244,0.929945,0.0181806,0.170949,0.00164277,0.170949,0,0
SFL1,-0.0149634,0.770952,-0.00831189,0.770952,-0.00133749,0.919403,-0.000155758,0.919403,0,0
RPH1,0.00358867,0.789691,0.000294098,0.789691,0.0630498,0.129018,0.0190537,0.129018,0,0
SNT1,0.00851373,0.514657,0.00115443,0.514657,-0.229406,0.000277202,-0.135975,0.000277202,0,0.7127263
RSC30,0.014583,0.27437,0.00186409,0.27437,-0.0290945,0.521818,-0.016919,0.521818,0,0
RTG1,0.0360596,0.00607112,0.0023398,0.00607112,-0.0213118,0.704992,-0.0141586,0.704992,0,0
SKO1,-0.00752467,0.569775,-0.000654362,0.569775,0.00938447,0.851762,0.00470284,0.851762,0,0
SPT2,0.00166809,0.898594,0.00014447,0.898594,0.0327033,0.594023,0.0176584,0.594023,0,0
SFP1,0.0472939,0.000647613,0.0122396,0.000647613,-0.0936879,0.00469879,-0.0949174,0.00469879,0.344207,0
ROX1,0.00241304,0.854921,0.000218204,0.854921,-0.020607,0.695573,-0.0126774,0.695573,0,0
RME1,0.119465,0.0783986,0.0506312,0.0783986,0.00372661,0.77494,0.000273105,0.77494,0,0
RGT1,-0.0944563,0.167582,-0.0506898,0.167582,-0.00247747,0.849208,-0.00022363,0.849208,0,0
RIM101,-0.043278,0.488877,-0.033107,0.488877,-0.010749,0.411124,-0.000868027,0.411124,0,0
RFX1,0.0457069,0.597232,0.0434755,0.597232,-0.0113767,0.379431,-0.00092483,0.379431,0,0
PPR1,-0.170085,0.0337737,-0.0815499,0.0337737,-0.0160838,0.214767,-0.000862754,0.214767,0,0
PEP7,-0.00770464,0.567465,-0.00123134,0.567465,-0.00230141,0.955251,-0.00156545,0.955251,0,0
MOT2,0.0133081,0.328734,0.00459406,0.328734,-0.00974025,0.794302,-0.0115221,0.794302,0,0
PDR3,0.102356,0.178957,0.0369985,0.178957,0.0106657,0.411425,0.000760974,0.411425,0,0
MSN2,-0.0165622,0.809646,-0.0102039,0.809646,0.0181103,0.164506,0.00129912,0.164506,0,0
NHP10,-0.0307651,0.0211347,-0.00296859,0.0211347,0.0481615,0.286837,0.0215574,0.286837,0,0
MOT3,0.00158792,0.973809,0.000962565,0.973809,-0.0104859,0.429575,-0.0008945,0.429575,0,0
MIG1,0.0503857,0.30584,0.0233397,0.30584,0.0199148,0.13302,0.00171858,0.13302,0,0
MBP1,-0.0338546,0.0107214,-0.00264082,0.0107214,-0.0383548,0.429219,-0.0183696,0.429219,0,0
MAC1,-0.0802399,0.158061,-0.0382665,0.158061,0.00146704,0.91109,9.85321E-05,0.91109,0,0
LEU3,0.0529396,0.42122,0.0231229,0.42122,-0.0142745,0.274021,-0.000933276,0.274021,0,0
HXK2,-0.050064,0.224659,-0.0317954,0.224659,-0.00441088,0.74325,-0.000571147,0.74325,0,0
HMO1,-0.013677,0.783773,-0.00804558,0.783773,0.0073892,0.576943,0.00104308,0.576943,0,0
INO2,-0.0773682,0.079116,-0.082728,0.079116,0.00642339,0.63109,0.00141285,0.63109,0,0
HAP1,-0.0130088,0.31374,-0.00122621,0.31374,-0.145329,0.133432,-0.0676908,0.133432,0,0
ISW2,0.0104305,0.430883,0.000824886,0.430883,0.00191123,0.969528,0.00100841,0.969528,0,0
HAP3,0.0769299,0.248345,0.0465127,0.248345,-0.0259464,0.0466444,-0.00223371,0.0466444,0,0
IXR1,-0.0387696,0.36856,-0.02428,0.36856,-0.0155341,0.24652,-0.00135557,0.24652,0,0
HAP2,-0.0785528,0.171203,-0.0373004,0.171203,0.000469769,0.971462,4.54112E-05,0.971462,0,0
INO4,-0.053349,0.252974,-0.0621908,0.252974,0.00562068,0.672845,0.00149225,0.672845,0,0
HAL9,-0.00988303,0.450839,-0.000687054,0.450839,0.0382904,0.520437,0.0144939,0.520437,0,0
GZF3,0.0265247,0.752323,0.0131762,0.752323,-0.022078,0.0882458,-0.00150384,0.0882458,0,0
HAP5,-0.165284,0.103856,-0.111726,0.103856,-0.0179582,0.163952,-0.00168699,0.163952,0,0
GAT2,0.00683022,0.600743,0.000338809,0.600743,0.0312443,0.634429,0.0087628,0.634429,0,0
FZF1,0.068895,0.28276,0.0260851,0.28276,-0.0273178,0.0364837,-0.0021205,0.0364837,0,0
FKH1,0.0111335,0.396541,0.000827301,0.396541,0.033879,0.554932,0.0191616,0.554932,0,0
GIS1,-0.0265797,0.0453355,-0.00232786,0.0453355,0.111525,0.0198437,0.045483,0.0198437,0,0
GCN4,0.0717579,0.248921,0.0400822,0.248921,-0.010922,0.403713,-0.00112608,0.403713,0,0
GLN3,-0.00479532,0.716079,-0.000741721,0.716079,-0.0141532,0.791313,-0.0107216,0.791313,0,0
CST6,-0.0128215,0.343127,-0.00333762,0.343127,-0.0544904,0.169232,-0.0645249,0.169232,0,0
CIN5,0.017347,0.793136,0.0070986,0.793136,0.00493677,0.70517,0.000367964,0.70517,0,0
DAL81,0.010497,0.442027,0.0010944,0.442027,-0.0559495,0.1281,-0.0241807,0.1281,0,0
ASH1,0.0306694,0.0178379,0.00260383,0.0178379,0.0519639,0.540565,0.0287066,0.540565,0,0
CHA4,-0.00887177,0.932738,-0.00666939,0.932738,-0.0730181,1.43679E-08,-0.00442431,1.43679E-08,0,4.9981291
DAT1,0.00488909,0.709696,0.000435703,0.709696,0.025347,0.658218,0.0110773,0.658218,0,0
CBF1,0.0267786,0.043896,0.0049382,0.043896,-0.0823996,0.0828607,-0.0736347,0.0828607,0,0
ADA2,-0.0811146,0.0582046,-0.0804326,0.0582046,-0.0150435,0.262018,-0.00308342,0.262018,0,0
CUP9,-0.00654194,0.619372,-0.000387924,0.619372,0.0751178,0.167615,0.0271114,0.167615,0,0
AFT1,0.0426886,0.480806,0.0320338,0.480806,-0.0283551,0.0303586,-0.00257197,0.0303586,0,0
ACE2,-0.011411,0.83541,-0.00786557,0.83541,-0.0190295,0.148265,-0.00177848,0.148265,0,0
AZF1,-0.113128,0.0266414,-0.0407802,0.0266414,0.00475591,0.719064,0.000397141,0.719064,0,0
ABF2,-0.0398318,0.00224934,-0.00261746,0.00224934,0.0286197,0.668687,0.0141958,0.668687,0,0
BAS1,-0.00711502,0.583073,-0.00064756,0.583073,0.165292,0.041167,0.118575,0.041167,0,0
ARG81,0.0182179,0.157043,0.00101488,0.157043,-0.00878594,0.941609,-0.00802254,0.941609,0,0
ARG80,0.0583066,0.439472,0.035138,0.439472,0.000324537,0.980068,2.55773E-05,0.980068,0,0
RPS21A,0.00331218,0.803481,0.000420569,0.803481,0.0222218,0.634525,0.0111171,0.634525,0,0
SRP40,-0.0189386,0.149791,-0.00263865,0.149791,0.141376,0.0110916,0.0810408,0.0110916,0,0
RCM1,0.0877863,0.0996229,0.0545408,0.0996229,-0.00440241,0.738475,-0.000592378,0.738475,0,0
RPS0B,0.170577,1.11959E-07,0.0799166,1.11959E-07,-0.0786556,1.58098E-08,-0.0103781,1.58098E-08,4.10647,4.9565975
RPL16A,0.0565643,0.0626491,0.0171719,0.0626491,-0.0210712,0.13539,-0.00210518,0.13539,0,0
UBC7,-0.0194521,0.132563,-0.00140083,0.132563,-0.0156715,0.861179,-0.00760988,0.861179,0,0
YIL014C-A,0.0134405,0.301647,0.000898748,0.301647,0.0190854,0.789037,0.00863143,0.789037,0,0
SAM3,-0.016352,0.216102,-0.00181545,0.216102,-0.126545,0.0131972,-0.0634627,0.0131972,0,0
UTP30,-0.0381966,0.454878,-0.0224644,0.454878,-0.0133236,0.313611,-0.00137398,0.313611,0,0
YHR003C,-0.0294726,0.0283742,-0.00389902,0.0283742,0.00140314,0.973218,0.000933862,0.973218,0,0
SWT21,-0.0074943,0.566651,-0.000947996,0.566651,-0.0269824,0.665583,-0.0173263,0.665583,0,0
EST3,0.00877464,0.511427,0.00147953,0.511427,0.119673,0.00709536,0.102751,0.00709536,0,0
LSM12,0.0063743,0.625739,0.000579922,0.625739,0.0156947,0.804965,0.0105027,0.804965,0,0
IKI3,0.0021116,0.971788,0.00121596,0.971788,0.0243101,0.0635818,0.00302208,0.0635818,0,0
TFB5,-0.0773275,0.0268109,-0.0425392,0.0268109,0.0182492,0.1846,0.00232904,0.1846,0,0
YPK3,-0.0218653,0.71224,-0.00749939,0.71224,0.00506793,0.699092,0.000482706,0.699092,0,0
SNX4,-0.00489215,0.938405,-0.00201142,0.938405,-0.0206429,0.114248,-0.0016764,0.114248,0,0
TIF4631,-0.00185191,0.887136,-0.000207937,0.887136,-0.175716,0.00742786,-0.118585,0.00742786,0,0
YOR338W,-0.0697232,0.499664,-0.0422798,0.499664,0.000163286,0.989901,2.19918E-05,0.989901,0,0
YPL199C,-0.0202449,0.114887,-0.0030605,0.114887,0.0794727,0.621363,0.0985252,0.621363,0,0
SET5,-0.00186391,0.884714,-0.000195319,0.884714,-0.158723,0.256299,-0.143261,0.256299,0,0
RAD28,-0.00736393,0.566581,-0.000900336,0.566581,-0.00594113,0.968032,-0.00447187,0.968032,0,0
SAE2,-0.0217971,0.0928071,-0.00287858,0.0928071,-0.169753,0.0318739,-0.0956713,0.0318739,0,0
HEH2,0.00834549,0.521408,0.000691724,0.521408,0.0156211,0.825362,0.00904657,0.825362,0,0
TRX2,-0.0368983,0.00518006,-0.00239612,0.00518006,-0.0174163,0.739141,-0.00829545,0.739141,0,0
EUG1,0.0353615,0.573305,0.0213453,0.573305,-0.00652767,0.61763,-0.00063476,0.61763,0,0
TEL1,-0.0339043,0.00862319,-0.00273596,0.00862319,0.0861305,0.380006,0.0459931,0.380006,0,0
PPZ1,-0.00479714,0.711948,-0.000415454,0.711948,-0.0432306,0.564461,-0.0232719,0.564461,0,0
FPK1,-0.0437437,0.540588,-0.0245159,0.540588,-0.0223469,0.0858593,-0.00172199,0.0858593,0,0
CMK1,0.198043,0.0141309,0.0800671,0.0141309,-0.0263703,0.0418798,-0.00246098,0.0418798,0,0
MIH1,-0.0412754,0.524536,-0.0199058,0.524536,0.00090334,0.944848,8.90523E-05,0.944848,0,0
MKK2,0.142301,0.00975369,0.0479622,0.00975369,-0.0133337,0.310886,-0.00108996,0.310886,0,0
RIM11,-0.0157536,0.229863,-0.00152308,0.229863,0.139096,0.0166376,0.0651718,0.0166376,0,0
PPT1,0.0141957,0.271865,0.00117151,0.271865,0.00193512,0.983697,0.00132678,0.983697,0,0
SPO7,0.100193,0.227261,0.0520884,0.227261,-0.00801447,0.536176,-0.000656684,0.536176,0,0
BCK1,0.0609362,0.443999,0.0420918,0.443999,-0.00196704,0.879455,-0.00020436,0.879455,0,0
CHK1,0.150454,0.00367569,0.0811727,0.00367569,-0.00933421,0.479691,-0.00109504,0.479691,0,0
KDX1,0.0443545,0.441738,0.0148743,0.441738,-0.00788715,0.548004,-0.000597012,0.548004,0,0
PTC4,0.145235,0.0427844,0.080331,0.0427844,-0.0295974,0.0228612,-0.00227681,0.0228612,0,0
RIM15,-0.00456671,0.725187,-0.000470087,0.725187,-0.0086812,0.90818,-0.00528994,0.90818,0,0
CMK2,0.0529466,0.489037,0.023335,0.489037,-0.0270477,0.0372066,-0.00214768,0.0372066,0,0
LCB5,-0.0176153,0.175036,-0.00179714,0.175036,-0.0947287,0.208477,-0.0476483,0.208477,0,0
CKA1,-0.092707,0.240652,-0.0672109,0.240652,-0.0502839,0.000105007,-0.00407021,0.000105007,0,1.1343063
PSR1,0.014076,0.281735,0.00131127,0.281735,0.0212136,0.735017,0.010513,0.735017,0,0
PPG1,0.0601805,0.288506,0.0253102,0.288506,0.017806,0.175362,0.00115614,0.175362,0,0
USA1,-0.176605,0.0317788,-0.0653825,0.0317788,0.0113746,0.379995,0.0010015,0.379995,0,0
