ID,Noise SD
Q0010,
Q0017,
Q0032,
Q0045,
Q0050,
Q0055,
Q0060,
Q0065,
Q0070,
Q0075,
Q0080,
Q0085,
Q0092,
Q0105,
Q0110,
Q0115,
Q0120,
Q0130,
Q0140,
Q0142,
Q0143,
Q0144,
Q0160,
Q0182,
Q0250,
Q0255,
Q0275,
Q0297,
R0020C,
R0040C,
snR10,
YAL001C,
YAL002W,
YAL003W,
YAL004W,
YAL005C,9.4669121068
YAL007C,2.5163661257
YAL008W,
YAL009W,
YAL010C,
YAL011W,
YAL012W,-2.3782924685
YAL013W,
YAL014C,
YAL015C,
YAL016C-A,
YAL016C-B,
YAL016W,-1.5989348955
YAL017W,
YAL018C,
YAL019W,
YAL019W-A,
YAL020C,
YAL021C,
YAL022C,
YAL023C,-0.2685374989
YAL024C,
YAL025C,
YAL026C,0.2802948419
YAL026C-A,
YAL027W,
YAL028W,
YAL029C,0.567598176
YAL030W,
YAL031C,
YAL031W-A,
YAL032C,
YAL033W,-1.1156011572
YAL034C,
YAL034C-B,
YAL034WA,
YAL034W-A,
YAL035C-A,
YAL035W,-1.1617416216
YAL036C,0.2081498355
YAL037C-A,
YAL037C-B,
YAL037W,
YAL038W,
YAL039C,
YAL040C,
YAL041W,-0.1567736992
YAL042C-A,
YAL042W,
YAL043C,2.5328745887
YAL043C-A,
YAL044C,0.8794408377
YAL044W-A,
YAL045C,
YAL046C,
YAL047C,
YAL047W-A,
YAL048C,
YAL049C,
YAL051W,
YAL053W,-0.8769966076
YAL054C,
YAL055W,
YAL056C-A,
YAL056W,
YAL058C-A,
YAL058W,
YAL059C-A,
YAL059W,
YAL060W,6.285862092
YAL061W,7.5667689463
YAL062W,
YAL063C,
YAL063C-A,
YAL064C-A,
YAL064W,
YAL064W-B,
YAL065C,
YAL065C-A,
YAL066W,
YAL067C,
YAL067W-A,
YAL068C,
YAL068W-A,
YAL069W,
YAR002CA,
YAR002C-A,-0.7562594915
YAR002W,-0.2876455516
YAR003W,
YAR007C,
YAR008W,
YAR009C,
YAR010C,
YAR014C,0.4876713577
YAR015W,-1.0919837476
YAR018C,
YAR019C,
YAR019W-A,
YAR020C,
YAR023C,
YAR027W,
YAR028W,
YAR029W,
YAR030C,
YAR031W,
YAR033W,
YAR035C-A,
YAR035W,
YAR037W,
YAR040C,
YAR042W,
YAR043C,
YAR044W,0.1133333333
YAR047C,
YAR050W,
YAR052C,
YAR053W,
YAR060C,
YAR061W,
YAR062W,
YAR064W,
YAR066W,
YAR068W,
YAR069C,
YAR070C,
YAR071W,
YAR073W,
YAR074C,
YAR075W,
YBL001C,
YBL002W,-1.2267791551
YBL003C,
YBL004W,0.7527218552
YBL005W,
YBL005WA,
YBL005W-A,
YBL005W-B,
YBL006C,
YBL006W-A,
YBL007C,-0.9147186668
YBL008W,
YBL008W-A,
YBL009W,
YBL010C,
YBL011W,-0.933498163
YBL012C,
YBL013W,
YBL014C,
YBL015W,10.1252722219
YBL016W,1.5453899412
YBL017C,0.5851243235
YBL018C,
YBL019W,
YBL020W,
YBL021C,
YBL022C,1.2302486799
YBL023C,0.5372322494
YBL024W,29.1106904036
YBL025W,
YBL026W,1.0909810303
YBL027W,-3.2716917025
YBL028C,-0.3824101475
YBL029C-A,0.3483418128
YBL029W,
YBL030C,
YBL031W,
YBL032W,-1.4847692608
YBL033C,-1.7366913673
YBL034C,
YBL035C,
YBL036C,0.8912261373
YBL037W,-0.7366634703
YBL038W,-1.2599809987
YBL039C,
YBL039C-A,
YBL039W-B,
YBL040C,0.4247316412
YBL041W,
YBL042C,2.9941145931
YBL043W,
YBL044W,
YBL045C,3.2390784888
YBL046W,-1.4101501485
YBL047C,-0.5835359282
YBL048W,
YBL049W,
YBL050W,
YBL051C,0.2778243536
YBL052C,
YBL053W,
YBL054W,
YBL055C,
YBL056W,-1.7156354886
YBL057C,
YBL058W,-0.8116271752
YBL059C-A,
YBL059W,
YBL060W,
YBL061C,0.2462058294
YBL062W,
YBL063W,
YBL064C,1.394952046
YBL065W,
YBL066C,
YBL067C,
YBL068W,-0.0252770659
YBL068W-A,
YBL069W,
YBL070C,
YBL071C,
YBL071C-B,
YBL071W-A,2.1883656309
YBL072C,
YBL073W,
YBL074C,
YBL075C,
YBL076C,-0.1009515245
YBL077W,
YBL078C,
YBL079W,-0.2173877367
YBL080C,
YBL081W,
YBL082C,
YBL083C,
YBL084C,
YBL085W,
YBL086C,-1.228011393
YBL087C,-0.3986956522
YBL088C,
YBL089W,
YBL090W,
YBL091C,-1.428601403
YBL091CA,
YBL091C-A,
YBL092W,
YBL093C,
YBL094C,
YBL095W,
YBL096C,
YBL097W,
YBL098W,
YBL099W,9.8497434104
YBL100C,
YBL100W-A,
YBL100W-B,
YBL100W-C,
YBL101C,0.1273544484
YBL101WA,
YBL101W-A,
YBL101W-B,
YBL102W,1.7776000747
YBL103C,
YBL104C,
YBL105C,-0.3471858888
YBL106C,
YBL107C,
YBL107WA,
YBL107W-A,
YBL108C-A,
YBL108W,
YBL109W,
YBL111C,-0.0779832428
YBL112C,
YBL113C,
YBL113W-A,
YBR001C,
YBR002C,-1.233150055
YBR003W,-1.4401501485
YBR004C,
YBR005W,
YBR006W,
YBR007C,
YBR008C,
YBR009C,
YBR010W,
YBR011C,
YBR012C,
YBR012W-A,
YBR012W-B,
YBR013C,
YBR014C,0.0952560866
YBR015C,
YBR016W,-0.2567966671
YBR017C,1.1518480708
YBR018C,
YBR019C,
YBR020W,
YBR021W,
YBR022W,
YBR023C,0.9693663493
YBR024W,
YBR025C,-0.2094655134
YBR026C,
YBR027C,
YBR028C,0.01277226
YBR029C,
YBR030W,
YBR031W,
YBR032W,
YBR033W,
YBR034C,0.3575472761
YBR035C,
YBR036C,0.1449165842
YBR037C,
YBR038W,
YBR039W,10.7770869339
YBR040W,
YBR041W,
YBR042C,
YBR043C,2.3287257638
YBR044C,
YBR045C,
YBR046C,-0.2440699214
YBR047W,
YBR048W,
YBR049C,0.4954429481
YBR050C,
YBR051W,
YBR052C,-1.2351884892
YBR053C,
YBR054W,16.4189990643
YBR055C,
YBR056C-B,
YBR056W,
YBR056W-A,
YBR057C,
YBR058C,
YBR058C-A,1.3780306628
YBR059C,7.9712552582
YBR060C,
YBR061C,
YBR062C,
YBR063C,
YBR064W,
YBR065C,
YBR066C,
YBR067C,14.1105663865
YBR068C,
YBR069C,2.9507509185
YBR070C,
YBR071W,
YBR072C-A,
YBR072W,
YBR073W,
YBR074W,
YBR075W,
YBR076C-A,
YBR076W,
YBR077C,-0.1424127952
YBR078W,
YBR079C,-0.0261867832
YBR080C,1.5345920135
YBR081C,
YBR082C,2.3866407125
YBR083W,
YBR084C-A,-1.6070370088
YBR084W,0.6961637572
YBR085C-A,7.9549010177
YBR085W,
YBR086C,-0.1044521272
YBR087W,
YBR088C,
YBR089CA,
YBR089C-A,0.4392120117
YBR089W,
YBR090C,-0.8916252867
YBR090C-A,
YBR091C,
YBR092C,
YBR093C,
YBR094W,0.0149094042
YBR095C,
YBR096W,
YBR097W,
YBR098W,
YBR099C,
YBR100W,
YBR101C,-0.1026192865
YBR102C,-0.693011393
YBR103C-A,
YBR103W,
YBR104W,
YBR105C,2.2773371619
YBR106W,0.0355541146
YBR107C,
YBR108W,
YBR109C,
YBR109W-A,
YBR110W,-0.841973018
YBR111C,-0.3367639352
YBR111W-A,
YBR112C,-0.1087447418
YBR113W,
YBR114W,
YBR115C,2.5739022228
YBR116C,
YBR117C,
YBR118W,-2.8990446044
YBR119W,
YBR120C,0.3600272489
YBR121C,-0.4408843062
YBR121C-A,
YBR122C,-0.7781500553
YBR123C,
YBR124W,
YBR125C,
YBR126C,3.8798459692
YBR126W-A,
YBR126W-B,
YBR127C,-0.8086967268
YBR128C,
YBR129C,
YBR130C,-1.5480378048
YBR131C-A,
YBR131W,
YBR132C,1.1752829618
YBR133C,
YBR134W,
YBR135W,-0.4918313534
YBR136W,
YBR137W,-0.735
YBR138C,
YBR139W,
YBR140C,0.1173517924
YBR141C,
YBR141W-A,
YBR142W,-0.0048574545
YBR143C,-2.5922130743
YBR144C,
YBR145W,
YBR146W,
YBR147W,
YBR148W,
YBR149W,17.5019276245
YBR150C,
YBR151W,-1.0097126034
YBR152W,-1.3374872809
YBR153W,
YBR154C,
YBR155W,-0.3843348163
YBR156C,
YBR157C,
YBR158W,
YBR159W,-1.182219823
YBR160W,-0.8892510764
YBR161W,
YBR162C,-0.3288478114
YBR162WA,
YBR162W-A,-0.1274872809
YBR163W,
YBR164C,0.2673356363
YBR165W,
YBR166C,-0.8261795524
YBR167C,-0.177369426
YBR168W,
YBR169C,2.5431205678
YBR170C,-0.0352770659
YBR171W,0.0097821885
YBR172C,
YBR173C,
YBR174C,
YBR175W,
YBR176W,
YBR177C,-0.6616251763
YBR178W,
YBR179C,1.1673544484
YBR180W,
YBR181C,9.6081078229
YBR182C,
YBR182C-A,
YBR183W,
YBR184W,
YBR185C,2.5670873827
YBR186W,
YBR187W,
YBR188C,-0.2123286423
YBR189W,
YBR190W,
YBR191W,-3.4062615808
YBR191W-A,
YBR192W,
YBR193C,
YBR194W,
YBR195C,
YBR196C,0.6772902001
YBR196C-A,
YBR196C-B,
YBR197C,
YBR198C,
YBR199W,
YBR200W,1.4100979019
YBR200W-A,
YBR201C-A,
YBR201W,
YBR202W,4.6847658284
YBR203W,
YBR204C,
YBR205W,
YBR206W,
YBR207W,3.5230306628
YBR208C,8.3764321667
YBR209W,
YBR210W,
YBR211C,
YBR212W,-0.4367736992
YBR213W,
YBR214W,1.5932325581
YBR215W,
YBR216C,-0.1867966671
YBR217W,
YBR218C,0.0163237105
YBR219C,
YBR220C,
YBR221C,5.2674915669
YBR221W-A,
YBR222C,2.2053951383
YBR223C,
YBR223W-A,
YBR224W,
YBR225W,
YBR226C,
YBR227C,0.517598176
YBR228W,
YBR229C,
YBR230C,
YBR230W-A,
YBR231C,
YBR232C,
YBR233W,
YBR233W-A,
YBR234C,
YBR235W,
YBR236C,-0.3412023145
YBR237W,
YBR238C,
YBR239C,
YBR240C,
YBR241C,
YBR242W,
YBR243C,
YBR244W,13.3388663578
YBR245C,0.4507999266
YBR246W,
YBR247C,
YBR248C,2.1382539274
YBR249C,-0.3735139493
YBR250W,
YBR251W,-1.2560316365
YBR252W,1.7874061572
YBR253W,
YBR254C,
YBR255C-A,
YBR255W,
YBR256C,
YBR257W,
YBR258C,0.0184506487
YBR259W,
YBR260C,0.319928069
YBR261C,0.7627721063
YBR262C,-0.1140699214
YBR263W,2.6585983137
YBR264C,
YBR265W,
YBR266C,
YBR267W,-0.926169629
YBR268W,0.0315697012
YBR269C,-0.8337817539
YBR270C,
YBR271W,
YBR272C,
YBR273C,
YBR274W,
YBR275C,
YBR276C,
YBR277C,
YBR278W,0.8426387171
YBR279W,0.1589811335
YBR280C,
YBR281C,
YBR282W,-0.6952770659
YBR283C,-0.7680836628
YBR284W,
YBR285W,
YBR286W,
YBR287W,
YBR288C,
YBR289W,
YBR290W,
YBR291C,0.3108171759
YBR292C,
YBR293W,
YBR294W,
YBR295W,
YBR296C,
YBR296C-A,
YBR297W,
YBR298C,
YBR298C-A,
YBR299W,
YBR300C,
YBR301W,
YBR302C,
YCL001W,
YCL001W-A,
YCL001W-B,
YCL002C,
YCL003W,
YCL004W,
YCL005W,
YCL005W-A,
YCL006C,
YCL007C,
YCL008C,
YCL009C,1.5525998266
YCL010C,-0.5802090582
YCL011C,-0.5287867924
YCL012C,
YCL012W,
YCL013W,
YCL014W,
YCL016C,
YCL017C,-0.3918666974
YCL018W,
YCL019W,
YCL020W,
YCL021W,
YCL021W-A,
YCL022C,
YCL023C,
YCL024W,
YCL025C,4.3356075094
YCL026C,
YCL026CA,
YCL026C-A,
YCL026C-B,
YCL027W,
YCL028W,0.1679414221
YCL029C,
YCL030C,2.2661550849
YCL031C,-1.1878033044
YCL032W,
YCL033C,
YCL034W,-0.1553146254
YCL035C,2.0059003572
YCL036W,
YCL037C,-1.5488680429
YCL038C,
YCL039W,
YCL040W,2.0787923585
YCL041C,
YCL042W,
YCL043C,1.47
YCL044C,
YCL045C,-0.13
YCL046W,
YCL047C,
YCL048W,
YCL048W-A,
YCL049C,
YCL050C,-1.1440636741
YCL051W,
YCL052C,
YCL053C,
YCL054W,
YCL054W-A,
YCL055W,-0.7556336507
YCL056C,
YCL057C-A,
YCL057W,0.8732526296
YCL058C,
YCL058W-A,
YCL059C,0.8681114626
YCL060C,
YCL061C,
YCL062W,
YCL063W,
YCL064C,
YCL065W,
YCL066W,
YCL067C,
YCL068C,
YCL069W,
YCL073C,
YCL074W,
YCL075W,
YCL076W,
YCR001W,
YCR002C,-0.0738220588
YCR003W,-1.1343662342
YCR004C,-1.0099832089
YCR005C,5.705093463
YCR006C,
YCR007C,
YCR008W,
YCR009C,-0.5936753178
YCR010C,
YCR011C,-0.0914016863
YCR012W,-1.0553001769
YCR013C,
YCR014C,
YCR015C,
YCR016W,-0.372401824
YCR017C,0.2730697229
YCR018C,
YCR018C-A,14.0789524449
YCR019W,
YCR020C,
YCR020CA,
YCR020C-A,
YCR020WB,
YCR020W-B,-1.3418794322
YCR021C,
YCR022C,
YCR023C,
YCR024C,
YCR024CA,
YCR024C-A,8.3876610845
YCR024C-B,
YCR025C,
YCR026C,
YCR027C,
YCR028C,
YCR028CA,
YCR028C-A,0.2887405085
YCR029C,
YCR029C-A,
YCR030C,0.3563267332
YCR031C,
YCR032W,
YCR033W,
YCR034W,
YCR035C,-1.3593811099
YCR036W,-1.0362634541
YCR037C,0.1776534665
YCR038C,
YCR038W-A,
YCR039C,
YCR040W,
YCR041W,
YCR042C,
YCR043C,0.4651480036
YCR044C,-0.893601403
YCR045C,
YCR045W-A,
YCR046C,0.1224421854
YCR047C,2.2081125551
YCR047W-A,
YCR048W,
YCR049C,
YCR050C,
YCR051W,0.0395669015
YCR052W,
YCR053W,0.2243959506
YCR054C,
YCR055C,
YCR056W,
YCR057C,0.5470484811
YCR058C,
YCR059C,-1.2320812902
YCR060W,
YCR061W,
YCR062W,
YCR063W,-0.1680690572
YCR064C,
YCR065W,
YCR066W,
YCR067C,
YCR068W,
YCR069W,
YCR070W,
YCR071C,0.282630574
YCR072C,
YCR073C,
YCR073WA,
YCR073W-A,
YCR074C,
YCR075C,
YCR075W-A,
YCR076C,
YCR077C,0.2789078695
YCR079W,
YCR080W,
YCR081C-A,
YCR081W,
YCR082W,0.94277896
YCR083W,
YCR084C,1.5052497258
YCR085W,
YCR086W,
YCR087C-A,
YCR087W,
YCR088W,0.1171783637
YCR089W,
YCR090C,2.9076192631
YCR091W,
YCR092C,
YCR093W,-0.603384049
YCR094W,
YCR095C,
YCR095W-A,
YCR096C,
YCR097W,
YCR097WA,
YCR097W-A,
YCR097WB,
YCR098C,
YCR099C,
YCR100C,
YCR101C,
YCR102C,
YCR102WA,
YCR102W-A,
YCR103C,
YCR104W,
YCR105W,
YCR106W,
YCR107W,
YCR108C,
YDL001W,
YDL002C,
YDL003W,
YDL004W,
YDL005C,-0.798467124
YDL006W,
YDL007C-A,
YDL007W,
YDL008W,-0.6652729093
YDL009C,
YDL010W,
YDL011C,
YDL012C,
YDL013W,
YDL014W,
YDL015C,
YDL016C,
YDL017W,
YDL018C,-0.1995577288
YDL019C,-0.4016581872
YDL020C,
YDL021W,
YDL022C-A,
YDL022W,5.4688279359
YDL023C,
YDL024C,
YDL025C,1.7468696567
YDL025W-A,
YDL026W,
YDL027C,
YDL028C,
YDL029W,
YDL030W,
YDL031W,
YDL032W,
YDL033C,
YDL034W,
YDL035C,
YDL036C,
YDL037C,
YDL038C,
YDL039C,
YDL040C,-0.2504593693
YDL041W,
YDL042C,
YDL043C,
YDL044C,
YDL045C,
YDL045WA,
YDL045W-A,
YDL046W,-0.6682503526
YDL047W,-0.0003769784
YDL048C,
YDL049C,
YDL050C,
YDL051W,-0.9588027231
YDL052C,-0.4780223438
YDL053C,0.8224152601
YDL054C,
YDL055C,
YDL056W,
YDL057W,
YDL058W,-0.0361805901
YDL059C,
YDL060W,
YDL061C,-1.9567336666
YDL062W,
YDL063C,
YDL064W,
YDL065C,-0.2529977384
YDL066W,0.1313237105
YDL067C,
YDL068W,
YDL069C,
YDL070W,0.3481955453
YDL071C,
YDL072C,-0.3489959955
YDL073W,
YDL074C,6.6486998899
YDL075W,
YDL076C,-1.1028086634
YDL077C,
YDL078C,-0.8169981496
YDL079C,
YDL080C,
YDL081C,
YDL082W,-2.6725886984
YDL083C,-0.8058641496
YDL084W,
YDL085C-A,0.7887247066
YDL085W,
YDL086C-A,
YDL086W,
YDL087C,
YDL088C,-0.8447386081
YDL089W,
YDL090C,
YDL091C,
YDL092W,-0.8775580694
YDL093W,
YDL094C,
YDL095W,0.1996230216
YDL096C,
YDL097C,-1.3115337718
YDL098C,1.5877721063
YDL099W,-0.5038928415
YDL100C,-1.7043007015
YDL101C,
YDL102W,-0.185646679
YDL103C,0.0958004265
YDL104C,
YDL105W,
YDL106C,
YDL107W,
YDL108W,
YDL109C,
YDL110C,1.4378968078
YDL111C,-0.2566564799
YDL112W,
YDL113C,
YDL114W,
YDL114W-A,
YDL115C,
YDL116W,-1.2534980401
YDL117W,
YDL118W,
YDL119C,
YDL120W,
YDL121C,0.4562563596
YDL122W,
YDL123W,1.5628968078
YDL124W,3.8971448182
YDL125C,1.6003035233
YDL126C,-0.415472793
YDL127W,
YDL128W,3.8351779762
YDL129W,
YDL130W,-2.8811437042
YDL130WA,
YDL130W-A,
YDL131W,0.106112631
YDL132W,0.0871157983
YDL133CA,
YDL133C-A,
YDL133W,
YDL134C,-1.5571858888
YDL134C-A,
YDL135C,-0.5424101475
YDL136W,-2.6019316523
YDL137W,
YDL138W,
YDL139C,
YDL140C,0.0168634769
YDL141W,1.2257999266
YDL142C,
YDL143W,
YDL144C,-1.459385211
YDL145C,1.5208196754
YDL146W,
YDL147W,-1.867328935
YDL148C,
YDL149W,
YDL150W,-0.7321264264
YDL151C,
YDL152W,
YDL153C,
YDL154W,
YDL155W,
YDL156W,
YDL157C,-0.1879817706
YDL158C,
YDL159C-B,
YDL159W,
YDL159W-A,
YDL160C,-1.1315986341
YDL160C-A,
YDL161W,-1.2769809971
YDL162C,
YDL163W,
YDL164C,
YDL165W,1.6273517924
YDL166C,-0.3679335276
YDL167C,0.9420182294
YDL168W,8.9159957433
YDL169C,
YDL170W,
YDL171C,2.0007988863
YDL172C,
YDL173W,0.8652941176
YDL174C,
YDL175C,
YDL176W,
YDL177C,
YDL178W,1.3495920135
YDL179W,
YDL180W,
YDL181W,
YDL182W,0.9086111528
YDL183C,
YDL184C,-1.6639487811
YDL185C-A,
YDL185W,1.6332257473
YDL186W,
YDL187C,
YDL188C,
YDL189W,-0.8869707769
YDL190C,0.7920167572
YDL191W,-2.4248545119
YDL192W,-3.391552425
YDL193W,0.0377526132
YDL194W,
YDL195W,-1.6809995809
YDL196W,
YDL197C,
YDL198C,
YDL199C,
YDL200C,
YDL201W,0.4220873827
YDL202W,-1.9174024282
YDL203C,
YDL204W,
YDL205C,-1.1759123023
YDL206W,
YDL207W,
YDL208W,-0.6901364547
YDL209C,
YDL210W,
YDL211C,
YDL212W,-0.5076989947
YDL213C,-1.9729149745
YDL214C,
YDL215C,4.854353321
YDL216C,
YDL217C,
YDL218W,
YDL219W,
YDL220C,
YDL221W,
YDL222C,
YDL223C,
YDL224C,0.0373232391
YDL225W,1.2725076401
YDL226C,-1.4184831089
YDL227C,
YDL228C,
YDL229W,-0.0021768119
YDL230W,
YDL231C,
YDL232W,
YDL233W,
YDL234C,
YDL235C,0.6351243235
YDL236W,2.359654495
YDL237W,
YDL238C,
YDL239C,
YDL240C-A,
YDL240W,
YDL241W,
YDL242W,
YDL243C,
YDL244W,
YDL245C,
YDL246C,
YDL247W,
YDL247W-A,
YDL248W,
YDR001C,
YDR002W,
YDR003W,-0.5228181737
YDR003W-A,
YDR004W,
YDR005C,
YDR006C,
YDR007W,-1.0152091464
YDR008C,
YDR009W,
YDR010C,
YDR011W,1.0519727754
YDR012W,-2.1556484607
YDR013W,
YDR014W,
YDR014W-A,
YDR015C,
YDR016C,0.4769621952
YDR017C,-0.3753744827
YDR018C,
YDR019C,1.2050288937
YDR020C,
YDR021W,
YDR022C,
YDR023W,
YDR024W,
YDR025W,
YDR026C,
YDR027C,-0.2440042567
YDR028C,0.4120022616
YDR029W,
YDR030C,
YDR031W,0.0978745887
YDR032C,3.5500469292
YDR033W,8.3945901325
YDR034C,
YDR034CA,
YDR034C-A,
YDR034C-C,
YDR034C-D,
YDR034WB,
YDR034W-B,0.447008009
YDR035W,0.3100966496
YDR036C,1.6256171392
YDR037W,
YDR038C,
YDR039C,
YDR040C,0.7717456865
YDR041W,
YDR042C,
YDR043C,
YDR044W,0.5962666051
YDR045C,
YDR046C,
YDR047W,-0.0021470572
YDR048C,
YDR049W,0.6146853746
YDR050C,-2.2494816074
YDR051C,-1.3697439134
YDR052C,
YDR053W,
YDR054C,-0.2568248653
YDR055W,7.7273544484
YDR056C,-0.5739473684
YDR057W,
YDR058C,
YDR059C,
YDR060W,0.2708668536
YDR061W,
YDR062W,-0.2317674419
YDR063W,0.43125
YDR064W,
YDR065W,
YDR066C,1.445
YDR067C,
YDR068W,-1.3147277781
YDR069C,
YDR070C,12.5951274811
YDR071C,
YDR072C,
YDR073W,
YDR074W,4.7613771801
YDR075W,-1.4578842017
YDR076W,
YDR077W,11.3562457835
YDR078C,
YDR079C-A,
YDR079W,-0.4761109225
YDR080W,
YDR081C,
YDR082W,
YDR083W,
YDR084C,
YDR085C,
YDR086C,1.0812261373
YDR087C,-1.5089780826
YDR088C,
YDR089W,
YDR090C,0.3029048899
YDR091C,1.4493711657
YDR092W,-1.4502131603
YDR093W,-0.1740699214
YDR094W,
YDR095C,
YDR096W,
YDR097C,
YDR098C,-0.5869835405
YDR098C-A,
YDR098C-B,
YDR099W,-3.2882939927
YDR100W,0.4770484811
YDR101C,1.5912817833
YDR102C,
YDR103W,
YDR104C,
YDR105C,-1.0159187387
YDR106W,
YDR107C,
YDR108W,
YDR109C,
YDR110W,
YDR111C,
YDR112W,
YDR113C,
YDR114C,
YDR115W,5.0576122633
YDR116C,-0.3292355784
YDR117C,
YDR118W,
YDR118W-A,
YDR119W,1.0033471005
YDR119W-A,
YDR120C,0.7398748763
YDR121W,
YDR122W,-0.8700175783
YDR123C,
YDR124W,
YDR125C,
YDR126W,
YDR127W,0.0154773902
YDR128W,
YDR129C,-0.3042853377
YDR130C,
YDR131C,
YDR132C,
YDR133C,
YDR134C,
YDR135C,-0.2552009999
YDR136C,
YDR137W,
YDR138W,
YDR139C,
YDR140W,
YDR141C,
YDR142C,
YDR143C,
YDR144C,
YDR145W,0.1878745887
YDR146C,
YDR147W,
YDR148C,1.3409260517
YDR149C,
YDR150W,-0.2708145328
YDR151C,
YDR152W,
YDR153C,-1.5102322623
YDR154C,
YDR155C,0.2531058429
YDR156W,-1.2272278937
YDR157W,
YDR158W,-1.7421432378
YDR159W,
YDR160W,
YDR161W,0.3984709911
YDR162C,
YDR163W,
YDR164C,
YDR165W,1.089075937
YDR166C,-0.8966666667
YDR167W,
YDR168W,-0.1299287272
YDR169C,-0.3656066088
YDR169C-A,
YDR170C,-0.8629335276
YDR170W-A,16.0418297102
YDR171W,2.2565697012
YDR172W,-1.2885133896
YDR173C,
YDR174W,1.8977954271
YDR175C,-1.277869791
YDR176W,
YDR177W,-0.6022813999
YDR178W,3.7841854672
YDR179C,0.5440442558
YDR179WA,
YDR179W-A,
YDR180W,
YDR181C,
YDR182W,
YDR182W-A,
YDR183C-A,
YDR183W,
YDR184C,
YDR185C,-0.6403517499
YDR186C,
YDR187C,
YDR188W,
YDR189W,-0.2190189697
YDR190C,
YDR191W,
YDR192C,
YDR193W,
YDR194C,0.5500136884
YDR194W-A,
YDR195W,-0.5812742362
YDR196C,-0.9852239979
YDR197W,
YDR198C,
YDR199W,
YDR200C,
YDR201W,
YDR202C,
YDR203W,
YDR204W,
YDR205W,
YDR206W,
YDR207C,
YDR208W,
YDR209C,
YDR210C-C,
YDR210C-D,
YDR210W,-0.1127683268
YDR210W-A,
YDR210W-B,
YDR211W,1.7885653233
YDR212W,
YDR213W,
YDR214W,-0.5315720567
YDR215C,
YDR216W,
YDR217C,
YDR218C,
YDR219C,
YDR220C,
YDR221W,
YDR222W,
YDR223W,
YDR224C,
YDR225W,-0.6873612829
YDR226W,-1.4968304355
YDR227W,-1.1109913948
YDR228C,
YDR229W,-0.4996370375
YDR230W,
YDR231C,-0.7875963576
YDR232W,2.9553899412
YDR233C,-1.4597403414
YDR234W,0.9207433931
YDR235W,
YDR236C,
YDR237W,
YDR238C,-2.2443387631
YDR239C,
YDR240C,
YDR241W,
YDR242W,
YDR243C,
YDR244W,
YDR245W,-0.4899809987
YDR246W,-0.8348220238
YDR246W-A,
YDR247W,-1.0237559123
YDR248C,-0.1607543642
YDR249C,
YDR250C,
YDR251W,
YDR252W,0.6517496474
YDR253C,
YDR254W,
YDR255C,
YDR256C,
YDR257C,4.6804688886
YDR258C,6.723661696
YDR259C,
YDR260C,
YDR261C,
YDR261C-C,
YDR261C-D,
YDR261W-A,
YDR261W-B,
YDR262W,
YDR263C,
YDR264C,0.5952486799
YDR265W,
YDR266C,0.0209823904
YDR267C,
YDR268W,
YDR269C,
YDR270W,
YDR271C,
YDR272W,-1.1976711156
YDR273W,
YDR274C,
YDR275W,
YDR276C,
YDR277C,
YDR278C,
YDR279W,
YDR280W,-1.8083091977
YDR281C,
YDR282C,
YDR283C,
YDR284C,
YDR285W,
YDR286C,
YDR287W,
YDR288W,
YDR289C,
YDR290W,
YDR291W,
YDR292C,
YDR293C,1.8159515817
YDR294C,0.0329279815
YDR295C,
YDR296W,-1.0476523043
YDR297W,4.5451243235
YDR298C,8.6788102087
YDR299W,0.8783418128
YDR300C,-0.0304956974
YDR301W,
YDR302W,-1.1396531918
YDR303C,
YDR304C,
YDR305C,
YDR306C,
YDR307W,0.281823727
YDR308C,0.737584717
YDR309C,
YDR310C,
YDR311W,
YDR312W,
YDR313C,
YDR314C,
YDR315C,
YDR316W,
YDR316W-A,
YDR316W-B,
YDR317W,
YDR318W,
YDR319C,
YDR320C,0.1977422431
YDR320C-A,0.6119001378
YDR320W-B,
YDR321W,
YDR322CA,
YDR322C-A,1.7583935318
YDR322W,-0.4811152213
YDR323C,
YDR324C,-0.2611701598
YDR325W,
YDR326C,
YDR327W,
YDR328C,0.2568331505
YDR329C,
YDR330W,0.7341682648
YDR331W,0.7543933912
YDR332W,
YDR333C,
YDR334W,
YDR335W,-0.7229618516
YDR336W,
YDR337W,
YDR338C,
YDR339C,
YDR340W,
YDR341C,
YDR342C,
YDR343C,
YDR344C,
YDR345C,2.1028593574
YDR346C,-0.162694237
YDR347W,-0.7895577288
YDR348C,-0.5992099019
YDR349C,
YDR350C,
YDR351W,
YDR352W,-1.1806869033
YDR353W,0.1014453294
YDR354C-A,
YDR354W,0.0282481352
YDR355C,
YDR356W,
YDR357C,-1.4368195703
YDR358W,2.0289809675
YDR359C,
YDR360W,
YDR361C,0.399952046
YDR362C,
YDR363W,
YDR363WA,
YDR363W-A,-1.9969997848
YDR364C,
YDR365C,
YDR365W-B,
YDR366C,
YDR367W,-0.815646679
YDR368W,0.385182666
YDR369C,
YDR370C,
YDR371C-A,
YDR371W,
YDR372C,-1.1517674419
YDR373W,
YDR374C,
YDR374W-A,
YDR375C,
YDR376W,
YDR377W,3.8782750745
YDR378C,
YDR379C-A,
YDR379W,
YDR380W,
YDR381C-A,
YDR381W,1.6063930897
YDR382W,-1.8481510665
YDR383C,
YDR384C,-0.4862023145
YDR385W,2.6253115162
YDR386W,
YDR387C,
YDR388W,-0.6936903685
YDR389W,-0.1601798695
YDR390C,-0.3636865287
YDR391C,1.6112058294
YDR392W,
YDR393W,
YDR394W,3.3930306628
YDR395W,0.4435341936
YDR396W,
YDR397C,-0.9101360459
YDR398W,0.9447348569
YDR399W,-1.0863292872
YDR400W,
YDR401W,
YDR402C,
YDR403W,
YDR404C,
YDR405W,-0.5650307005
YDR406W,
YDR406W-A,
YDR407C,
YDR408C,0.602325741
YDR409W,
YDR410C,
YDR411C,-0.3549278309
YDR412W,
YDR413C,
YDR414C,
YDR415C,
YDR416W,
YDR417C,
YDR418W,-1.4401650679
YDR419W,
YDR420W,
YDR421W,
YDR422C,
YDR423C,
YDR424C,-0.1336363636
YDR425W,
YDR426C,
YDR427W,-3.055228436
YDR428C,
YDR429C,
YDR430C,0.0748201305
YDR431W,
YDR432W,
YDR433W,
YDR434W,3.3482263008
YDR435C,
YDR436W,
YDR437W,
YDR438W,
YDR439W,
YDR440W,
YDR441C,
YDR442W,
YDR443C,
YDR444W,
YDR445C,
YDR446W,
YDR447C,-2.4096188146
YDR448W,-1.8297439134
YDR449C,0.4390812613
YDR450W,-0.9022577569
YDR451C,
YDR452W,
YDR453C,6.9078529428
YDR454C,0.5331117708
YDR455C,
YDR456W,
YDR457W,
YDR458C,
YDR459C,
YDR460W,
YDR461C-A,
YDR461W,
YDR462W,-0.9330957825
YDR463W,
YDR464C-A,
YDR464W,
YDR465C,-0.5654330985
YDR466W,
YDR467C,
YDR468C,
YDR469W,
YDR470C,
YDR471W,-2.0677564936
YDR472W,
YDR473C,
YDR474C,
YDR475C,
YDR476C,0.1400756929
YDR477W,0.0900417812
YDR478W,
YDR479C,-1.087752454
YDR480W,
YDR481C,
YDR482C,
YDR483W,
YDR484W,
YDR485C,
YDR486C,-0.5390713477
YDR487C,-0.5900648246
YDR488C,
YDR489W,
YDR490C,
YDR491C,
YDR492W,
YDR493W,
YDR494W,
YDR495C,
YDR496C,0.0773807135
YDR497C,3.7440783678
YDR498C,
YDR499W,
YDR500C,-2.6740845772
YDR501W,
YDR502C,9.082890802
YDR503C,
YDR504C,
YDR505C,
YDR506C,
YDR507C,0.8598498515
YDR508C,0.3464692982
YDR509W,
YDR510C-A,
YDR510W,-1.3989757595
YDR511W,0.1597760021
YDR512C,
YDR513W,
YDR514C,
YDR515W,0.2623544484
YDR516C,4.090738908
YDR517W,-1.5309691139
YDR518W,
YDR519W,
YDR520C,
YDR521W,
YDR522C,
YDR523C,
YDR524C,
YDR524C-A,
YDR524C-B,
YDR524W-C,
YDR525W,
YDR525WA,
YDR525W-A,
YDR526C,
YDR527W,-0.7911701598
YDR528W,
YDR529C,5.4869811936
YDR530C,
YDR531W,-0.52569101
YDR532C,
YDR533C,6.8722834769
YDR534C,
YDR535C,
YDR536W,
YDR537C,
YDR538W,
YDR539W,
YDR540C,
YDR541C,
YDR542W,
YDR543C,
YDR544C,
YDR545C-A,
YDR545W,
YEL001C,2.3855728825
YEL002C,-1.5373277669
YEL003W,0.2897909418
YEL004W,
YEL005C,
YEL006W,
YEL007W,0.6263714163
YEL008C-A,
YEL008W,
YEL009C,
YEL009C-A,
YEL010W,
YEL011W,5.5609957433
YEL012W,-1.309081695
YEL013W,0.220373283
YEL014C,0.172584717
YEL015W,-0.052991991
YEL016C,
YEL017CA,
YEL017C-A,0.4564357352
YEL017W,-1.4338306071
YEL018C-A,
YEL018W,
YEL019C,
YEL020C,
YEL020C-B,
YEL020WA,
YEL020W-A,
YEL021W,
YEL022W,
YEL023C,
YEL024W,3.3842076031
YEL025C,
YEL026W,
YEL027W,
YEL028W,
YEL029C,
YEL030C-A,
YEL030W,
YEL031W,-0.5016675439
YEL032C-A,
YEL032W,
YEL033W,
YEL034C-A,
YEL034W,
YEL035C,
YEL036C,
YEL037C,
YEL038W,-0.6163001101
YEL039C,
YEL040W,-1.5423847937
YEL041W,
YEL042W,
YEL043W,
YEL044W,
YEL045C,
YEL046C,-0.9890790535
YEL047C,0.8426189011
YEL048C,
YEL049W,
YEL050C,
YEL050W-A,
YEL051W,1.2653109978
YEL052W,0.749688993
YEL053C,
YEL053W-A,
YEL054C,-1.9520185464
YEL055C,0.5471157983
YEL056W,
YEL057C,
YEL058W,16.5052560866
YEL059CA,
YEL059C-A,
YEL059W,
YEL060C,3.062481017
YEL061C,
YEL062W,
YEL063C,0.4209752782
YEL064C,
YEL065W,
YEL066W,
YEL067C,
YEL068C,
YEL069C,
YEL070W,
YEL071W,4.1558648052
YEL072W,
YEL073C,
YEL074W,
YEL075C,
YEL075W-A,
YEL076C,
YEL076C-A,
YEL076W-C,
YEL077C,
YEL077W-A,
YER001W,-0.2379618516
YER002W,-0.7984435877
YER003C,1.1659500689
YER004W,0.0001638316
YER005W,
YER006C-A,
YER006W,0.7937823678
YER007CA,
YER007C-A,1.1707464526
YER007W,
YER008C,
YER009W,
YER010C,
YER011W,
YER012W,
YER013W,
YER014C-A,
YER014W,
YER015W,
YER016W,-1.1142976228
YER017C,-1.1737242245
YER018C,
YER019CA,
YER019C-A,-0.5370585779
YER019W,
YER020W,-0.5890714603
YER021W,
YER022W,-0.0846370375
YER023C-A,
YER023W,-0.8145233987
YER024W,2.7998498515
YER025W,
YER026C,
YER027C,0.8057999266
YER028C,
YER029C,1.7877777778
YER030W,0.7315872963
YER031C,0.4459459267
YER032W,
YER033C,
YER034W,2.1097908536
YER035W,1.2787792574
YER036C,0.2958675621
YER037W,
YER038C,
YER038W-A,
YER039C,
YER039CA,
YER039C-A,
YER040W,
YER041W,
YER042W,0.6080997086
YER043C,-0.5711936176
YER044C,
YER044CA,
YER044C-A,
YER045C,
YER046W,
YER046W-A,
YER047C,
YER048C,
YER048WA,
YER048W-A,-1.7601732443
YER049W,
YER050C,
YER051W,
YER052C,2.1477854395
YER053C,1.6447525443
YER053C-A,8.4849100745
YER054C,
YER055C,
YER056C,3.6535887803
YER056CA,
YER056C-A,-3.1207332798
YER057C,
YER058W,
YER059W,-1.44069101
YER060W,
YER060w-A,
YER060W-A,
YER061C,0.3286144109
YER062C,8.871615951
YER063W,
YER064C,
YER065C,
YER066C-A,
YER066W,
YER067C-A,
YER067W,17.8581598638
YER068C-A,
YER068W,-0.582277489
YER069W,2.9609678484
YER070W,22.6200365808
YER071C,
YER072W,0.9202613919
YER073W,5.8889714606
YER074W,-1.0399629015
YER074W-A,
YER075C,
YER076C,
YER076W-A,
YER077C,
YER078C,-0.0421254113
YER078W-A,
YER079C-A,
YER079W,0.1970920971
YER080W,0.0063087858
YER081W,5.7173782833
YER082C,
YER083C,-1.2187333949
YER084W,0.5931955453
YER084W-A,
YER085C,
YER086W,4.1900260786
YER087C-A,
YER087C-B,
YER087W,
YER088C,0.1093933912
YER088C-A,
YER088W-B,
YER089C,-1.012675875
YER090C-A,
YER090W,2.5003666571
YER091C,8.3259238545
YER091C-A,
YER092W,1.0876162389
YER093C,
YER093CA,
YER093C-A,
YER094C,
YER095W,
YER096W,
YER097W,
YER098W,
YER099C,-0.8
YER100W,
YER101C,
YER102W,-1.7851272827
YER103W,
YER104W,
YER105C,0.5830997086
YER106W,
YER107C,-0.8624872809
YER107W-A,
YER108C,
YER109C,
YER110C,1.9417486177
YER111C,
YER112W,0.6480190029
YER113C,-0.3252729093
YER114C,-0.169906537
YER115C,
YER116C,
YER117W,
YER118C,
YER119C,
YER119CA,
YER119C-A,
YER120W,0.866218433
YER121W,
YER122C,-1.0530422541
YER123W,-0.238601403
YER124C,
YER125W,
YER126C,-3.456094687
YER127W,
YER128W,2.8641682648
YER129W,
YER130C,
YER131W,
YER132C,0.0620182294
YER133W,-2.1956849859
YER133W-A,
YER134C,1.1464250913
YER135C,
YER136W,-0.5853882225
YER137C,
YER137W-A,
YER138C,
YER138WA,
YER138W-A,
YER139C,-1.3640859227
YER140W,
YER141W,0.2370077167
YER142C,
YER143W,
YER144C,
YER145C,7.8564250913
YER145C-A,
YER146W,
YER147C,
YER147C-A,
YER148W,
YER148W-A,
YER149C,-0.8036497305
YER150W,
YER151C,-1.4509847118
YER152C,
YER152W-A,
YER153C,
YER154W,-0.5694153035
YER155C,-0.0108272023
YER156C,-1.501302224
YER157W,-1.2440176096
YER158C,
YER158W-A,
YER159C,-1.678901066
YER160C,
YER161C,-1.2103999081
YER162C,
YER163C,
YER164W,-0.0423076923
YER165C-A,
YER165W,-1.5096838471
YER166W,1.7642456358
YER167W,
YER168C,0.5734631641
YER169W,
YER170W,
YER171W,
YER172C,
YER172C-A,
YER173W,
YER174C,
YER175C,10.7376122633
YER175W-A,
YER176W,-0.9172278937
YER177W,-3.4987662428
YER178W,13.5626621325
YER179W,
YER180C,
YER180C-A,
YER181C,
YER182W,
YER183C,
YER184C,
YER185W,
YER186C,
YER187W,
YER188C-A,
YER188W,
YER189W,
YER190C-A,
YER190C-B,
YER190W,
YFL001W,
YFL002C,
YFL002W-A,
YFL002W-B,
YFL003C,
YFL004W,0.1551159255
YFL005W,
YFL006W,
YFL007W,
YFL008W,-0.9737559123
YFL009W,
YFL010C,
YFL010W-A,
YFL011W,
YFL011W-A,
YFL012W,
YFL012W-A,
YFL013C,0.1470536663
YFL013W-A,
YFL014W,
YFL015C,
YFL015W-A,
YFL016C,-0.014299944
YFL017C,
YFL017WA,
YFL017W-A,0.0778806364
YFL018C,6.9598057486
YFL018W-A,
YFL019C,
YFL020C,
YFL021C-A,
YFL021W,2.2413502695
YFL022C,
YFL023W,
YFL024C,
YFL025C,-0.1662742362
YFL026W,
YFL027C,
YFL028C,0.9551480036
YFL029C,
YFL030W,
YFL031C-A,
YFL031W,
YFL032W,
YFL033C,
YFL034CA,
YFL034C-A,1.8364444949
YFL034CB,
YFL034C-B,-0.829261092
YFL034W,
YFL035C,
YFL035C-A,
YFL035C-B,
YFL036W,
YFL037W,
YFL038C,
YFL039C,
YFL040W,
YFL041W,-0.3544126743
YFL041W-A,
YFL042C,
YFL043C,
YFL044C,
YFL045C,
YFL046W,
YFL047W,0.5883823828
YFL048C,0.0096695341
YFL049W,
YFL050C,
YFL051C,
YFL052W,
YFL053W,
YFL054C,
YFL055W,
YFL056C,
YFL057C,
YFL058W,
YFL059W,
YFL060C,
YFL061W,
YFL062W,
YFL063W,
YFL064C,
YFL065C,
YFL066C,
YFL067W,
YFL068W,
YFL-TYA,
YFL-TYB,
YFR001W,-0.1457921873
YFR002W,-1.08783484
YFR003C,
YFR004W,-2.5249259982
YFR005C,
YFR006W,
YFR007W,
YFR008W,
YFR009W,0.3012102422
YFR009W-A,
YFR010W,0.4691854672
YFR010W-A,
YFR011C,0.1594218083
YFR012W,
YFR012W-A,
YFR013W,
YFR014C,
YFR015C,6.0098506681
YFR016C,0.0293242024
YFR017C,0.5988298402
YFR018C,
YFR019W,
YFR020W,
YFR021W,
YFR022W,
YFR023W,
YFR024C,
YFR024CA,
YFR024C-A,-0.2188126121
YFR025C,-0.8782543135
YFR026C,
YFR027W,
YFR028C,
YFR029W,
YFR030W,
YFR031C,
YFR031CA,
YFR031C-A,-2.0563959585
YFR032C,
YFR032CA,
YFR032C-A,-0.3594046482
YFR032C-B,
YFR033C,4.6928418338
YFR034C,
YFR034W-A,
YFR035C,
YFR036W,-1.2847439134
YFR036W-A,
YFR037C,
YFR038W,
YFR039C,
YFR040W,-0.965388474
YFR041C,-0.2219002914
YFR042W,
YFR043C,
YFR044C,
YFR045W,
YFR046C,
YFR047C,1.8529187098
YFR048W,-0.8282310537
YFR049W,8.9234793722
YFR050C,
YFR051C,-1.5747063371
YFR052C-A,
YFR052W,-0.6259433031
YFR053C,
YFR054C,
YFR055W,
YFR056C,
YFR057W,
YGL001C,
YGL002W,
YGL003C,
YGL004C,
YGL005C,
YGL006W,
YGL006W-A,
YGL007C-A,
YGL007W,
YGL008C,4.8325709672
YGL009C,13.7721314187
YGL010W,
YGL011C,-2.5918670747
YGL012W,-1.2548756765
YGL013C,
YGL014C-A,
YGL014W,0.1704422712
YGL015C,
YGL016W,2.0011457649
YGL017W,
YGL018C,-0.0769707769
YGL019W,-1.7375578146
YGL020C,0.5787365459
YGL021W,
YGL022W,-0.691993888
YGL023C,
YGL024W,
YGL025C,
YGL026C,0.1359668563
YGL027C,
YGL028C,
YGL029W,0.133274313
YGL030W,
YGL031C,-0.2886365285
YGL032C,
YGL033W,
YGL034C,
YGL035C,
YGL036W,
YGL037C,3.4443849555
YGL038C,
YGL039W,
YGL040C,-0.3237353885
YGL041C,
YGL041C-B,
YGL041W-A,
YGL042C,
YGL043W,-0.1045049553
YGL044C,
YGL045W,
YGL046W,-0.6578842017
YGL047W,0.4503629625
YGL048C,-0.4609614006
YGL049C,-0.3691887947
YGL050W,
YGL051W,
YGL052W,
YGL053W,
YGL054C,-0.7168932544
YGL055W,-0.2305521244
YGL056C,0.9818628819
YGL057C,
YGL058W,1.0527509555
YGL059W,
YGL060W,0.2659140773
YGL061C,
YGL062W,5.3187977627
YGL063C-A,
YGL063W,
YGL064C,
YGL065C,
YGL066W,
YGL067W,-0.9093662569
YGL068W,0.8300042065
YGL069C,
YGL070C,-1.8415881365
YGL071W,
YGL072C,
YGL073W,
YGL074C,
YGL075C,
YGL076C,-1.1711956787
YGL077C,2.6384996934
YGL078C,1.0993675287
YGL079W,
YGL080W,-0.2929832428
YGL081W,
YGL082W,-2.4340803594
YGL083W,
YGL084C,
YGL085W,
YGL086W,
YGL087C,1.995093463
YGL088W,
YGL089C,
YGL090W,
YGL091C,
YGL092W,-0.3059123023
YGL093W,
YGL094C,
YGL095C,
YGL096W,
YGL097W,1.0148979973
YGL098W,
YGL099W,0.4040876977
YGL100W,
YGL101W,0.0620387612
YGL102C,
YGL103W,
YGL104C,
YGL105W,-2.6247678369
YGL106W,
YGL107C,0.7196154229
YGL108C,0.5677218552
YGL109W,
YGL110C,-0.315
YGL111W,-0.8120812902
YGL112C,0.4400703938
YGL113W,
YGL114W,
YGL115W,-1.8786819825
YGL116W,
YGL117W,
YGL118C,
YGL119W,-0.7301501485
YGL120C,0.5214050579
YGL121C,
YGL122C,-1.0605791029
YGL123C-A,
YGL123W,
YGL124C,
YGL125W,
YGL126W,-0.2394097842
YGL127C,-0.519748711
YGL128C,
YGL129C,0.7951797049
YGL130W,
YGL131C,
YGL132W,
YGL133W,
YGL134W,
YGL135W,
YGL136C,
YGL137W,-1.9969842269
YGL138C,
YGL139W,
YGL140C,
YGL141W,
YGL142C,
YGL143C,
YGL144C,
YGL145W,-0.2149809987
YGL146C,
YGL147C,
YGL148W,
YGL149W,
YGL150C,-0.1583133974
YGL151W,-0.6916176172
YGL152C,
YGL153W,0.6286998899
YGL154C,
YGL155W,
YGL156W,
YGL157W,
YGL158W,
YGL159W,
YGL160W,
YGL161C,
YGL162W,
YGL163C,
YGL164C,-1.2809557442
YGL165C,
YGL166W,
YGL167C,-1.426999002
YGL168W,
YGL169W,
YGL170C,
YGL171W,
YGL172W,-1.2452723141
YGL173C,-0.0671526479
YGL174W,
YGL175C,
YGL176C,
YGL177W,
YGL178W,0.0366866026
YGL179C,
YGL180W,
YGL181W,-1.8673214315
YGL182C,
YGL183C,
YGL184C,
YGL185C,
YGL186C,
YGL187C,6.3797257429
YGL188C,
YGL188C-A,
YGL189C,
YGL190C,-0.632415283
YGL191W,
YGL192W,
YGL193C,
YGL194C,-2.3748220238
YGL194C-A,
YGL195W,-0.3769748291
YGL196W,
YGL197W,
YGL198W,
YGL199C,
YGL200C,-2.0200153502
YGL201C,-0.6211795524
YGL202W,1.5000307554
YGL203C,-0.8045021284
YGL204C,
YGL205W,
YGL206C,0.4343213062
YGL207W,-0.7789959955
YGL208W,
YGL209W,1.0429048899
YGL210W,0.0111457649
YGL211W,
YGL212W,-0.4440859227
YGL213C,0.6413636364
YGL214W,
YGL215W,
YGL216W,2.1874036424
YGL217C,
YGL218W,
YGL219C,
YGL220W,2.5362440877
YGL221C,0.0764625011
YGL222C,
YGL223C,
YGL224C,
YGL225W,
YGL226CA,
YGL226C-A,
YGL226W,
YGL227W,
YGL228W,
YGL229C,0.4261693929
YGL230C,
YGL231C,0.5962440877
YGL232W,
YGL233W,
YGL234W,
YGL235W,
YGL236C,
YGL237C,
YGL238W,
YGL239C,
YGL240W,
YGL241W,
YGL242C,
YGL243W,
YGL244W,-0.2914658064
YGL245W,1.2304574051
YGL246C,-0.6729618516
YGL247W,0.671398597
YGL248W,
YGL249W,
YGL250W,
YGL251C,
YGL252C,0.5905445146
YGL253W,4.4404034141
YGL254W,
YGL255W,
YGL256W,
YGL257C,
YGL258W,
YGL258W-A,
YGL259W,
YGL260W,
YGL261C,
YGL262W,
YGL263W,
YGR001C,-0.3996959158
YGR002C,-1.9862742362
YGR003W,
YGR004W,
YGR005C,
YGR006W,
YGR007W,-0.799145637
YGR008C,7.8317483171
YGR009C,
YGR010W,
YGR011W,
YGR012W,-0.3813001101
YGR013W,
YGR014W,2.279611526
YGR015C,
YGR016W,
YGR017W,-1.1980378048
YGR018C,
YGR019W,17.4554998987
YGR020C,0.2286110258
YGR021W,-1.4497051581
YGR022C,
YGR023W,
YGR024C,1.4520536663
YGR025W,
YGR026W,
YGR027C,
YGR027W-A,
YGR027W-B,
YGR028W,
YGR029W,
YGR030C,-0.6093828608
YGR031C-A,
YGR031W,-1.3576767609
YGR032W,
YGR033C,-0.1803146254
YGR034W,-2.8900306519
YGR035C,
YGR035W-A,
YGR036C,-1.1064658064
YGR037C,
YGR038C-A,
YGR038C-B,
YGR038W,1.2299824217
YGR039W,
YGR040W,
YGR041W,
YGR042W,
YGR043C,
YGR044C,
YGR045C,
YGR046W,
YGR047C,
YGR048W,0.671501837
YGR049W,
YGR050C,
YGR051C,
YGR052W,
YGR053C,
YGR054W,
YGR055W,
YGR056W,
YGR057C,
YGR058W,
YGR059W,
YGR060W,4.9345438489
YGR061C,0.9590931565
YGR062C,
YGR063C,
YGR064W,
YGR065C,5.3793351068
YGR066C,
YGR067C,
YGR068C,
YGR068W-A,
YGR069W,
YGR070W,
YGR071C,
YGR072W,-1.1922573144
YGR073C,
YGR074W,-1.7160188665
YGR075C,-0.3125963576
YGR076C,1.0097908536
YGR077C,
YGR078C,-0.0830594428
YGR079W,
YGR080W,-0.0753870956
YGR081C,-0.2800175783
YGR082W,2.8840620974
YGR083C,0.1743072055
YGR084C,-1.49101339
YGR085C,-1.2976571764
YGR086C,1.289838347
YGR087C,
YGR088W,
YGR089W,
YGR090W,-0.5034980401
YGR091W,
YGR092W,1.0819001378
YGR093W,
YGR094W,-0.8287177559
YGR095C,2.1412532633
YGR096W,
YGR097W,
YGR098C,
YGR099W,
YGR100W,
YGR101W,
YGR102C,-1.4940713477
YGR103W,-0.0487981788
YGR104C,
YGR105W,
YGR106C,1.0987995323
YGR107W,
YGR108W,
YGR109C,
YGR109W-A,
YGR109W-B,
YGR110W,
YGR111W,-0.8771254113
YGR112W,-1.4574872809
YGR113W,
YGR114C,
YGR115C,
YGR116W,-0.754017253
YGR117C,-1.7448220238
YGR118W,-0.5778904445
YGR119C,0.1067557846
YGR120C,
YGR121C,2.4820920971
YGR121W-A,
YGR122C-A,
YGR122W,
YGR123C,-0.097036544
YGR124W,-0.0576371286
YGR125W,0.2679048899
YGR126W,-0.4224872809
YGR127W,
YGR128C,0.0960526316
YGR129W,
YGR130C,0.9150360846
YGR131W,
YGR132C,-0.8515847939
YGR133W,
YGR134W,
YGR135W,-1.5918869313
YGR136W,-0.4574399552
YGR137W,
YGR138C,6.5705873257
YGR139W,
YGR140W,
YGR141W,
YGR142W,
YGR143W,
YGR144W,
YGR145W,
YGR146C,
YGR146C-A,
YGR147C,-1.1521264264
YGR148C,-1.2217206301
YGR149W,
YGR150C,
YGR151C,0.2801159255
YGR152C,1.5566866026
YGR153W,
YGR154C,
YGR155W,0.340573073
YGR156W,-0.7729618516
YGR157W,-0.2529785374
YGR158C,-0.7777239485
YGR159C,1.2140602839
YGR160W,
YGR161C,-0.1827683268
YGR161C-D,
YGR161W-A,
YGR161W-B,
YGR161W-C,
YGR162W,-0.8731922321
YGR163W,0.138026982
YGR164W,
YGR165W,-0.6757921873
YGR166W,
YGR167W,-0.5254768249
YGR168C,
YGR169C,
YGR169C-A,
YGR170W,
YGR171C,
YGR172C,
YGR173W,-1.7369496216
YGR174C,
YGR174W-A,
YGR175C,-0.5088145223
YGR176W,
YGR177C,
YGR178C,-0.3439043317
YGR179C,
YGR180C,-0.0585506066
YGR181W,
YGR182C,
YGR183C,5.0508807502
YGR184C,
YGR185C,-2.3255935117
YGR186W,-0.1182503526
YGR187C,0.0062363981
YGR188C,
YGR189C,
YGR190C,
YGR191W,-0.1795195298
YGR192C,
YGR193C,
YGR194C,0.0047909418
YGR195W,-0.1102752468
YGR196C,
YGR197C,
YGR198W,
YGR199W,
YGR200C,1.0406188901
YGR201C,
YGR202C,-0.8387256622
YGR203W,-0.1749962313
YGR204C-A,
YGR204W,0.609493499
YGR205W,-0.3538148648
YGR206W,
YGR207C,-1.1712767568
YGR208W,-1.551561927
YGR209C,13.8192600752
YGR210C,0.2542456358
YGR211W,0.6909343931
YGR212W,
YGR213C,
YGR214W,
YGR215W,1.1828745887
YGR216C,
YGR217W,
YGR218W,-0.7376275756
YGR219W,
YGR220C,-0.9228169342
YGR221C,
YGR222W,
YGR223C,
YGR224W,
YGR225W,
YGR226C,
YGR227W,
YGR228W,
YGR229C,-1.1082740079
YGR230W,
YGR231C,
YGR232W,0.9512058294
YGR233C,
YGR234W,21.8960091147
YGR235C,-0.6229612388
YGR236C,
YGR237C,
YGR238C,
YGR239C,
YGR240C,-0.4257232878
YGR240C-A,
YGR241C,-0.1430378048
YGR242W,
YGR243W,-0.0087817539
YGR244C,1.3296734611
YGR245C,
YGR246C,
YGR247W,-1.4397439134
YGR248W,8.8006171392
YGR249W,
YGR250C,1.0537792574
YGR251W,
YGR252W,
YGR253C,
YGR254W,17.6609193072
YGR255C,
YGR256W,
YGR257C,
YGR258C,
YGR259C,
YGR260W,16.2055873257
YGR261C,-0.3017674419
YGR262C,-0.1337003291
YGR263C,
YGR264C,
YGR265W,
YGR266W,0.0150703938
YGR267C,0.460700056
YGR268C,0.380854363
YGR269W,1.3861457649
YGR270C-A,
YGR270W,
YGR271C-A,-1.1329360756
YGR271W,
YGR272C,
YGR273C,
YGR274C,
YGR275W,0.2062666051
YGR276C,
YGR277C,
YGR278W,
YGR279C,3.9488663578
YGR280C,-0.7197386081
YGR281W,
YGR282C,
YGR283C,
YGR284C,-1.0090114561
YGR285C,-2.0725210134
YGR286C,
YGR287C,
YGR288W,
YGR289C,
YGR290W,
YGR291C,
YGR292W,
YGR293C,
YGR294W,
YGR295C,1.8283935318
YGR296C-A,
YGR296C-B,
YGR296W,
YHL001W,-2.7147549055
YHL002C-A,
YHL002W,-0.7767966671
YHL003C,-0.4060878232
YHL004W,-1.1812730461
YHL005C,
YHL006C,
YHL006W-A,
YHL007C,0.2937268105
YHL008C,
YHL009C,-1.3149243071
YHL009W-A,
YHL009W-B,
YHL010C,
YHL011C,-1.9013581171
YHL012W,
YHL013C,-0.229483164
YHL014C,
YHL015W,
YHL015W-A,
YHL016C,
YHL017W,
YHL018W,0.8565019599
YHL019C,
YHL019W-A,
YHL020C,-0.8898840745
YHL021C,3.6222834507
YHL022C,
YHL023C,
YHL024W,
YHL025W,
YHL026C,
YHL027W,-0.0665847939
YHL028W,
YHL029C,0.2315532346
YHL030W,
YHL030W-A,
YHL031C,
YHL032C,
YHL033C,-2.3684740304
YHL034C,-2.9277476373
YHL034W-A,
YHL035C,
YHL036W,
YHL037C,
YHL038C,
YHL039W,0.91430899
YHL040C,
YHL041W,
YHL042W,
YHL043W,
YHL044W,
YHL045W,
YHL046C,
YHL046W-A,
YHL047C,
YHL048C-A,
YHL048W,
YHL049C,
YHL050C,
YHL050W-A,
YHR001W,
YHR001WA,
YHR001W-A,1.1284174285
YHR002W,
YHR003C,4.0748748763
YHR004C,
YHR005C,0.7730804479
YHR005CA,
YHR005C-A,
YHR006W,
YHR007C,0.7021802963
YHR007C-A,
YHR008C,2.4077454951
YHR009C,0.644688993
YHR010W,0.002963456
YHR011W,
YHR012W,
YHR013C,-0.7215056965
YHR014W,
YHR015W,
YHR016C,
YHR017W,
YHR018C,-0.3215829037
YHR019C,
YHR020W,
YHR021C,-3.0160097265
YHR021WA,
YHR021W-A,
YHR022C,
YHR022C-A,
YHR023W,
YHR024C,1.3861161247
YHR025W,
YHR026W,
YHR027C,-0.9808571033
YHR028C,
YHR028W-A,
YHR029C,
YHR030C,0.4012675316
YHR031C,
YHR032C-A,
YHR032W,
YHR032W-A,
YHR033W,
YHR034C,
YHR035W,
YHR036W,
YHR037W,1.1453796823
YHR038W,
YHR039C,2.544075937
YHR039CA,
YHR039C-A,0.3935983478
YHR039C-B,
YHR040W,
YHR041C,
YHR042W,-0.7689469342
YHR043C,
YHR044C,
YHR045W,
YHR046C,0.0167456865
YHR047C,4.9697257429
YHR048W,
YHR049CA,
YHR049C-A,
YHR049W,3.1886158366
YHR050W,
YHR050W-A,
YHR051W,2.225215047
YHR052W,-1.0418970853
YHR052W-A,
YHR053C,4.9838298402
YHR054C,
YHR054W-A,
YHR055C,4.3576387171
YHR056C,
YHR056W-A,
YHR057C,
YHR058C,
YHR059W,1.7376000747
YHR060W,
YHR061C,
YHR062C,-0.9826784064
YHR063C,3.9289683635
YHR063W-A,
YHR064C,-0.9044676435
YHR065C,
YHR066W,-0.5883091977
YHR067W,
YHR068W,-1.4995226207
YHR069C,-0.0351493319
YHR069C-A,
YHR070C-A,
YHR070W,0.0839608082
YHR071C-A,
YHR071W,
YHR072W,0.2340812613
YHR072W-A,-0.7088972752
YHR073C-B,
YHR073W,-0.3401501485
YHR073W-A,
YHR074W,
YHR075C,
YHR076W,
YHR077C,0.2563817072
YHR078W,
YHR079C,
YHR079C-A,
YHR079C-B,
YHR080C,
YHR081W,
YHR082C,-0.6216666667
YHR083W,
YHR084W,
YHR085W,-0.68222104
YHR086W,-0.1766564799
YHR086W-A,
YHR087W,17.8830304247
YHR088W,
YHR089C,-2.3304493419
YHR090C,
YHR091C,
YHR092C,
YHR093W,
YHR094C,
YHR095W,
YHR096C,
YHR097C,
YHR098C,-0.7216913673
YHR099W,
YHR100C,
YHR101C,
YHR102W,
YHR103W,
YHR104W,1.2620077167
YHR105W,
YHR106W,
YHR107C,
YHR108W,-0.5382054657
YHR109W,
YHR110W,
YHR111W,-1.1284595083
YHR112C,
YHR113W,
YHR114W,-0.1833281866
YHR115C,
YHR116W,1.4681548665
YHR117W,-0.9387333949
YHR118C,
YHR119W,
YHR120W,
YHR121W,-0.8096096985
YHR122W,-1.2118195703
YHR123W,4.365516836
YHR124W,
YHR125W,
YHR126C,
YHR127W,-2.2342976228
YHR128W,
YHR129C,
YHR130C,
YHR131C,
YHR131W-A,
YHR132C,
YHR132W-A,0.6242050431
YHR133C,1.0110911252
YHR134W,
YHR135C,-1.2307949569
YHR136C,
YHR137C-A,
YHR137W,
YHR138C,
YHR139C,
YHR139C-A,
YHR140W,
YHR141C,-2.0336098501
YHR142W,1.9146230216
YHR143W,
YHR143WA,
YHR143W-A,-1.088077337
YHR144C,
YHR145C,
YHR146W,-1.2368721659
YHR147C,0.94777896
YHR148W,
YHR149C,0.2596853746
YHR150W,
YHR151C,
YHR152W,
YHR153C,
YHR154W,
YHR155W,
YHR156C,
YHR157W,
YHR158C,-0.3847439134
YHR159W,
YHR160C,
YHR161C,-0.3436363636
YHR162W,0.3498021277
YHR163W,1.3750916878
YHR164C,
YHR165C,
YHR165W-A,
YHR166C,
YHR167W,
YHR168W,
YHR169W,-0.9625697465
YHR170W,-0.1956927945
YHR171W,
YHR172W,
YHR173C,
YHR174W,-1.1273798274
YHR175W,1.1582033329
YHR175W-A,
YHR176W,
YHR177W,
YHR178W,
YHR179W,8.5532207792
YHR180C-B,
YHR180W,
YHR180W-A,
YHR181W,0.2181548665
YHR182C-A,
YHR182W,
YHR183W,3.8974864069
YHR184W,
YHR185C,
YHR186C,
YHR187W,-1.4548220238
YHR188C,
YHR189W,
YHR190W,
YHR191C,
YHR192W,-1.7938306071
YHR193C,-0.0744223337
YHR193C-A,
YHR194W,
YHR195W,
YHR196W,1.2446129044
YHR197W,
YHR198C,
YHR199C,
YHR199C-A,
YHR200W,-0.8196370375
YHR201C,-1.0565056965
YHR202W,
YHR203C,-2.2531387002
YHR204W,
YHR205W,-0.167518983
YHR206W,
YHR207C,0.2702560866
YHR208W,
YHR209W,
YHR210C,
YHR211W,
YHR212C,
YHR212W-A,
YHR213W,
YHR213W-A,
YHR213W-B,
YHR214C-B,
YHR214C-C,
YHR214C-D,
YHR214C-E,
YHR214W,
YHR214WA,
YHR214W-A,
YHR215W,
YHR216W,4.2737923585
YHR217C,
YHR218W,
YHR218W-A,
YHR219C-A,
YHR219W,
YIL001W,
YIL002C,
YIL002W-A,
YIL003W,
YIL004C,
YIL005W,
YIL006W,
YIL007C,
YIL008W,
YIL009C-A,
YIL009W,5.5154422712
YIL010W,
YIL011W,
YIL012W,
YIL013C,
YIL014C-A,
YIL014W,
YIL015C-A,
YIL015W,
YIL016W,1.0160578992
YIL017C,
YIL017W,
YIL018W,
YIL019W,
YIL020C,1.2705478728
YIL020C-A,
YIL021C-A,
YIL021W,-2.1026781472
YIL022W,
YIL023C,
YIL024C,
YIL025C,
YIL026C,
YIL027C,-0.1688838098
YIL028W,
YIL029C,
YIL029W-A,
YIL030C,-0.3715940585
YIL030W-A,
YIL031W,
YIL032C,
YIL033C,4.4215168911
YIL034C,-0.8228197037
YIL035C,-1.296169629
YIL036W,
YIL037C,
YIL038C,
YIL039W,
YIL040W,3.7181275383
YIL041W,-1.806742546
YIL042C,
YIL043C,-0.9293348163
YIL044C,-2.0821785571
YIL045W,
YIL046W,
YIL046W-A,
YIL047C,-0.3230378048
YIL047C-A,
YIL048W,0.1028735736
YIL049W,
YIL050W,
YIL051C,
YIL052C,-0.3048388178
YIL053W,2.2746899315
YIL054W,
YIL055C,
YIL056W,
YIL057C,
YIL058W,
YIL059C,
YIL060W,
YIL061C,
YIL062C,
YIL063C,
YIL064W,
YIL065C,
YIL066C,
YIL066W-A,
YIL067C,
YIL068C,-0.5253146254
YIL068W-A,
YIL069C,-0.9307002157
YIL070C,0.3501794921
YIL071C,
YIL071W-A,
YIL072W,
YIL073C,
YIL074C,0.356315287
YIL075C,0.0659515817
YIL076W,
YIL077C,
YIL078W,-1.6570249988
YIL079C,
YIL080W,
YIL082W,
YIL082WA,
YIL082W-A,
YIL083C,-0.1718897256
YIL084C,-0.7263001101
YIL085C,
YIL086C,
YIL087C,
YIL088C,
YIL089W,
YIL090W,0.3775862761
YIL091C,0.3843663493
YIL092W,
YIL093C,-0.7663773335
YIL094C,7.422460957
YIL095W,-0.4712023145
YIL096C,
YIL097W,
YIL098C,-0.3818897256
YIL099W,
YIL100C-A,
YIL100W,
YIL101C,
YIL102C,
YIL102C-A,
YIL103W,-1.17722104
YIL104C,
YIL105C,-0.4677165231
YIL105W-A,
YIL106W,-0.0300175783
YIL107C,
YIL108W,
YIL109C,17.7701105219
YIL110W,
YIL111W,
YIL112W,
YIL113W,
YIL114C,
YIL115C,-0.7415825715
YIL115W-A,
YIL116W,1.9378031834
YIL117C,
YIL118W,
YIL119C,
YIL120W,
YIL121W,2.5568730082
YIL122W,
YIL123W,
YIL124W,0.5370979739
YIL125W,6.5427522792
YIL126W,-0.9097513201
YIL127C,0.1033365297
YIL128W,-0.20569101
YIL129C,
YIL130W,
YIL131C,
YIL132C,
YIL133C,-2.8008324153
YIL134C-A,
YIL134W,
YIL135C,-1.0537941706
YIL136W,2.4586998899
YIL137C,15.4727426856
YIL138C,
YIL139C,
YIL140W,-1.0900386472
YIL141W,
YIL142C-A,
YIL142W,
YIL143C,0.2552560866
YIL144W,-0.9873612829
YIL145C,-0.5959691139
YIL146C,
YIL147C,
YIL148W,1.9081908043
YIL149C,
YIL150C,
YIL151C,
YIL152W,
YIL153W,
YIL154C,
YIL155C,
YIL156W,
YIL156W-A,
YIL156W-B,
YIL157C,-0.3274872809
YIL158W,2.8770920971
YIL159W,
YIL160C,
YIL161W,-1.0348202951
YIL162W,
YIL163C,
YIL164C,
YIL165C,
YIL166C,
YIL167W,
YIL168W,
YIL169C,
YIL170W,
YIL171W,
YIL171W-A,
YIL172C,
YIL173W,
YIL174W,
YIL175W,
YIL176C,
YIL177C,
YIL177W-A,
YIR001C,1.5051779762
YIR002C,
YIR003W,0.312754444
YIR004W,
YIR005W,1.4009140773
YIR006C,-1.2588972752
YIR007W,
YIR008C,
YIR009W,
YIR010W,
YIR011C,
YIR012W,-1.1575412961
YIR013C,
YIR014W,
YIR015W,
YIR016W,
YIR017C,-0.6000386472
YIR017W-A,
YIR018C-A,
YIR018W,
YIR019C,
YIR020C,
YIR020C-B,
YIR020W-A,
YIR021W,
YIR021W-A,
YIR022W,0.5295822248
YIR023C-A,
YIR023W,
YIR024C,
YIR025W,
YIR026C,0.145918305
YIR027C,
YIR028W,
YIR029W,
YIR030C,
YIR030W-A,
YIR031C,
YIR032C,
YIR033W,
YIR034C,
YIR035C,
YIR036C,
YIR036W-A,
YIR037W,1.5252898168
YIR038C,
YIR039C,
YIR040C,
YIR041W,
YIR042C,
YIR043C,
YIR044C,
YJL001W,
YJL002C,-1.569974769
YJL003W,
YJL004C,
YJL005W,2.2263808073
YJL006C,
YJL007C,
YJL008C,
YJL009W,
YJL010C,0.9520387612
YJL011C,
YJL012C,
YJL012C-A,
YJL013C,
YJL014W,
YJL015C,
YJL016W,0.0515826042
YJL017W,
YJL018W,
YJL019W,
YJL020C,
YJL020W-A,
YJL021C,-0.509858085
YJL022W,
YJL023C,
YJL024C,0.2278243536
YJL025W,
YJL026C-A,
YJL026W,-1.5430440228
YJL027C,
YJL028W,
YJL029C,0.7265826042
YJL030W,
YJL031C,
YJL032W,
YJL033W,0.82277896
YJL034W,
YJL035C,
YJL036W,-1.6322278937
YJL037W,
YJL038C,
YJL039C,0.4219621952
YJL041W,-0.2153411477
YJL042W,0.2390308861
YJL043W,
YJL044C,-0.903601403
YJL045W,
YJL046W,
YJL047C,
YJL047C-A,
YJL048C,
YJL049W,
YJL050W,1.4710004304
YJL051W,
YJL052C-A,
YJL052W,18.5047845253
YJL053W,
YJL054W,
YJL055W,-0.7779028455
YJL056C,
YJL057C,
YJL058C,
YJL059W,
YJL060W,2.637247546
YJL061W,0.1666511901
YJL062W,0.9662666051
YJL062W-A,
YJL063C,-0.4129028455
YJL064W,
YJL065C,0.5505902158
YJL066C,
YJL067W,
YJL068C,
YJL069C,1.2186700928
YJL070C,
YJL071W,
YJL072C,
YJL073W,
YJL074C,-0.942752454
YJL075C,
YJL076W,
YJL077C,
YJL077W-A,
YJL077W-B,
YJL078C,8.7876474209
YJL079C,9.8026000747
YJL080C,-0.2020665823
YJL081C,
YJL082W,2.560950334
YJL083W,
YJL084C,
YJL085W,-1.0542976228
YJL086C,
YJL087C,
YJL088W,-0.3088026279
YJL089W,
YJL090C,
YJL091C,
YJL092W,
YJL093C,
YJL094C,
YJL095W,
YJL096W,-0.3019707769
YJL097W,
YJL098W,0.860516836
YJL099W,
YJL100W,
YJL101C,0.3525127191
YJL102W,
YJL103C,
YJL104W,-0.3883383063
YJL105W,
YJL106W,
YJL107C,
YJL108C,
YJL109C,0.8039372943
YJL110C,
YJL111W,
YJL112W,0.4467456865
YJL113W,
YJL114W,
YJL115W,-0.6269301216
YJL116C,
YJL117W,1.8029093216
YJL118W,
YJL119C,
YJL120W,
YJL121C,0.732630574
YJL122W,-0.2604778721
YJL123C,-1.9621193636
YJL124C,-0.0666341496
YJL125C,
YJL126W,
YJL127C,
YJL127C-B,
YJL127W-A,
YJL128C,-0.140924063
YJL129C,
YJL130C,3.6348847512
YJL131C,
YJL132W,
YJL133C-A,
YJL133W,
YJL134W,
YJL135W,
YJL136C,
YJL136W-A,
YJL137C,
YJL138C,-3.0035072546
YJL139C,
YJL140W,
YJL141C,
YJL142C,
YJL143W,58.2958768276
YJL144W,-0.0312023145
YJL145W,-0.0813855891
YJL146W,-0.5125963576
YJL147C,
YJL148W,-1.1276989947
YJL149W,
YJL150W,
YJL151C,3.0315361217
YJL152W,
YJL153C,
YJL154C,-0.5010188665
YJL155C,-1.6529079029
YJL156C,
YJL156W-A,
YJL157C,
YJL158C,
YJL159W,
YJL160C,
YJL161W,
YJL162C,
YJL163C,
YJL164C,-0.7702474557
YJL165C,
YJL166W,0.454013491
YJL167W,
YJL168C,
YJL169W,-0.7341099931
YJL170C,
YJL171C,0.792630574
YJL172W,
YJL173C,
YJL174W,
YJL175W,
YJL176C,-0.5709557442
YJL177W,-2.0472573902
YJL178C,0.5647921528
YJL179W,-0.2360048347
YJL180C,
YJL181W,
YJL182C,
YJL183W,-1.5643662569
YJL184W,
YJL185C,
YJL186W,-0.7287324684
YJL187C,
YJL188C,
YJL189W,
YJL190C,0.7664471155
YJL191W,-0.0566454731
YJL192C,0.8027530853
YJL193W,
YJL194W,
YJL195C,
YJL196C,4.4948064522
YJL197C-A,
YJL197W,-0.2069835405
YJL198W,
YJL199C,
YJL200C,2.0872264664
YJL201W,0.1789811335
YJL202C,
YJL203W,
YJL204C,
YJL205C,
YJL206C,
YJL206C-A,
YJL207C,0.615854363
YJL208C,
YJL209W,
YJL210W,
YJL211C,
YJL212C,
YJL213W,
YJL214W,
YJL215C,
YJL216C,
YJL217W,
YJL218W,
YJL219W,
YJL220W,
YJL221C,
YJL222W,
YJL222W-A,
YJL222W-B,
YJL223C,
YJL225C,
YJL225W-A,
YJR001W,
YJR002W,
YJR003C,0.9577777778
YJR004C,
YJR005C-A,
YJR005W,-0.1716564799
YJR006W,
YJR007W,
YJR008W,
YJR009C,6.7923012993
YJR010CA,
YJR010C-A,
YJR010W,1.664953677
YJR011C,
YJR012C,
YJR013W,-1.0348574545
YJR014W,0.1962357005
YJR015W,
YJR016C,2.4173193672
YJR017C,0.7384631641
YJR018W,
YJR019C,
YJR020W,
YJR021C,
YJR022W,
YJR023C,
YJR024C,
YJR025C,4.8920971545
YJR026W,
YJR027W,
YJR028W,
YJR029W,
YJR030C,
YJR031C,
YJR032W,-1.2982543135
YJR033C,
YJR034W,
YJR035W,
YJR036C,
YJR037W,
YJR038C,
YJR039W,
YJR040W,
YJR041C,-0.4618044547
YJR042W,-0.5243348163
YJR043C,
YJR044C,
YJR045C,
YJR046W,
YJR047C,1.4946853746
YJR048W,4.0912675316
YJR049C,0.6512132076
YJR050W,
YJR051W,
YJR052W,
YJR053W,
YJR054W,
YJR055W,
YJR056C,
YJR057W,
YJR058C,
YJR059W,-0.4880549483
YJR060W,-0.7353870956
YJR061W,
YJR062C,
YJR063W,0.8522153735
YJR064W,
YJR065C,
YJR066W,
YJR067C,
YJR068W,-1.4802090582
YJR069C,4.0204688886
YJR070C,-0.2472463057
YJR071W,
YJR072C,0.2733985108
YJR073C,8.3507272804
YJR074W,
YJR075W,
YJR076C,
YJR077C,5.5220335235
YJR078W,
YJR079W,
YJR080C,0.0352873966
YJR082C,
YJR083C,
YJR084W,
YJR085C,
YJR086W,1.6226923077
YJR087W,
YJR088C,-1.7016888861
YJR089W,
YJR090C,
YJR091C,0.5649824217
YJR092W,
YJR093C,
YJR094C,
YJR094WA,
YJR094W-A,
YJR095W,
YJR096W,
YJR097W,
YJR098C,
YJR099W,
YJR100C,
YJR101W,-0.1418724617
YJR102C,
YJR103W,
YJR104C,4.4582917636
YJR105W,0.3856166482
YJR106W,
YJR107W,
YJR108W,
YJR109C,4.5909476919
YJR110W,
YJR111C,-0.7901501485
YJR112W,0.8740086052
YJR112W-A,
YJR113C,-1.4302723141
YJR114W,
YJR115W,
YJR116W,
YJR117W,0.7208397831
YJR118C,
YJR119C,
YJR120W,
YJR121W,8.8219880541
YJR122W,
YJR123W,
YJR124C,
YJR125C,
YJR126C,
YJR127C,
YJR128W,
YJR129C,
YJR130C,1.5084793722
YJR131W,-0.8436865287
YJR132W,4.2733823828
YJR133W,
YJR134C,
YJR135C,
YJR135W-A,
YJR136C,
YJR137C,
YJR138W,
YJR139C,-1.2760406451
YJR140C,
YJR140W-A,
YJR141W,
YJR142W,
YJR143C,-0.3448220238
YJR144W,
YJR145C,-3.3541768269
YJR146W,
YJR147W,
YJR148W,9.5636444527
YJR149W,
YJR150C,
YJR151C,
YJR151W-A,
YJR152W,
YJR153W,
YJR154W,
YJR155W,
YJR156C,
YJR157W,
YJR158W,
YJR159W,
YJR160C,
YJR161C,
YJR162C,
YKL001C,
YKL002W,
YKL003C,
YKL004W,0.0827347662
YKL005C,
YKL006CA,
YKL006C-A,
YKL006W,-2.4163929067
YKL007W,-1.7144153035
YKL008C,1.2619001378
YKL009W,-0.2379620542
YKL010C,
YKL011C,
YKL012W,
YKL013C,1.0616187082
YKL014C,0.8257829681
YKL015W,
YKL016C,3.1916511901
YKL017C,
YKL018C-A,
YKL018W,
YKL019W,
YKL020C,
YKL021C,
YKL022C,
YKL023C-A,
YKL023W,-1.1252239979
YKL024C,2.292963456
YKL025C,-0.6773837611
YKL026C,
YKL027W,-1.0703240862
YKL028W,-1.0179618516
YKL029C,3.0450916878
YKL030W,
YKL031W,
YKL032C,0.4724419306
YKL033W,
YKL033WA,
YKL033W-A,
YKL034W,
YKL035W,2.7298332458
YKL036C,
YKL037W,
YKL038W,
YKL039W,
YKL040C,-0.3041166078
YKL041W,
YKL042W,-0.1747439134
YKL043W,
YKL044W,
YKL045W,
YKL046C,-0.970207338
YKL047W,
YKL048C,
YKL049C,
YKL050C,
YKL051W,0.9902208402
YKL052C,
YKL053CA,
YKL053C-A,
YKL053W,
YKL054C,-0.8658207416
YKL055C,
YKL056C,-0.4179918128
YKL057C,
YKL058W,
YKL059C,0.2080033924
YKL060C,
YKL061W,0.520516836
YKL062W,
YKL063C,-1.6879558538
YKL064W,0.3192456358
YKL065C,0.211615951
YKL065W-A,
YKL066W,
YKL067W,0.7198064522
YKL068W,0.4872322494
YKL068W-A,
YKL069W,0.5404175776
YKL070W,
YKL071W,-2.6307655126
YKL072W,
YKL073W,
YKL074C,
YKL075C,-1.1825963576
YKL076C,
YKL077W,-0.7964346767
YKL078W,
YKL079W,0.4446853746
YKL080W,0.6012478597
YKL081W,-0.1846982957
YKL082C,
YKL083W,
YKL084W,
YKL085W,5.4759706166
YKL086W,1.6943933912
YKL087C,
YKL088W,0.1793564885
YKL089W,
YKL090W,
YKL091C,
YKL092C,-1.8416634703
YKL093W,
YKL094W,-1.3869981496
YKL095W,
YKL096C-B,
YKL096W,15.5012360863
YKL096WA,
YKL096W-A,
YKL097C,
YKL097W-A,
YKL098W,
YKL099C,
YKL100C,
YKL100W-A,
YKL101W,
YKL102C,
YKL103C,18.2129048899
YKL104C,
YKL105C,
YKL106C-A,
YKL106W,0.4339683635
YKL107W,
YKL108W,
YKL109W,
YKL110C,
YKL111C,
YKL112W,2.247899373
YKL113C,-1.3951501485
YKL114C,
YKL115C,
YKL116C,0.0742456358
YKL117W,-2.2911469776
YKL118W,
YKL119C,
YKL120W,5.2781333026
YKL121W,
YKL122C,-0.7261824661
YKL123W,
YKL124W,
YKL125W,
YKL126W,-0.8314647278
YKL127W,1.1932360648
YKL128C,3.6025076401
YKL129C,1.0905445146
YKL130C,-0.3960190325
YKL131W,
YKL132C,
YKL133C,
YKL134C,
YKL135C,0.2599515779
YKL136W,
YKL137W,
YKL138C,0.20034213
YKL138C-A,
YKL139W,
YKL140W,
YKL141W,
YKL142W,0.3704429481
YKL143W,-0.04722774
YKL144C,
YKL145W,
YKL145W-A,
YKL146W,0.4862675316
YKL147C,
YKL148C,
YKL149C,
YKL150W,
YKL151C,-0.5879463337
YKL152C,-2.444709268
YKL153W,
YKL154W,-0.0770720185
YKL155C,
YKL156C-A,
YKL156W,-0.2578291274
YKL157W,2.5502941176
YKL158W,
YKL159C,
YKL160W,-0.7148205079
YKL161C,
YKL162C,
YKL162C-A,
YKL163W,
YKL164C,42.2578190728
YKL165C,0.1409300786
YKL165C-A,
YKL166C,
YKL167C,-1.5188716923
YKL168C,
YKL169C,
YKL170W,-0.5248361684
YKL171W,
YKL172W,
YKL173W,
YKL174C,
YKL175W,
YKL176C,
YKL177W,
YKL178C,
YKL179C,
YKL180W,-0.8149541663
YKL181W,-0.9556741276
YKL182W,
YKL183C-A,
YKL183W,
YKL184W,
YKL185W,
YKL186C,
YKL187C,
YKL188C,
YKL189W,
YKL190W,-0.480207338
YKL191W,0.8039809675
YKL192C,4.0217591659
YKL193C,-0.1392000734
YKL194C,
YKL195W,0.0605873257
YKL196C,
YKL197C,
YKL198C,
YKL199C,
YKL200C,
YKL201C,
YKL202W,
YKL203C,
YKL204W,0.7347605189
YKL205W,
YKL206C,-1.2311109225
YKL207W,
YKL208W,
YKL209C,5.1021830658
YKL210W,0.7028104103
YKL211C,0.8656419974
YKL212W,-0.3628551818
YKL213C,0.0080292231
YKL214C,
YKL215C,1.1498201305
YKL216W,
YKL217W,
YKL218C,
YKL219W,
YKL220C,
YKL221W,
YKL222C,
YKL223W,
YKL224C,
YKL225W,
YKR001C,
YKR002W,
YKR003W,-0.2115493513
YKR004C,
YKR005C,
YKR006C,-1.022241582
YKR007W,1.2566908023
YKR008W,2.2319405572
YKR009C,
YKR010C,
YKR011C,
YKR012C,
YKR013W,
YKR014C,-1.0970167465
YKR015C,
YKR016W,
YKR017C,
YKR018C,0.1574330543
YKR019C,
YKR020W,-0.3801251237
YKR021W,
YKR022C,
YKR023W,
YKR024C,-1.9798220238
YKR025W,-0.1897502742
YKR026C,2.1614446129
YKR027W,
YKR028W,
YKR029C,
YKR030W,
YKR031C,-0.032752454
YKR032W,
YKR033C,
YKR034W,
YKR035C,
YKR035W-A,4.3128970776
YKR036C,
YKR037C,
YKR038C,-0.7350484221
YKR039W,13.3656543929
YKR040C,
YKR041W,
YKR042W,
YKR043C,0.4044324715
YKR044W,
YKR045C,
YKR046C,7.0961851352
YKR047W,
YKR048C,-1.6431750936
YKR049C,
YKR050W,
YKR051W,
YKR052C,
YKR053C,
YKR054C,
YKR055W,
YKR056W,
YKR057W,
YKR058W,
YKR059W,-2.7547419217
YKR060W,-0.6787867924
YKR061W,
YKR062W,
YKR063C,
YKR064W,
YKR065C,4.2010004304
YKR066C,1.3888298402
YKR067W,0.0110004304
YKR068C,0.870854363
YKR069W,
YKR070W,
YKR071C,0.7097658284
YKR072C,0.1963180175
YKR073C,
YKR074W,1.3163193586
YKR075C,0.8295669015
YKR075W-A,
YKR076W,
YKR077W,
YKR078W,
YKR079C,
YKR080W,0.173561409
YKR081C,
YKR082W,
YKR083C,
YKR084C,0.9342964829
YKR085C,0.4540086052
YKR086W,
YKR087C,
YKR088C,-0.3320282737
YKR089C,0.4093663493
YKR090W,-0.3272577569
YKR091W,
YKR092C,-0.7374154922
YKR093W,
YKR094C,-0.7441838398
YKR095W,-0.6590713477
YKR095W-A,
YKR096W,
YKR097W,
YKR098C,
YKR099W,
YKR100C,-0.9649278309
YKR101W,
YKR102W,
YKR103W,
YKR104W,
YKR105C,
YKR106W,
YLL001W,0.3882033329
YLL002W,
YLL003W,
YLL004W,
YLL005C,
YLL006W,
YLL006W-A,
YLL007C,
YLL008W,
YLL009C,0.0736374017
YLL010C,-1.802752454
YLL011W,1.4006643724
YLL012W,1.8614625011
YLL013C,-0.280500235
YLL014W,-1.2010921305
YLL015W,
YLL016W,
YLL017W,
YLL018C,-0.3867558923
YLL018CA,
YLL018C-A,-0.2456435115
YLL019C,
YLL019W-A,
YLL020C,
YLL021W,
YLL022C,-0.9219966076
YLL023C,5.1129279815
YLL024C,2.3434831128
YLL025W,
YLL026W,3.6423669976
YLL027W,-0.6892687495
YLL028W,7.3228187637
YLL029W,
YLL030C,
YLL031C,0.4283333333
YLL032C,0.4601159255
YLL033W,
YLL034C,
YLL035W,
YLL036C,0.4493933912
YLL037W,
YLL038C,-0.7713218804
YLL039C,1.7807023772
YLL040C,-0.4708272023
YLL041C,2.6055846965
YLL042C,
YLL043W,0.1197525443
YLL044W,
YLL045C,-2.8732017506
YLL046C,
YLL047W,
YLL048C,0.9351480036
YLL049W,
YLL050C,
YLL051C,
YLL052C,
YLL053C,
YLL054C,
YLL055W,
YLL056C,
YLL057C,
YLL058W,
YLL059C,
YLL060C,
YLL061W,
YLL062C,
YLL063C,
YLL064C,
YLL065W,
YLL066C,
YLL066W-A,
YLL066W-B,
YLL067C,
YLL067W-A,
YLR001C,-0.657752454
YLR002C,0.0130698784
YLR003C,
YLR004C,
YLR005W,
YLR006C,
YLR007W,
YLR008C,
YLR009W,
YLR010C,
YLR011W,
YLR012C,
YLR013W,
YLR014C,
YLR015W,
YLR016C,
YLR017W,0.627598176
YLR018C,-0.1122781448
YLR019W,
YLR020C,0.5320873827
YLR021W,
YLR022C,-0.3912207426
YLR023C,
YLR024C,
YLR025W,
YLR026C,
YLR027C,
YLR028C,-1.2707645044
YLR029C,
YLR030W,
YLR031W,
YLR032W,
YLR033W,-0.5593662569
YLR034C,0.7307023772
YLR035C,
YLR035C-A,
YLR036C,
YLR037C,
YLR038C,
YLR039C,
YLR040C,
YLR041W,
YLR042C,-0.1468044547
YLR043C,1.3238755972
YLR044C,0.1597350591
YLR045C,-0.6858145328
YLR046C,
YLR047C,
YLR048W,-2.7328987002
YLR049C,
YLR050C,0.5515590671
YLR051C,0.9559140773
YLR052W,-0.9025963576
YLR053C,
YLR054C,
YLR055C,
YLR056W,0.9683333333
YLR057W,
YLR058C,-2.1667155136
YLR059C,1.6130190029
YLR060W,0.2333879439
YLR061W,-3.0399516208
YLR062C,
YLR063W,
YLR064W,-1.3838972752
YLR065C,
YLR066W,
YLR067C,
YLR068W,
YLR069C,-0.0133488099
YLR070C,
YLR071C,
YLR072W,
YLR073C,
YLR074C,1.1828735736
YLR075W,-2.8832485211
YLR076C,
YLR077W,
YLR078C,
YLR079W,
YLR080W,
YLR081W,
YLR082C,
YLR083C,1.6753468082
YLR084C,1.5402873966
YLR085C,
YLR086W,
YLR087C,
YLR088W,
YLR089C,
YLR090W,-0.6058145328
YLR091W,
YLR092W,
YLR093C,
YLR094C,
YLR095C,
YLR096W,0.1450703938
YLR097C,
YLR098C,
YLR099C,
YLR099W-A,
YLR100W,-0.4287256622
YLR101C,
YLR102C,
YLR103C,
YLR104W,
YLR105C,
YLR106C,
YLR107W,
YLR108C,
YLR109W,1.7474393304
YLR110C,3.8557925207
YLR111W,
YLR112W,
YLR113W,-1.1831867216
YLR114C,-0.13222774
YLR115W,
YLR116W,-1.066973018
YLR117C,
YLR118C,-1.1379817706
YLR119W,
YLR120C,
YLR120W-A,
YLR121C,
YLR122C,
YLR123C,
YLR124W,
YLR125W,
YLR126C,
YLR127C,
YLR128W,
YLR129W,
YLR130C,
YLR131C,
YLR132C,
YLR133W,
YLR134W,
YLR135W,
YLR136C,
YLR137W,
YLR138W,-0.7374137239
YLR139C,
YLR140W,
YLR141W,
YLR142W,
YLR143W,
YLR144C,
YLR145W,
YLR146C,
YLR146W-A,
YLR147C,
YLR148W,-0.2449020981
YLR149C,
YLR149C-A,
YLR150W,-0.8840214366
YLR151C,
YLR152C,
YLR153C,1.2781282152
YLR154C,
YLR154C-G,
YLR154C-H,
YLR154W-A,
YLR154W-B,
YLR154W-C,
YLR154W-E,
YLR154W-F,
YLR155C,
YLR156C-A,
YLR156W,
YLR157C,
YLR157C-B,
YLR157C-C,
YLR157W-D,
YLR157W-E,
YLR158C,
YLR159C-A,
YLR159W,
YLR160C,
YLR161W,
YLR162W,
YLR162W-A,
YLR163C,-0.7517674419
YLR163W-A,
YLR164W,
YLR165C,
YLR166C,-0.8983333333
YLR167W,
YLR168C,0.5602948419
YLR169W,
YLR170C,
YLR171W,
YLR172C,0.8948020354
YLR173W,
YLR174W,
YLR175W,0.1148670109
YLR176C,
YLR177W,
YLR178C,0.8876387171
YLR179C,
YLR180W,2.020583742
YLR181C,-1.6669966076
YLR182W,0.7327721063
YLR183C,
YLR184W,
YLR185W,-2.5728113737
YLR186W,0.9188298402
YLR187W,-0.5486191927
YLR188W,-0.3086865287
YLR189C,
YLR190W,
YLR191W,
YLR192C,-1.4842490815
YLR193C,-0.9897386081
YLR194C,4.7901779762
YLR195C,
YLR196W,0.018000998
YLR197W,
YLR198C,
YLR199C,
YLR200W,-0.4644097842
YLR201C,0.0914625011
YLR202C,
YLR203C,2.5041055796
YLR204W,
YLR205C,
YLR206W,0.2493130967
YLR207W,
YLR208W,
YLR209C,
YLR210W,
YLR211C,
YLR212C,
YLR213C,
YLR214W,
YLR215C,
YLR216C,0.3673726811
YLR217W,
YLR218C,1.3677218552
YLR219W,0.4739715454
YLR220W,
YLR221C,-1.1033168792
YLR222C,
YLR222C-A,
YLR223C,
YLR224W,
YLR225C,-0.8408145328
YLR226W,-1.8968195703
YLR227C,
YLR227W-B,
YLR228C,
YLR229C,
YLR230W,
YLR231C,5.894928069
YLR232W,
YLR233C,
YLR234W,
YLR235C,
YLR236C,
YLR237W,
YLR238W,
YLR239C,
YLR240W,
YLR241W,
YLR242C,
YLR243W,
YLR244C,-0.1861507914
YLR245C,-0.3452752468
YLR246W,
YLR247C,
YLR248W,0.430141915
YLR249W,-0.4287192475
YLR250W,-1.2533488099
YLR251W,
YLR252W,
YLR253W,-1.1486497305
YLR254C,-1.1421756464
YLR255C,
YLR256W,
YLR256W-A,
YLR257W,-0.4982294967
YLR258W,5.817071882
YLR259C,
YLR260W,
YLR261C,
YLR262C,
YLR262CA,
YLR262C-A,3.2036837859
YLR263W,
YLR264C-A,
YLR264W,0.179748681
YLR265C,
YLR266C,
YLR267W,
YLR268W,
YLR269C,
YLR270W,0.6755478728
YLR271W,
YLR272C,
YLR273C,
YLR274W,
YLR275W,
YLR276C,
YLR277C,
YLR278C,
YLR279W,
YLR280C,
YLR281C,
YLR282C,
YLR283W,
YLR284C,
YLR285C-A,
YLR285W,3.5990308861
YLR286C,0.935738908
YLR286W-A,
YLR287C,-1.2937403254
YLR287C-A,-0.9462924217
YLR288C,
YLR289W,
YLR290C,-1.3466176172
YLR291C,-0.506169629
YLR292C,
YLR293C,
YLR294C,
YLR295C,2.2005747488
YLR296W,
YLR297W,
YLR298C,
YLR299C-A,
YLR299W,
YLR300W,-0.0323465335
YLR301W,-0.0213961897
YLR302C,
YLR303W,
YLR304C,
YLR305C,
YLR306W,
YLR307C-A,
YLR307W,
YLR308W,
YLR309C,0.4061693929
YLR310C,
YLR311C,
YLR312C,
YLR312WA,
YLR312W-A,-0.8662207426
YLR313C,
YLR314C,
YLR315W,-0.9840564191
YLR316C,
YLR317W,
YLR318W,
YLR319C,-0.0253517499
YLR320W,
YLR321C,-0.0807035171
YLR322W,
YLR323C,
YLR324W,0.8320873827
YLR325C,-1.1067498962
YLR326W,
YLR327C,7.1010652456
YLR328W,-0.219145637
YLR329W,
YLR330W,
YLR331C,
YLR332W,-0.4299904993
YLR333C,1.6324839188
YLR334C,
YLR335W,-0.3757921873
YLR336C,-0.2623837611
YLR337C,
YLR338W,
YLR339C,
YLR340W,
YLR341W,
YLR342W,0.5542456358
YLR342W-A,
YLR343W,
YLR344W,-2.6522162681
YLR345W,-0.2223612829
YLR346C,-0.4198220238
YLR347C,-0.4114112156
YLR347W-A,
YLR348C,
YLR349W,
YLR350W,0.5392964829
YLR351C,-0.7890564191
YLR352W,
YLR353W,
YLR354C,-0.1106007965
YLR355C,
YLR356W,
YLR357W,-1.0040042567
YLR358C,
YLR359W,
YLR360W,
YLR361C,
YLR361C-A,
YLR362W,
YLR363C,-0.63222774
YLR363W-A,0.6771818263
YLR364C-A,
YLR364W,
YLR365W,
YLR366W,
YLR367W,-0.6604471667
YLR368W,
YLR369W,-0.0835553871
YLR370C,
YLR371W,
YLR372W,-2.6734187482
YLR373C,-1.3381519292
YLR374C,
YLR375W,
YLR376C,
YLR377C,
YLR378C,
YLR379W,
YLR380W,0.8002043211
YLR381W,
YLR382C,
YLR383W,
YLR384C,1.5650378465
YLR385C,-1.0392976228
YLR386W,-0.6558145328
YLR387C,-1.3380723755
YLR388W,-0.6102660048
YLR389C,
YLR390W,
YLR390WA,
YLR390W-A,
YLR391W,
YLR392C,
YLR393W,
YLR394W,
YLR395C,1.5864250913
YLR396C,-0.0056066088
YLR397C,0.5981955453
YLR398C,1.322130209
YLR399C,-0.5618779562
YLR399W-A,
YLR400W,
YLR401C,
YLR402W,
YLR403W,
YLR404W,
YLR405W,
YLR406C,0.1340161914
YLR406C-A,
YLR407W,0.1827721063
YLR408C,
YLR409C,0.3823517924
YLR410W,0.9016908023
YLR410W-A,
YLR410W-B,
YLR411W,
YLR412C-A,
YLR412W,-0.4803146254
YLR413W,10.6103956511
YLR414C,3.0187823678
YLR415C,
YLR416C,
YLR417W,
YLR418C,-0.9449530708
YLR419W,
YLR420W,5.600373283
YLR421C,0.4090817305
YLR422W,
YLR423C,
YLR424W,
YLR425W,
YLR426W,
YLR427W,
YLR428C,
YLR429W,0.6152197562
YLR430W,
YLR431C,
YLR432W,0.6224788844
YLR433C,0.3005626663
YLR434C,
YLR435W,
YLR436C,-1.0836191927
YLR437C,
YLR437C-A,
YLR438CA,
YLR438C-A,-1.4435892786
YLR438W,11.8393258724
YLR439W,-1.0602770659
YLR440C,-0.3210316365
YLR441C,
YLR442C,
YLR443W,
YLR444C,
YLR445W,
YLR446W,
YLR447C,4.6856092165
YLR448W,-2.3574864234
YLR449W,-0.6108441258
YLR450W,-0.1272813999
YLR451W,
YLR452C,1.6799094042
YLR453C,
YLR454W,
YLR455W,-1.5416064682
YLR456W,
YLR457C,-1.5040042567
YLR458W,
YLR459W,
YLR460C,
YLR461W,
YLR462W,
YLR463C,
YLR464W,
YLR465C,
YLR466C-A,
YLR466C-B,
YLR466W,
YLR467C-A,
YLR467W,
YML001W,1.0429414221
YML002W,
YML003W,
YML004C,
YML005W,
YML006C,
YML007C-A,3.7497990001
YML007W,
YML008C,1.1046220378
YML009C,0.6409285397
YML009C-A,
YML009W-B,
YML010C-B,
YML010W,-0.4011938683
YML010W-A,
YML010W-B,
YML011C,
YML012C-A,
YML012W,-1.7561475828
YML013C-A,
YML013W,
YML014W,
YML015C,
YML016C,-0.1287256622
YML017W,0.1716666667
YML018C,1.4235983137
YML019W,
YML020W,0.5639811335
YML021C,
YML022W,3.4840348615
YML023C,
YML024W,-2.0394427467
YML025C,-0.5668885374
YML026C,3.9196117775
YML027W,
YML028W,
YML029W,
YML030W,0.2370182294
YML031C-A,
YML031W,
YML032C,
YML032C-A,
YML033W,
YML034C-A,
YML034W,
YML035C,0.8862757755
YML035C-A,
YML036W,
YML037C,
YML038C,0.2512156459
YML039W,
YML040W,
YML041C,
YML042W,
YML043C,
YML045W,
YML045W-A,
YML046W,
YML047C,
YML047W-A,
YML048W,
YML048W-A,
YML049C,-0.8635333272
YML050W,
YML051W,
YML052W,
YML053C,
YML054C,
YML054C-A,
YML055W,-0.3867073078
YML056C,1.0600042065
YML057C-A,
YML057W,-0.0148438674
YML058C-A,
YML058W,3.4387027271
YML058W-A,1.7337257638
YML059C,-0.454483164
YML060W,
YML061C,
YML062C,-1.237415283
YML063W,-2.3958021138
YML064C,
YML065W,
YML066C,
YML067C,4.3386781196
YML068W,
YML069W,-0.8289469342
YML070W,3.5699999496
YML071C,1.565614789
YML072C,0.67
YML073C,-2.9009045979
YML074C,
YML075C,0.4952722219
YML076C,
YML077W,
YML078W,3.9180697229
YML079W,
YML080W,-0.3706336507
YML081CA,
YML081C-A,4.0561873879
YML081W,
YML082W,-0.9661109225
YML083C,
YML084W,
YML085C,0.4927928113
YML086C,7.9737299938
YML087C,
YML088W,
YML089C,
YML090W,
YML091C,0.5611457649
YML092C,
YML093W,-0.2260048347
YML094C-A,
YML094W,-0.1629817706
YML095C,
YML095C-A,
YML096W,
YML097C,-0.0336191927
YML098W,
YML099C,
YML099W-A,
YML100W,11.6792844749
YML100WA,
YML100W-A,
YML101C,0.5213055148
YML101C-A,
YML102C-A,
YML102W,-1.798467124
YML103C,-1.0749722533
YML104C,
YML105C,
YML106W,-1.3918894585
YML107C,
YML108W,0.3263134713
YML109W,
YML110C,1.377584717
YML111W,
YML112W,-0.5867639352
YML113W,-0.3985374989
YML114C,
YML115C,
YML116W,10.6421228179
YML116W-A,
YML117W,-0.9303304659
YML117W-A,
YML118W,
YML119W,
YML120C,1.7639099449
YML121W,-0.9195049553
YML122C,
YML123C,
YML124C,1.1278190728
YML125C,1.04138948
YML126C,-0.1010340672
YML127W,
YML128C,
YML129C,1.7904175776
YML130C,
YML131W,
YML132W,
YML133C,
YML133W-A,
YML133W-B,
YMR001C,
YMR001C-A,
YMR002W,-0.4845394309
YMR003W,
YMR004W,
YMR005W,
YMR006C,
YMR007W,
YMR008C,
YMR009W,0.5740442558
YMR010W,
YMR011W,24.5035201131
YMR012W,-0.5894168916
YMR013C,
YMR013C-A,
YMR013W-A,
YMR014W,0.4347909418
YMR015C,1.6381066038
YMR016C,
YMR017W,
YMR018W,
YMR019W,
YMR020W,
YMR021C,
YMR022W,
YMR023C,
YMR024W,-0.6945770905
YMR025W,
YMR026C,
YMR027W,-1.0226192865
YMR028W,
YMR029C,
YMR030W,
YMR030W-A,
YMR031C,1.3868390598
YMR031WA,
YMR031W-A,
YMR032W,1.450511575
YMR033W,
YMR034C,
YMR035W,
YMR036C,
YMR037C,0.7512058294
YMR038C,-0.3508333333
YMR039C,-1.3633168792
YMR040W,
YMR041C,
YMR042W,
YMR043W,-1.9370812902
YMR044W,
YMR045C,
YMR046C,
YMR046W-A,
YMR047C,7.1921157983
YMR048W,
YMR049C,
YMR050C,
YMR051C,
YMR052C-A,
YMR052W,
YMR053C,
YMR054W,
YMR055C,
YMR056C,
YMR057C,
YMR058W,9.38167176
YMR059W,
YMR060C,
YMR061W,0.7836998899
YMR062C,
YMR063W,
YMR064W,
YMR065W,
YMR066W,
YMR067C,
YMR068W,
YMR069W,
YMR070W,0.8393933912
YMR071C,1.1388542237
YMR072W,2.4609678484
YMR073C,1.1238890775
YMR074C,0.2435427408
YMR075CA,
YMR075C-A,
YMR075W,
YMR076C,
YMR077C,
YMR078C,
YMR079W,-1.8548790125
YMR080C,-0.7372462357
YMR081C,
YMR082C,
YMR083W,2.1051574572
YMR084W,
YMR085W,
YMR086C-A,
YMR086W,-0.492250106
YMR087W,
YMR088C,
YMR089C,-0.777250106
YMR090W,
YMR091C,-0.2671785571
YMR092C,-0.3931977132
YMR093W,
YMR094W,
YMR095C,
YMR096W,
YMR097C,
YMR098C,
YMR099C,11.4303899412
YMR100W,
YMR101C,
YMR102C,
YMR103C,
YMR104C,
YMR105C,16.7806009106
YMR105W-A,
YMR106C,
YMR107W,
YMR108W,5.4190922019
YMR109W,0.7823426873
YMR110C,
YMR111C,
YMR112C,
YMR113W,
YMR114C,
YMR115W,
YMR116C,
YMR117C,
YMR118C,
YMR119W,
YMR119WA,
YMR119W-A,
YMR120C,
YMR121C,1.3114061552
YMR122C,
YMR122W-A,4.4294149201
YMR123W,-0.7559846686
YMR124W,-0.8298220238
YMR125W,0.3316666667
YMR126C,
YMR127C,
YMR128W,0.895614789
YMR129W,
YMR130W,
YMR131C,0.1131756219
YMR132C,
YMR133W,
YMR134W,-0.8119166308
YMR135C,
YMR135W-A,
YMR136W,
YMR137C,
YMR138W,0.0614625011
YMR139W,-0.2673877367
YMR140W,-0.2056066088
YMR141C,
YMR141W-A,
YMR142C,-2.4624286958
YMR143W,-2.7799219397
YMR144W,
YMR145C,2.7380698784
YMR146C,
YMR147W,
YMR148W,1.2406643724
YMR149W,-0.3660406451
YMR150C,
YMR151W,
YMR152W,0.5480190029
YMR153CA,
YMR153C-A,
YMR153W,
YMR154C,
YMR155W,
YMR156C,
YMR157C,
YMR158C-A,
YMR158W,
YMR158W-A,
YMR158W-B,
YMR159C,
YMR160W,
YMR161W,
YMR162C,0.4377426856
YMR163C,
YMR164C,
YMR165C,0.1396482501
YMR166C,
YMR167W,
YMR168C,
YMR169C,
YMR170C,
YMR171C,
YMR172CA,
YMR172C-A,
YMR172W,
YMR173W,17.3277268099
YMR173WA,
YMR173W-A,
YMR174C,0.446988607
YMR175W,
YMR175W-A,
YMR176W,
YMR177W,
YMR178W,-1.0976767609
YMR179W,
YMR180C,
YMR181C,
YMR182C,
YMR182W-A,
YMR183C,
YMR184W,0.5522316732
YMR185W,
YMR186W,1.7828243536
YMR187C,
YMR188C,-1.2124923599
YMR189W,-0.0859705869
YMR190C,
YMR191W,
YMR192W,0.7619324563
YMR193C-A,
YMR193W,-0.9101798695
YMR194C-A,
YMR194C-B,
YMR194W,-2.2142092869
YMR195W,
YMR196W,5.8328970776
YMR197C,
YMR198W,
YMR199W,
YMR200W,0.172758418
YMR201C,
YMR202W,
YMR203W,
YMR204C,
YMR205C,1.0759085558
YMR206W,
YMR207C,
YMR208W,-1.0157921873
YMR209C,
YMR210W,
YMR211W,
YMR212C,0.2770167572
YMR213W,
YMR214W,
YMR215W,
YMR216C,-0.1844373337
YMR217W,
YMR218C,
YMR219W,
YMR220W,2.925950334
YMR221C,
YMR222C,
YMR223W,
YMR224C,
YMR225C,0.0731548665
YMR226C,-0.0991343556
YMR227C,
YMR228W,
YMR229C,0.5422834507
YMR230W,-2.7751169357
YMR230W-A,
YMR231W,0.8427422431
YMR232W,0.717130209
YMR233W,
YMR234W,
YMR235C,-1.0099219337
YMR236W,
YMR237W,-0.0625580694
YMR238W,0.1571206718
YMR239C,
YMR240C,
YMR241W,
YMR242C,
YMR242W-A,
YMR243C,0.2480264479
YMR244CA,
YMR244C-A,0.19277226
YMR244W,
YMR245W,
YMR246W,1.8570408653
YMR247C,
YMR247W-A,
YMR250W,
YMR251W,
YMR251WA,
YMR251W-A,9.2994041034
YMR252C,
YMR253C,-1.1525963576
YMR254C,
YMR255W,-0.0679832428
YMR256C,1.2954643262
YMR257C,
YMR258C,
YMR259C,
YMR260C,-0.1143990894
YMR261C,0.180507627
YMR262W,
YMR263W,
YMR264W,
YMR265C,
YMR266W,1.1869276245
YMR267W,
YMR268C,
YMR269W,0.7638890775
YMR270C,
YMR271C,
YMR272C,-0.1641331464
YMR272W-A,
YMR272W-B,
YMR273C,
YMR274C,
YMR275C,
YMR276W,-1.0316634703
YMR277W,-0.9137559123
YMR278W,2.6183728248
YMR279C,
YMR280C,
YMR281W,
YMR282C,
YMR283C,
YMR284W,
YMR285C,
YMR286W,-0.0274127952
YMR287C,
YMR288W,
YMR289W,
YMR290C,
YMR290W-A,
YMR291W,0.7394455099
YMR292W,
YMR293C,
YMR294W,
YMR294WA,
YMR294W-A,
YMR295C,
YMR296C,-1.3565524161
YMR297W,
YMR298W,
YMR299C,
YMR300C,9.3514439316
YMR301C,-1.0416634703
YMR302C,
YMR303C,
YMR304C-A,
YMR304W,0.1475317903
YMR305C,
YMR306CA,
YMR306C-A,
YMR306W,
YMR307C-A,
YMR307W,7.8090314422
YMR308C,0.1958433013
YMR309C,-0.8797331912
YMR310C,
YMR311C,-1.1176275756
YMR312W,
YMR313C,0.0470182294
YMR314W,
YMR315W,5.1398232379
YMR315W-A,
YMR316C-A,
YMR316C-B,
YMR316W,
YMR317W,
YMR318C,4.9538115195
YMR319C,
YMR320W,
YMR321C,
YMR322C,
YMR323W,
YMR324C,
YMR325W,
YMR326C,
YNL001W,-0.6161111111
YNL002C,
YNL003C,
YNL004W,1.003845326
YNL005C,
YNL006W,-1.3623465335
YNL007C,-1.9660551827
YNL008C,
YNL009W,
YNL010W,-1.5426872413
YNL011C,
YNL012W,
YNL013C,
YNL014W,
YNL015W,9.9823724244
YNL016W,-2.033697241
YNL017C,
YNL018C,
YNL019C,
YNL020C,
YNL021W,
YNL022C,
YNL023C,
YNL024C,
YNL024C-A,
YNL025C,
YNL026W,
YNL027W,0.4963636364
YNL028W,
YNL029C,
YNL030W,
YNL031C,-0.2940713477
YNL032W,-0.5972222222
YNL033W,
YNL034W,
YNL035C,-2.1873465335
YNL036W,2.6215872963
YNL037C,-0.39583214
YNL038W,
YNL039W,
YNL040W,
YNL041C,-0.0490714603
YNL042W,
YNL042W-B,
YNL043C,
YNL044W,-1.6606103713
YNL045W,4.7443351068
YNL046W,0.107247546
YNL047C,
YNL048W,
YNL049C,-0.9629126173
YNL050C,
YNL051W,
YNL052W,2.0363180175
YNL053W,
YNL054W,
YNL054W-A,
YNL055C,
YNL056W,
YNL057W,
YNL058C,
YNL059C,
YNL061W,0.7928342324
YNL062C,-0.5087559123
YNL063W,
YNL064C,-0.5995500707
YNL065W,
YNL066W,-1.1199809987
YNL067W,-4.63963160690639e-06
YNL067W-A,
YNL067W-B,
YNL068C,
YNL069C,
YNL070W,
YNL071W,1.1110004304
YNL072W,
YNL073W,0.7662132076
YNL074C,2.1203629625
YNL075W,
YNL076W,
YNL077W,
YNL078W,
YNL079C,
YNL080C,
YNL081C,
YNL082W,
YNL083W,
YNL084C,-1.5250834158
YNL085W,0.9362544358
YNL086W,-0.4223877367
YNL087W,3.0287363329
YNL088W,
YNL089C,
YNL090W,
YNL091W,-1.1257543642
YNL092W,
YNL093W,
YNL094W,
YNL095C,
YNL096C,-2.6147540515
YNL097C,
YNL097C-B,
YNL097W-A,
YNL098C,
YNL099C,
YNL100W,-0.0959187387
YNL101W,
YNL102W,
YNL103W,-0.0653240862
YNL103W-A,
YNL104C,2.6239213121
YNL105W,
YNL106C,
YNL107W,
YNL108C,0.956823727
YNL109W,
YNL110C,0.6884174285
YNL111C,2.9215826042
YNL112W,1.9438624321
YNL113W,0.2813612032
YNL114C,
YNL115C,
YNL116W,
YNL117W,
YNL118C,-0.7167073078
YNL119W,
YNL120C,
YNL121C,-0.2857225311
YNL122C,
YNL123W,
YNL124W,
YNL125C,
YNL126W,
YNL127W,
YNL128W,
YNL129W,
YNL130C,
YNL130C-A,
YNL131W,
YNL132W,-0.0686806414
YNL133C,
YNL134C,24.5404580619
YNL135C,-1.6305569734
YNL136W,
YNL137C,0.7249094042
YNL138W,-0.2996203177
YNL138W-A,
YNL139C,0.2351159255
YNL140C,
YNL141W,3.8236226665
YNL142W,
YNL143C,0.0804580619
YNL144C,
YNL144W-A,
YNL145W,
YNL146C-A,
YNL146W,-0.4888306071
YNL147W,-0.6463841634
YNL148C,
YNL149C,
YNL150W,
YNL151C,
YNL152W,
YNL153C,-1.9503502319
YNL154C,0.8559459267
YNL155W,-0.4617639352
YNL156C,-0.6468897256
YNL157W,0.2998506681
YNL158W,1.4773517924
YNL159C,
YNL160W,
YNL161W,
YNL162W,-3.1953708104
YNL162W-A,
YNL163C,0.497008009
YNL164C,
YNL165W,
YNL166C,-0.9442099019
YNL167C,
YNL168C,0.4530292231
YNL169C,
YNL170W,
YNL171C,
YNL172W,
YNL173C,1.2039683635
YNL174W,
YNL175C,-0.6212207426
YNL176C,
YNL177C,-0.8347386081
YNL178W,
YNL179C,
YNL180C,2.612598176
YNL181W,
YNL182C,
YNL183C,-0.0251493319
YNL184C,
YNL185C,-0.9920331717
YNL186W,0.5063454863
YNL187W,
YNL188W,
YNL189W,
YNL190W,
YNL191W,0.1711693929
YNL192W,
YNL193W,
YNL194C,
YNL195C,
YNL196C,
YNL197C,-0.7714587751
YNL198C,
YNL199C,
YNL200C,
YNL201C,-0.2028086634
YNL202W,
YNL203C,
YNL204C,
YNL205C,
YNL206C,
YNL207W,-0.5906432726
YNL208W,
YNL209W,3.8705953518
YNL210W,
YNL211C,
YNL212W,0.6920491885
YNL213C,
YNL214W,
YNL215W,-1.0251251237
YNL216W,1.474288621
YNL217W,
YNL218W,
YNL219C,-0.1370812902
YNL220W,-2.6666717558
YNL221C,
YNL222W,
YNL223W,
YNL224C,
YNL225C,
YNL226W,
YNL227C,
YNL228W,
YNL229C,0.5338194099
YNL230C,
YNL231C,-1.1883338558
YNL232W,-2.1793031868
YNL233W,
YNL234W,
YNL235C,
YNL236W,
YNL237W,
YNL238W,0.9792484934
YNL239W,2.6146695341
YNL240C,
YNL241C,1.306967354
YNL242W,
YNL243W,-0.1481037985
YNL244C,
YNL245C,
YNL246W,-0.0432543135
YNL247W,
YNL248C,
YNL249C,
YNL250W,
YNL251C,-1.534642398
YNL252C,
YNL253W,
YNL254C,
YNL255C,-1.2971355402
YNL256W,
YNL257C,-0.2064016863
YNL258C,-0.8046096985
YNL259C,-0.0622577569
YNL260C,
YNL261W,
YNL262W,
YNL263C,
YNL264C,
YNL265C,-1.7318874449
YNL266W,
YNL267W,
YNL268W,2.1567066683
YNL269W,
YNL270C,
YNL271C,
YNL272C,-1.5901501485
YNL273W,
YNL274C,5.3462996709
YNL275W,
YNL276C,
YNL277W,
YNL277W-A,
YNL278W,0.4673544484
YNL279W,
YNL280C,
YNL281W,-0.2439652311
YNL282W,-0.4674872809
YNL283C,1.0662058294
YNL284C,-0.5226784064
YNL284C-A,
YNL284C-B,
YNL285W,
YNL286W,
YNL287W,-1.9394804391
YNL288W,-0.3927088975
YNL289W,
YNL290W,-0.2903769784
YNL291C,
YNL292W,
YNL293W,
YNL294C,
YNL295W,
YNL296W,
YNL297C,-0.2440713477
YNL298W,
YNL299W,
YNL300W,
YNL301C,-0.7721623982
YNL302C,
YNL303W,
YNL304W,
YNL305C,
YNL306W,
YNL307C,-2.4576872413
YNL308C,0.9340383984
YNL309W,
YNL310C,0.1361071585
YNL311C,
YNL312W,
YNL313C,0.6825752287
YNL314W,
YNL315C,-0.3021756464
YNL316C,
YNL317W,-0.2533133974
YNL318C,
YNL319W,
YNL320W,
YNL321W,
YNL322C,-2.8802253092
YNL323W,1.8380997086
YNL324W,
YNL325C,
YNL326C,
YNL327W,0.1543675287
YNL328C,
YNL329C,-0.4753769784
YNL330C,-1.0547008206
YNL331C,
YNL332W,
YNL333W,
YNL334C,
YNL335W,
YNL336W,0.0153629625
YNL337W,
YNL338W,
YNL339C,
YNL339W-A,
YNL339W-B,
YNR001C,4.44930163
YNR001W-A,
YNR002C,
YNR003C,
YNR003W-A,
YNR004W,
YNR005C,
YNR006W,
YNR007C,
YNR008W,
YNR009W,
YNR010W,
YNR011C,
YNR012W,
YNR013C,0.2784059415
YNR014W,2.6246129044
YNR015W,-1.1079817706
YNR016C,0.0713930191
YNR017W,
YNR018W,
YNR019W,
YNR020C,
YNR021W,-2.2052010464
YNR022C,-1.0362176322
YNR023W,
YNR024W,-0.4668044547
YNR025C,
YNR026C,
YNR027W,-0.8453517499
YNR028W,
YNR029C,0.4221157983
YNR030W,-0.602752454
YNR031C,
YNR032CA,
YNR032C-A,
YNR032W,
YNR033W,
YNR034W,-0.7081020808
YNR034W-A,6.5989951653
YNR035C,
YNR036C,
YNR037C,
YNR038W,0.862630574
YNR039C,
YNR040W,
YNR041C,
YNR042W,
YNR043W,-1.1549904993
YNR044W,
YNR045W,
YNR046W,
YNR047W,0.3820387612
YNR048W,-0.6363299072
YNR049C,
YNR050C,-1.7446303366
YNR051C,-0.6785929444
YNR052C,-0.255047954
YNR053C,-1.5596854042
YNR054C,-0.975311007
YNR055C,
YNR056C,
YNR057C,
YNR058W,
YNR059W,
YNR060W,
YNR061C,
YNR062C,
YNR063W,
YNR064C,
YNR065C,
YNR066C,
YNR067C,
YNR068C,
YNR069C,
YNR070W,
YNR071C,
YNR072W,
YNR073C,
YNR074C,
YNR075C-A,
YNR075W,
YNR076W,
YNR077C,
YOL001W,
YOL002C,
YOL003C,
YOL004W,
YOL005C,
YOL006C,-0.8371254113
YOL007C,
YOL008W,
YOL009C,
YOL010W,-0.6587261957
YOL011W,4.2577422431
YOL012C,-0.12832824
YOL013C,
YOL013W-A,
YOL013W-B,
YOL014W,
YOL015W,
YOL016C,0.7412596746
YOL017W,
YOL018C,
YOL019W,
YOL019W-A,
YOL020W,0.225141915
YOL021C,0.787481017
YOL022C,
YOL023W,0.2238327725
YOL024W,
YOL025W,
YOL026C,
YOL027C,0.1317915448
YOL028C,
YOL029C,
YOL030W,
YOL031C,
YOL032W,
YOL033W,
YOL034W,
YOL035C,
YOL036W,
YOL037C,
YOL038C-A,
YOL038W,-1.3740996428
YOL039W,
YOL040C,
YOL041C,-1.4892535474
YOL042W,
YOL043C,
YOL044W,
YOL045W,
YOL046C,
YOL047C,
YOL048C,0.1333435201
YOL049W,
YOL050C,
YOL051W,
YOL052C,0.913972813
YOL052CA,
YOL052C-A,
YOL053C-A,
YOL053W,
YOL054W,
YOL055C,
YOL056W,-0.7388148648
YOL057W,
YOL058W,2.6173367129
YOL059W,1.7226408497
YOL060C,-0.1070812902
YOL061W,0.186849945
YOL062C,
YOL063C,
YOL064C,0.7034403433
YOL065C,
YOL066C,
YOL067C,0.8415977726
YOL068C,
YOL069W,
YOL070C,
YOL071W,-0.0366064682
YOL072W,
YOL073C,
YOL075C,
YOL076W,-0.7780549483
YOL077C,-1.3676275756
YOL077W-A,3.3706651837
YOL078W,
YOL079W,
YOL080C,
YOL081W,0.170614789
YOL082W,
YOL083C-A,
YOL083W,
YOL084W,
YOL085C,
YOL085W-A,
YOL086C,
YOL086W-A,
YOL087C,-0.5351251237
YOL088C,
YOL089C,
YOL090W,-0.3218195703
YOL091W,
YOL092W,2.0281130228
YOL093W,
YOL094C,-0.2699243071
YOL095C,
YOL096C,
YOL097C,-1.976360565
YOL097W-A,
YOL098C,-1.0297802438
YOL099C,
YOL100W,
YOL101C,
YOL102C,
YOL103W,
YOL103W-A,
YOL103W-B,
YOL104C,
YOL105C,
YOL106W,
YOL107W,
YOL108C,-0.5178086634
YOL109W,
YOL110W,
YOL111C,-1.4645570519
YOL112W,
YOL113W,
YOL114C,
YOL115W,
YOL116W,
YOL117W,
YOL118C,
YOL119C,
YOL120C,
YOL121C,-2.5652988507
YOL122C,
YOL123W,
YOL124C,-0.4085553871
YOL125W,
YOL126C,5.702033112
YOL127W,
YOL128C,
YOL129W,5.86534213
YOL130W,
YOL131W,
YOL132W,
YOL133W,
YOL134C,0.1198201305
YOL135C,
YOL136C,
YOL137W,
YOL138C,
YOL139C,
YOL140W,2.8604773902
YOL141W,
YOL142W,-0.3056757976
YOL143C,11.80716516
YOL144W,15.7293616649
YOL145C,-0.2065825715
YOL146W,
YOL147C,2.81777896
YOL148C,
YOL149W,-0.4929618516
YOL150C,
YOL151W,6.9383823828
YOL152W,
YOL153C,
YOL154W,
YOL155C,
YOL155W-A,
YOL156W,
YOL157C,
YOL158C,
YOL159C,
YOL159C-A,
YOL160W,
YOL161C,
YOL162W,
YOL163W,
YOL164W,
YOL164W-A,
YOL165C,
YOL166C,
YOL166W-A,
YOR001W,
YOR002W,4.6107023772
YOR003W,
YOR004W,-1.2173214315
YOR005C,
YOR006C,0.0806337431
YOR007C,-0.7076275756
YOR008C,-1.0645824224
YOR008C-A,
YOR008W-B,
YOR009W,
YOR010C,
YOR011W,
YOR011W-A,
YOR012W,
YOR013W,
YOR014W,-0.0600126553
YOR015W,
YOR016C,-0.6038928415
YOR017W,-0.4658703987
YOR018W,
YOR019W,
YOR020C,
YOR020W-A,
YOR021C,
YOR022C,
YOR023C,
YOR024W,
YOR025W,
YOR026W,
YOR027W,0.3532720229
YOR028C,
YOR029W,
YOR030W,
YOR031W,
YOR032C,
YOR032W-A,
YOR033C,
YOR034C,
YOR034C-A,
YOR035C,
YOR036W,
YOR037W,
YOR038C,
YOR039W,-1.696095433
YOR040W,
YOR041C,
YOR042W,0.0926075837
YOR043W,-0.2075963576
YOR044W,-0.3152341716
YOR045W,
YOR046C,-0.9380442147
YOR047C,
YOR048C,0.1550756929
YOR049C,
YOR050C,
YOR051C,-0.9181972682
YOR052C,
YOR053W,
YOR054C,
YOR055W,
YOR056C,
YOR057W,0.3927777778
YOR058C,
YOR059C,
YOR060C,
YOR061W,-2.0446531918
YOR062C,-1.6398220238
YOR063W,-2.4913653134
YOR064C,
YOR065W,3.4831220438
YOR066W,
YOR067C,
YOR068C,
YOR069W,
YOR070C,
YOR071C,
YOR072W,
YOR072W-A,
YOR072W-B,
YOR073W,
YOR073W-A,
YOR074C,
YOR075W,
YOR076C,
YOR077W,-0.695071931
YOR078W,-0.3573612829
YOR079C,
YOR080W,
YOR081C,
YOR082C,
YOR083W,-1.5126455516
YOR084W,
YOR085W,
YOR086C,-1.2048634942
YOR087W,-0.0936545137
YOR088W,
YOR089C,
YOR090C,
YOR091W,
YOR092W,
YOR093C,
YOR094W,1.2227859124
YOR095C,1.2036144109
YOR096W,
YOR097C,
YOR098C,1.0839809675
YOR099W,
YOR100C,
YOR101W,
YOR102W,
YOR103C,
YOR104W,-0.3990564191
YOR105W,
YOR106W,
YOR107W,
YOR108C-A,
YOR108W,0.8978484066
YOR109W,-0.4051493319
YOR110W,
YOR111W,
YOR112W,-0.0068874449
YOR113W,
YOR114W,
YOR115C,
YOR116C,1.2635983137
YOR117W,
YOR118W,-0.008011393
YOR119C,
YOR120W,6.6536998899
YOR121C,
YOR122C,-0.0047112971
YOR123C,0.2426923077
YOR124C,
YOR125C,
YOR126C,
YOR127W,
YOR128C,-0.7688623929
YOR129C,
YOR130C,
YOR131C,-0.7511701598
YOR132W,-0.6056066088
YOR133W,6.045944195
YOR134W,
YOR135C,
YOR136W,4.8108196754
YOR137C,
YOR138C,0.397130209
YOR139C,
YOR140W,-1.3472278937
YOR141C,
YOR142W,0.8881114626
YOR142W-B,
YOR143C,
YOR144C,
YOR145C,
YOR146W,
YOR147W,
YOR148C,
YOR149C,
YOR150W,-0.8414042
YOR151C,-0.4487485395
YOR152C,-0.1334127037
YOR153W,2.9919197095
YOR154W,
YOR155C,
YOR156C,
YOR157C,
YOR158W,-1.5005675285
YOR159C,
YOR160W,
YOR161C,
YOR161C-C,
YOR161W-A,
YOR161W-B,
YOR162C,
YOR163W,0.865
YOR164C,-0.582415283
YOR165W,
YOR166C,
YOR167C,-1.6764138813
YOR168W,
YOR169C,
YOR170W,
YOR171C,
YOR172W,
YOR173W,
YOR174W,
YOR175C,
YOR176W,1.9983748237
YOR177C,
YOR178C,
YOR179C,0.1381102744
YOR180C,
YOR181W,-0.4311701598
YOR182C,
YOR183W,
YOR184W,-0.5757940682
YOR185C,2.80430899
YOR186C-A,
YOR186W,
YOR187W,0.2715490333
YOR188W,
YOR189W,-0.1418874449
YOR190W,
YOR191W,
YOR192C,
YOR192C-A,
YOR192C-B,
YOR192C-C,
YOR193W,
YOR194C,
YOR195W,
YOR196C,-0.4107225311
YOR197W,1.3842964829
YOR198C,-2.264048175
YOR199W,
YOR200W,
YOR201C,
YOR202W,
YOR203W,
YOR204W,
YOR205C,
YOR206W,1.1302043211
YOR207C,-0.190984686
YOR208W,
YOR209C,-1.7150257171
YOR210W,
YOR211C,
YOR212W,
YOR213C,
YOR214C,
YOR215C,0.4787987692
YOR216C,15.8368249064
YOR217W,-0.5937867924
YOR218C,
YOR219C,
YOR220W,-0.6102090582
YOR221C,
YOR222W,
YOR223W,
YOR224C,-0.6888838098
YOR225W,
YOR226C,2.7582704878
YOR227W,
YOR228C,
YOR229W,-1.407752454
YOR230W,4.8852513265
YOR231C-A,
YOR231W,
YOR232W,-1.2552752468
YOR233W,
YOR234C,-2.5388923133
YOR235W,
YOR236W,
YOR237W,
YOR238W,
YOR239W,-0.0698504103
YOR240W,
YOR241W,0.2037247066
YOR242C,
YOR243C,
YOR244W,
YOR245C,
YOR246C,
YOR247W,1.2448498515
YOR248W,
YOR249C,
YOR250C,
YOR251C,
YOR252W,1.1062675316
YOR253W,2.6588298402
YOR254C,2.1528261438
YOR255W,
YOR256C,
YOR257W,
YOR258W,
YOR259C,
YOR260W,0.8546000919
YOR261C,-0.4930686149
YOR262W,-1.0079463337
YOR263C,
YOR264W,
YOR265W,0.2138327725
YOR266W,
YOR267C,
YOR268C,
YOR269W,
YOR270C,0.6366793537
YOR271C,
YOR272W,0.8028681613
YOR273C,1.5468216799
YOR274W,-1.7750386472
YOR275C,
YOR276W,-2.0149362595
YOR277C,
YOR278W,
YOR279C,
YOR280C,
YOR281C,0.1465175363
YOR282W,
YOR283W,
YOR284W,
YOR285W,1.071553134
YOR286W,0.350373283
YOR287C,
YOR288C,
YOR289W,0.3916866026
YOR290C,
YOR291W,-1.2997008206
YOR292C,
YOR293C-A,
YOR293W,2.4599806764
YOR294W,
YOR295W,
YOR296W,
YOR297C,
YOR298CA,
YOR298C-A,0.2437324256
YOR298W,
YOR299W,
YOR300W,
YOR301W,
YOR302W,8.9842914178
YOR303W,0.6923641613
YOR304CA,
YOR304C-A,
YOR304W,
YOR305W,
YOR306C,
YOR307C,
YOR308C,
YOR309C,
YOR310C,1.8559765816
YOR311C,
YOR312C,
YOR313C,
YOR314W,
YOR314W-A,
YOR315W,
YOR316C,1.8209823904
YOR316C-A,
YOR317W,0.1791878864
YOR318C,
YOR319W,-0.0868198693
YOR320C,
YOR321W,
YOR322C,0.3478243536
YOR323C,-1.1084980401
YOR324C,
YOR325W,
YOR326W,-1.0011210353
YOR327C,
YOR328W,
YOR329C,0.594015314
YOR329W-A,
YOR330C,
YOR331C,
YOR332W,0.9466673059
YOR333C,
YOR334W,
YOR335C,-0.2262476982
YOR335W-A,
YOR336W,
YOR337W,
YOR338W,
YOR339C,
YOR340C,0.2187247066
YOR341W,1.0484810976
YOR342C,-0.3523612829
YOR343C,
YOR343W-A,
YOR343W-B,
YOR344C,
YOR345C,
YOR346W,0.3279166287
YOR347C,0.8609285397
YOR348C,
YOR349W,
YOR350C,
YOR351C,
YOR352W,
YOR353C,
YOR354C,-0.2188478114
YOR355W,
YOR356W,1.2077859124
YOR357C,0.300614789
YOR358W,
YOR359W,0.9152613919
YOR360C,0.2847908536
YOR361C,-1.1567178156
YOR362C,-0.8089652311
YOR363C,
YOR364W,
YOR365C,
YOR366W,
YOR367W,0.7663636364
YOR368W,
YOR369C,
YOR370C,-0.0054497799
YOR371C,
YOR372C,
YOR373W,
YOR374W,8.710918148
YOR375C,-0.1321847394
YOR376W,
YOR376W-A,
YOR377W,
YOR378W,
YOR379C,
YOR380W,
YOR381W,
YOR381W-A,
YOR382W,
YOR383C,
YOR384W,
YOR385W,
YOR386W,
YOR387C,
YOR388C,
YOR389W,
YOR390W,
YOR391C,
YOR392W,
YOR393W,
YOR394C-A,
YOR394W,
YOR396C-A,
YOR396W,
YPL001W,
YPL002C,
YPL003W,
YPL004C,-0.2359557442
YPL005W,
YPL006W,
YPL007C,
YPL008W,
YPL009C,0.1231751347
YPL010W,
YPL011C,
YPL012W,0.839672006
YPL013C,-0.3322781448
YPL014W,1.0178243536
YPL015C,-0.6323076923
YPL016W,
YPL017C,
YPL018W,
YPL019C,
YPL020C,
YPL021W,
YPL022W,
YPL023C,
YPL024W,
YPL025C,
YPL026C,1.0765404917
YPL027W,
YPL028W,-1.4130356558
YPL029W,
YPL030W,0.012008009
YPL031C,-1.0765812895
YPL032C,-0.1379028455
YPL033C,
YPL034W,
YPL035C,
YPL036W,
YPL037C,-1.5505688434
YPL038W,-0.1187324684
YPL038W-A,
YPL039W,
YPL040C,
YPL041C,
YPL042C,
YPL043W,1.459353321
YPL044C,
YPL045W,
YPL046C,
YPL047W,-0.8675697465
YPL048W,-0.1994111721
YPL049C,
YPL050C,0.136988607
YPL051W,
YPL052W,
YPL053C,
YPL054W,
YPL055C,-0.1668897256
YPL056C,
YPL057C,
YPL058C,1.5081576435
YPL059W,1.2638327725
YPL060C-A,
YPL060W,
YPL061W,2.1755633414
YPL062W,
YPL063W,-1.7092510764
YPL064C,
YPL065W,
YPL066W,
YPL067C,
YPL068C,
YPL069C,-0.4923877367
YPL070W,
YPL071C,
YPL072W,
YPL073C,
YPL074W,
YPL075W,-0.261973018
YPL076W,
YPL077C,
YPL078C,8.7701140433
YPL079W,-2.9599860729
YPL080C,
YPL081W,-0.0075063553
YPL082C,-0.7978801626
YPL083C,
YPL084W,0.0825872048
YPL085W,0.0710607135
YPL086C,1.279066224
YPL087W,
YPL088W,
YPL089C,
YPL090C,-2.6496459643
YPL091W,1.7815902149
YPL092W,
YPL093W,0.6019622975
YPL094C,-0.8367073078
YPL095C,
YPL096C-A,
YPL096W,
YPL097W,-0.1326455516
YPL098C,
YPL099C,
YPL100W,
YPL101W,
YPL102C,
YPL103C,
YPL104W,
YPL105C,0.1680997086
YPL106C,11.3141828155
YPL107W,0.1013134713
YPL108W,
YPL109C,
YPL110C,
YPL111W,5.7901957752
YPL112C,0.3815826042
YPL113C,
YPL114W,
YPL115C,-0.4435374989
YPL116W,-0.5817966671
YPL117C,-1.3548938612
YPL118W,-1.4687817539
YPL119C,
YPL119C-A,
YPL120W,
YPL121C,
YPL122C,
YPL123C,
YPL124W,
YPL125W,-0.7447126034
YPL126W,0.6354548606
YPL127C,-0.7635096945
YPL128C,-0.292518983
YPL129W,
YPL130W,
YPL131W,-1.9082899688
YPL132W,
YPL133C,
YPL134C,
YPL135C-A,
YPL135W,2.368156467
YPL136W,
YPL137C,
YPL138C,
YPL139C,
YPL140C,
YPL141C,
YPL142C,
YPL143W,
YPL144W,1.246398597
YPL145C,-3.1949290425
YPL146C,0.1073972085
YPL147W,
YPL148C,
YPL149W,
YPL150W,
YPL151C,
YPL152W,
YPL152W-A,
YPL153C,
YPL154C,
YPL155C,
YPL156C,
YPL157W,
YPL158C,
YPL159C,
YPL160W,0.1462415689
YPL161C,0.6734059415
YPL162C,1.5653629625
YPL163C,
YPL164C,
YPL165C,
YPL166W,
YPL167C,
YPL168W,
YPL169C,
YPL170W,
YPL171C,
YPL172C,
YPL173W,
YPL174C,
YPL175W,
YPL176C,
YPL177C,
YPL178W,-0.8814658064
YPL179W,
YPL180W,
YPL181W,
YPL182C,
YPL183C,-0.3803517499
YPL183WA,
YPL183W-A,0.1060578992
YPL184C,0.2360578992
YPL185W,
YPL186C,
YPL187W,
YPL188W,
YPL189C-A,
YPL189W,
YPL190C,
YPL191C,
YPL192C,
YPL193W,
YPL194W,
YPL195W,-0.6325697465
YPL196W,
YPL197C,
YPL198W,2.0260420474
YPL199C,
YPL200W,
YPL201C,
YPL202C,
YPL203W,
YPL204W,-0.3223411313
YPL205C,
YPL206C,
YPL207W,0.9947276859
YPL208W,
YPL209C,
YPL210C,0.6281130228
YPL211W,
YPL212C,0.5412738043
YPL213W,
YPL214C,
YPL215W,-1.0661336422
YPL216W,
YPL217C,
YPL218W,
YPL219W,
YPL220W,-1.246220762
YPL221W,0.2263267332
YPL222C-A,
YPL222W,
YPL223C,
YPL224C,
YPL225W,1.1565832298
YPL226W,0.7430220747
YPL227C,-0.025071931
YPL228W,
YPL229W,
YPL230W,
YPL231W,1.6925021032
YPL232W,
YPL233W,
YPL234C,2.2155445146
YPL235W,
YPL236C,
YPL237W,
YPL238C,
YPL239W,0.4682526296
YPL240C,4.3917310716
YPL241C,
YPL242C,
YPL243W,-0.4514606624
YPL244C,
YPL245W,
YPL246C,1.034417411
YPL247C,
YPL248C,
YPL249C,
YPL249CA,
YPL249C-A,-0.6970530814
YPL250C,
YPL250W-A,
YPL251W,
YPL252C,0.062310759
YPL253C,
YPL254W,
YPL255W,
YPL256C,
YPL257W,
YPL257W-A,
YPL257W-B,
YPL258C,
YPL259C,
YPL260W,-0.5883161011
YPL261C,
YPL262W,7.8969557853
YPL263C,0.2333735492
YPL264C,
YPL265W,9.886302759
YPL266W,
YPL267W,
YPL268W,
YPL269W,
YPL270W,-1.0052752468
YPL271W,
YPL272C,
YPL273W,-0.5460247473
YPL274W,23.083904567
YPL275W,
YPL276W,
YPL277C,
YPL278C,
YPL279C,
YPL280W,
YPL281C,
YPL282C,
YPL283C,
YPL283W-A,
YPL283W-B,
YPR001W,
YPR002C-A,
YPR002W,
YPR003C,0.0602560866
YPR004C,-2.129399289
YPR005C,
YPR006C,
YPR007C,
YPR008W,
YPR009W,
YPR010C,-0.301999002
YPR010C-A,
YPR011C,
YPR012W,
YPR013C,
YPR014C,
YPR015C,
YPR016C,-1.3751942514
YPR016W-A,
YPR017C,
YPR018W,
YPR019W,-0.3004177752
YPR020W,
YPR021C,
YPR022C,
YPR023C,
YPR024W,0.3613817072
YPR025C,
YPR026W,
YPR027C,
YPR028W,-0.6398790125
YPR029C,
YPR030W,
YPR031W,
YPR032W,
YPR033C,0.2680251709
YPR034W,
YPR035W,-0.5875021092
YPR036W,-0.7210453392
YPR036W-A,
YPR037C,
YPR038W,
YPR039W,
YPR040W,-1.3623612829
YPR041W,-0.6441442385
YPR042C,0.169066224
YPR043W,-3.2224558451
YPR044C,
YPR045C,-1.3398574545
YPR046W,-0.5773837611
YPR047W,
YPR048W,
YPR049C,
YPR050C,
YPR051W,0.539688993
YPR052C,-1.5612854473
YPR053C,
YPR054W,
YPR055W,0.8076162389
YPR056W,
YPR057W,
YPR058W,
YPR059C,
YPR060C,0.0097990001
YPR061C,
YPR062W,-0.0243050855
YPR063C,
YPR064W,
YPR065W,
YPR066W,
YPR067W,-0.3489780826
YPR068C,
YPR069C,0.2191358504
YPR070W,-0.533011393
YPR071W,
YPR072W,0.5307798026
YPR073C,0.2695822248
YPR074C,-0.0477848951
YPR074W-A,
YPR075C,
YPR076W,
YPR077C,
YPR078C,
YPR079W,-1.2947439134
YPR080W,-2.1857165365
YPR081C,
YPR082C,
YPR083W,
YPR084W,
YPR085C,
YPR086W,-0.4492976228
YPR087W,
YPR088C,
YPR089W,
YPR090W,0.5680997086
YPR091C,-0.1707225311
YPR092W,
YPR093C,
YPR094W,
YPR095C,
YPR096C,
YPR097W,
YPR098C,
YPR099C,
YPR100W,0.0497921528
YPR101W,-0.8037867924
YPR102C,0.5342101913
YPR103W,
YPR104C,
YPR105C,
YPR106W,
YPR107C,
YPR108W,-1.5368451335
YPR108W-A,
YPR109W,
YPR110C,-0.5713619941
YPR111W,
YPR112C,
YPR113W,-0.5686912142
YPR114W,1.0625600448
YPR115W,
YPR116W,
YPR117W,
YPR118W,
YPR119W,
YPR120C,
YPR121W,
YPR122W,
YPR123C,
YPR124W,
YPR125W,-1.381305399
YPR126C,
YPR127W,
YPR128C,1.630918305
YPR129W,-1.4515206278
YPR130C,
YPR131C,-0.338011393
YPR132W,-1.3131004488
YPR133C,
YPR133WA,
YPR133W-A,
YPR134W,
YPR135W,
YPR136C,
YPR137C-B,
YPR137W,-0.085711379
YPR138C,0.0100756929
YPR139C,
YPR140W,
YPR141C,
YPR142C,
YPR143W,-1.2915398292
YPR144C,-1.3086865287
YPR145C-A,
YPR145W,1.1151382222
YPR146C,
YPR147C,
YPR148C,
YPR149W,2.7306266677
YPR150W,
YPR151C,
YPR152C,
YPR153W,
YPR154W,-0.2102090582
YPR155C,
YPR156C,5.0711693752
YPR157W,
YPR158C-C,
YPR158C-D,
YPR158W,
YPR158W-A,
YPR158W-B,
YPR159C-A,
YPR159W,
YPR160C-A,
YPR160W,15.5358668536
YPR160W-A,
YPR161C,
YPR162C,
YPR163C,-2.5345288882
YPR164W,
YPR165W,
YPR166C,
YPR167C,
YPR168W,-0.2818998808
YPR169W,
YPR169W-A,
YPR170C,
YPR170W-A,
YPR170W-B,
YPR171W,
YPR172W,0.2826785685
YPR173C,0.215093463
YPR174C,-0.5467639352
YPR175W,-0.3398220238
YPR176C,
YPR177C,
YPR178W,
YPR179C,
YPR180W,-1.6540859227
YPR181C,
YPR182W,1.054499765
YPR183W,-1.4488432495
YPR184W,1.7246482501
YPR185W,
YPR186C,
YPR187W,-2.1132323639
YPR188C,
YPR189W,1.2418081195
YPR190C,-0.4479817706
YPR191W,5.5691327945
YPR192W,
YPR193C,
YPR194C,
YPR195C,
YPR196W,
YPR197C,
YPR198W,
YPR199C,
YPR200C,
YPR201W,
YPR202W,
YPR203W,
YPR204C-A,
YPR204W,
