,int,beta,beta_pval,sigma,adj_pval
MRC1,0.0160869398638967,-0.0196478993250408,2.53509981739421e-25,0.146984189231763,1.77203477235855e-22
ASF1,0.0307119453503145,-0.0299069433548667,4.73430412310049e-21,0.247287338902489,3.30927858204725e-18
CLB5,0.00770642306689011,-0.0170152175777894,4.47535688908059e-19,0.148476719224981,3.12827446546733e-16
ELG1,0.000696602033916813,-0.00882651160691362,4.87299708813941e-09,0.117690454478922,3.40622496460945e-06
DUN1,0.0128396305018118,-0.0128285475042745,5.2250151670826e-09,0.171393581489874,3.65228560179074e-06
SWI6,0.0334260797515289,-0.0211036256945075,2.45599624977088e-08,0.295309774026365,1.71674137858984e-05
RTT109,0.0403203522364042,-0.0252668345186346,3.4204140668031e-08,0.357288046286193,2.39086943269537e-05
CKB1,-0.0162683232516606,-0.013538737572789,1.09424278339377e-07,0.198966339542282,7.64875705592244e-05
HHT1,0.00139863918307648,-0.00624732669314215,2.33025724632659e-07,0.0942933822011941,0.000162884981518228
RNR4,0.0309440111271582,-0.0202766793062478,2.85929609743946e-07,0.308336433756454,0.000199864797211018
HOS4,-0.00646697216547716,-0.00675013463826513,1.75574757664497e-06,0.110238235751532,0.00122726755607484
UBP8,0.00563976034605061,-0.00872772769325684,2.7364582418935e-06,0.1452755957774,0.00191278431108356
DCC1,0.0206441574101602,-0.0105552727811084,2.97293280173913e-06,0.176335571517207,0.00207808002841565
CTF18,0.0193225831195727,-0.0114090092415321,5.39861959876513e-06,0.195803531735634,0.00377363509953682
SPT21,0.0552056170917962,-0.0191316900570397,9.6277008083296e-06,0.337505122972551,0.00672976286502239
CKB2,-0.0165978137179681,-0.0127571643044433,1.48088261191618e-05,0.229935382962615,0.0103513694572941
CTF8,0.00800775096423106,-0.00739805714399128,1.7153341948247e-05,0.134351233109729,0.0119901860218247
ZWF1,0.0215178677532269,-0.010448859247379,2.08276116535989e-05,0.191684755296882,0.0145585005458656
HHF1,0.00775127659636054,-0.00576705380587648,2.12305780254528e-05,0.105903726151344,0.0148401740397915
CTI6,-0.0254926373695486,0.0117870131724852,2.78241598252021e-05,0.219604996687575,0.0194490877178162
SET1,0.0107633191930213,-0.0113708014394611,3.85261131053836e-05,0.21568701575424,0.0269297530606631
RTR1,-0.00899540655167692,0.00756643281496466,5.6362847358015e-05,0.146685611913903,0.0393976303032525
AIM1,0.00374471834656181,-0.00425198808726088,6.97457855253013e-05,0.0834763758227771,0.0487523040821856
SUS1,0.0130747628209807,-0.0107958060392446,0.000118717011640175,0.219026027893122,0.0829831911364822
HIR2,0.00636245033912347,-0.00468338612468841,0.000258536895824305,0.100096847859924,0.180717290181189
EAF7,0.00902144059107698,-0.0102373723902735,0.000262335367379085,0.219025552214368,0.183372421797981
NPT1,0.0187485516226109,-0.00859175929198871,0.000357528632935625,0.187958125172963,0.249912514422002
DOC1,0.036494372926053,-0.0129139046579234,0.00077941605655338,0.300152612268301,0.544811823530813
CDC26,0.0167693332829857,-0.0069839191853198,0.0010734743820001,0.166769373794436,0.750358593018068
CHA4,-0.00816008794617067,-0.00434982623093791,0.00145389796423556,0.10670388178843,1
ASC1,0.0251968523681138,-0.0124578100530311,0.00154318895242499,0.307268179276565,1
PLC1,0.0475965097895976,-0.014408491883074,0.00186618708456916,0.361749242535514,1
SRB2,-0.0279764712559173,0.0122736992991525,0.00230555796099981,0.314524783920549,1
RTT106,0.0175996318486239,-0.00760908095765236,0.0025654387408025,0.197076171841621,1
SPP1,-0.00647962363126891,0.00565633394783756,0.00373787523426657,0.15236706591243,1
SMI1,0.0105026062137069,-0.0056622773221759,0.00387333681989392,0.153117882491284,1
CKA1,-0.00488851224760504,-0.00543543100257665,0.00399013964782896,0.147461606650254,1
TIF4631,0.00532140559886945,-0.00640746178336924,0.00427784070664697,0.175173735125347,1
PUS7,-0.00309266250025348,0.00482391902835378,0.00429169502152948,0.131928659253587,1
SER2,0.00979422852383834,-0.00468552542426616,0.0043830880965121,0.128445159971536,1
YLH47,-0.0106418549765202,0.00526144830418216,0.00457111489504441,0.144914488992986,1
POL32,0.00502249146592124,-0.00434148722245528,0.00463660091200716,0.119768411907323,1
JNM1,0.0116639138644895,-0.00521146058399394,0.00484683408855944,0.144494123694357,1
RPD3,0.0183060552166763,-0.0138883979741727,0.00487066853892847,0.385288506564694,1
IRC3,0.0312236511338932,-0.00937039983103903,0.00568570541769825,0.264662743382038,1
SAM3,0.00120136577349828,-0.00589887593476485,0.00571811039515087,0.166722963838297,1
STB5,0.0449519354351765,-0.0108836897633909,0.00593705549253793,0.308985756130163,1
IBA57,0.0350714032856931,-0.0127232176144978,0.00626647759281112,0.363554670840146,1
SAP155,-0.000746036232428692,-0.00671455665230013,0.00664849850453778,0.193245134006365,1
RAD27,0.0152856181047546,-0.00801581421161523,0.00712262619363723,0.232659699740706,1
SAS4,-0.0104981213739545,-0.00654529494623903,0.00760574056322934,0.191542247476297,1
HST1,0.0322109800219737,-0.00922363516758885,0.0077737138745582,0.270666792571231,1
SNF5,-0.00428422624331455,-0.0107427958865175,0.008513467378886,0.318932531481825,1
ENV11,-0.00113898814919087,-0.00607539656149115,0.00855518146290662,0.180480647988146,1
HPC2,-0.000142311404199607,-0.00446412413316658,0.00906103031386831,0.133611072199647,1
ASH1,-0.00300403295066645,0.00397279986578646,0.00978990686826264,0.120129935261312,1
KIN82,0.00370760101172998,-0.0034849706798737,0.0104941124132461,0.106369978052647,1
SGF29,0.00987039032106617,-0.00703631922519741,0.0105485295436351,0.214917091573424,1
SAE2,-0.00282072788148486,-0.00505861024250892,0.0112141731684624,0.15581190967892,1
DPB4,0.00179786259982388,-0.00463739922139383,0.0113026875746371,0.142993449585777,1
SUM1,0.0374441527086909,-0.0103729017577726,0.0116574674633026,0.321223514209349,1
SSN2,0.0574387019630429,-0.0128101845401287,0.011661535754055,0.396719541389995,1
SWM1,0.0141116607632198,-0.00483300446620037,0.0118038078749814,0.149927515422595,1
MMS4,0.00510320323210003,-0.00257952008418017,0.0126235635289835,0.0807828582690491,1
SNF12,-0.00962809945363418,-0.0109217010748847,0.0126707471231028,0.342216841070612,1
MMS22,0.0428938182470816,-0.00919916890967173,0.0131577321408151,0.289804555256245,1
PTC1,0.0445549617878077,-0.0117112852300833,0.0135535530912599,0.370527701734346,1
SSN8,0.0509127559945713,-0.0132895409622312,0.0141376436952636,0.423056300145907,1
SIN3,0.0117743397679922,-0.0109783017508984,0.0144955834350019,0.350768744209205,1
CDC40,-0.0157845370817064,0.00997772848348947,0.0148799938248416,0.320037701692922,1
TLC1,0.090095809609376,-0.0155628613859742,0.0154125894482828,0.501810604290483,1
UPF3,0.0870721193039436,-0.0125909402131436,0.015765524893635,0.407369494811881,1
PPR1,-0.00164085016908289,-0.00281404452164982,0.0162693076293355,0.0914813461197764,1
GCN5,-0.0124550775394364,-0.0105141108815628,0.0164957674003073,0.342523224654713,1
BIM1,0.0135642639833717,-0.00507318675661407,0.0168623216568383,0.165829449743753,1
NUP60,0.0186953626067296,-0.00634201411017423,0.0180318548332887,0.209473145326156,1
EAF5,0.00211649462843296,-0.00514134599294494,0.0182264375478672,0.170101988608158,1
CLN2,-0.00103845359041825,0.00276707982610067,0.0184660060883105,0.0917375391954083,1
ELC1,0.00695142589323118,-0.00335189464208011,0.0189364855695375,0.111569443288811,1
SIN4,0.00655518780128853,-0.00908169771569797,0.0191237092878977,0.302762188659206,1
SOH1,-0.0112577256855754,0.00690582899343927,0.0206573192795976,0.233102353325422,1
RSC2,0.0325640487506989,-0.010724922858737,0.020667786840416,0.362043581195817,1
GCR2,0.00173680975240416,-0.00714314283582008,0.0212174933009334,0.242169913186754,1
MRE11,0.0199541735155846,-0.00546679934272412,0.021513437637241,0.185760546923852,1
STP3,0.00877669482527739,-0.00411946401906813,0.021603243849326,0.140074611893153,1
FKS1,0.030635653115829,-0.00744656740204522,0.0216988547152275,0.253391200856976,1
IPK1,0.0413777617431422,-0.01061005187777,0.0218112648372658,0.361346615122762,1
CSM1,0.0296195968040758,-0.00582023689550852,0.0218861793217788,0.198332414197189,1
SWI3,-0.00876853918265174,-0.00972297721929906,0.0220760764284447,0.331798660159646,1
BUD13,-0.00924840134963979,0.00584674668615688,0.0220798815601175,0.199527182213827,1
ADA2,-0.00155255888720928,-0.0102307623817373,0.0225676525889104,0.350410427670011,1
SAS2,-0.0164039606283136,-0.00536554642428324,0.0228452352199273,0.184150176723651,1
CLN3,0.00440424621821107,-0.00433453161876296,0.023305591615385,0.149265153827202,1
CTF4,0.017817610589508,-0.00686055789346813,0.0236235211361111,0.236794131669521,1
SSN3,0.0682027602825241,-0.014077769567407,0.0260138745083189,0.494020206297448,1
PHO85,0.0196561311751919,-0.0091570097058087,0.0262048646260654,0.321750821287436,1
EBS1,0.00361093013140999,-0.00354317969255246,0.0269414128874968,0.125104885541043,1
RGP1,0.0473316698872374,-0.0101315967349291,0.0269899518949777,0.357846661366271,1
VPS4,0.00075218653306779,-0.00485493278213013,0.0274869264332461,0.172030459364213,1
PEX5,0.00340574721015359,-0.00531767501951084,0.0275462102672693,0.188499466422602,1
CCE1,0.0211095026913618,-0.00583229753477855,0.027737309447023,0.206996068553128,1
IES5,0.0109977541100655,-0.00408112271112248,0.0279132964231219,0.145007916473129,1
RAD26,0.00719196900773355,-0.00390840077898882,0.0282776320515069,0.139193239444377,1
GEP3,0.0481161302416234,-0.00972906131706506,0.0284981746144233,0.346972658774723,1
TOP3,0.025568246282346,-0.00562395628190927,0.0287356219356414,0.200869660361127,1
NBP2,0.0165755141941588,-0.00604259942150741,0.0291306863069343,0.216354772326152,1
RFM1,0.0391197257044413,-0.00788824210048802,0.0291666988396425,0.282500990369674,1
ACO1,0.0563245130690485,-0.0129401923075306,0.0293886319371268,0.464062939727891,1
NPL3,0.0375152003701998,-0.012678570793042,0.0296175055733068,0.455321675972723,1
TUP1,0.155703289085178,-0.0191597514011797,0.0298081017755331,0.688882244286687,1
RAD55,0.00689290136238889,-0.003061890897685,0.0299483134568195,0.110183477577786,1
SRB5,-0.0117716617517902,0.00775387051527001,0.0300064809440242,0.279125259340302,1
DPB3,0.00656627605348208,-0.00359559365144504,0.0306363721331789,0.129928449047116,1
CDH1,0.00387933830950826,-0.0044008616996995,0.031264475312804,0.159623576520695,1
RTT107,0.00817401235086888,-0.00366808994229408,0.0323428413962236,0.133887439141171,1
YTA7,0.0289414359180745,-0.00859240238185786,0.032756504438119,0.314376066872539,1
PIN4,0.00275535955469083,-0.00401473794660045,0.0329702448962561,0.147069779636452,1
EDE1,0.00719469059661828,-0.00434127707474849,0.033199677135934,0.159239780156443,1
ELM1,0.00808477947122248,-0.00530548154093695,0.0334917507999741,0.194929673409689,1
NUP133,0.0324947051831238,-0.00860067765529618,0.0334928987660425,0.316001130543474,1
RAD50,0.0439540069277101,-0.00748532613055384,0.033504536564884,0.275039618586042,1
RRG9,0.0301205427193564,-0.00970357135258959,0.0338140919075281,0.357168802688542,1
RAD52,0.0290220086103131,-0.00654051612189835,0.0366029080518563,0.2444435743608,1
ISW1,0.0255345813737272,-0.0052313036962938,0.0376554279259871,0.196603007973059,1
MSH2,0.00332151575346161,-0.00523122419407795,0.0377210730804583,0.196667511428902,1
PDR3,-0.00454536307478794,0.00255396189639659,0.0381197509210029,0.0962155758163128,1
PUS9,0.00238838721072769,0.00216845163222543,0.0386830988194286,0.0819302705169238,1
ZAP1,0.0240676344370368,-0.00611072273518133,0.0390508547650324,0.231316019264568,1
MBP1,0.000570389651627992,-0.00369001806201882,0.0416729508377873,0.14152639909994,1
NHP10,0.0142085303084225,-0.00437293388950725,0.0416975626850646,0.167739069154283,1
SHR5,0.0030723305274377,-0.00381492803700661,0.0420287755772503,0.146571748575739,1
SRB8,0.0369429481478563,-0.0106814337285127,0.0421052410411252,0.410539708884234,1
ASE1,0.00491256496727624,-0.00284384497659766,0.0423096316004077,0.109411466350533,1
OPI3,0.0942030857281083,-0.0170232606329257,0.0426482265235321,0.656011172180843,1
SEH1,0.00842657563313311,-0.00619014206059142,0.0426949942705118,0.238598166703477,1
TCO89,0.00868861434946879,-0.00653534196827418,0.043521118545079,0.252903422058153,1
DEP1,0.0172488238369034,-0.00833186707966878,0.0441476718209717,0.323384576314652,1
RCY1,0.0487960279679676,-0.00950865095604762,0.0449131355494004,0.370387976247546,1
SNF6,0.0132227988951321,-0.00783999552775851,0.0456713927097069,0.306466889352049,1
NAM7,0.0900932741311276,-0.0095749591198702,0.0457234356585513,0.374376930009199,1
LDB7,-0.0217094966176107,0.00470405558165188,0.0463148578587217,0.184427564356438,1
CCR4,0.0599641198255091,-0.0107947262361996,0.0484468773952288,0.427313131531616,1
RPN13,0.0232695758317317,-0.00727637848561327,0.0487423708587646,0.288416594229538,1
CST6,0.0885331764355516,-0.0131061169882163,0.0493006239379418,0.520775662621054,1
PEP7,0.0348710092244545,-0.00757732296363455,0.0500260807083187,0.302046549157758,1
GSY1,0.00208132342220829,-0.00260086552155363,0.0518999541707345,0.104517211343704,1
RNY1,0.039827989407163,-0.00729229808337946,0.0519429939976615,0.293098815799639,1
CHD1,0.0060191206012841,-0.00405346722555346,0.052225179150735,0.163116571349997,1
HFM1,0.0123630698594328,-0.00456561366759253,0.0523295308691046,0.183807440614912,1
NMD2,0.0869673996617352,-0.00934764110290646,0.0529615068767237,0.377334777193884,1
PEX22,0.000429639741559195,0.00272531282645783,0.0536865538423041,0.110347525447081,1
IRC25,0.00919964013787405,-0.00443048599121865,0.0539001486931806,0.179549752619825,1
NGG1,0.00818458660020645,-0.00857066016134409,0.053922867317493,0.347367231754525,1
YPT6,0.0489342839295257,-0.00899267613906698,0.0547274630856058,0.365690255387366,1
TUB3,0.0334685429944172,-0.00641997433919732,0.0571409306394269,0.263651758657182,1
PFK2,0.0480273025816318,-0.00951811338424986,0.0573223092356651,0.391169457410165,1
UBC4,0.0137239231316597,-0.00551293255935125,0.0585376621111037,0.227668714429614,1
SWI5,0.0009324173945795,-0.00313447054735633,0.0588291785738333,0.129594406634942,1
DLS1,-0.0031426811669756,-0.00324325334556221,0.0602347369041955,0.134834126665039,1
CAC2,0.012082198982299,-0.00630106414218829,0.0615990730362624,0.263346681279394,1
BUR2,0.00813589638028195,-0.00962363179974423,0.0628121486824965,0.404080968725007,1
SWD1,0.0058455516182818,-0.00509254483313846,0.0656193377164085,0.216093778240835,1
CTF19,0.00750015115795682,-0.00248809200612973,0.066961399367551,0.106101665863298,1
URC2,-0.00376115166004568,-0.00344289755299617,0.0675259799591772,0.147121517362828,1
RAD57,0.0224995260123063,-0.00378231492886785,0.0675391775572677,0.161633241630558,1
SKN7,-0.00142256014576945,0.00372727440373046,0.067771600270103,0.159416055668955,1
SNT1,-0.0105304057370994,-0.00421413765219039,0.0680115052300605,0.18039653118892,1
BCS1,-0.00332381090056983,-0.00293444770287888,0.0683469178459144,0.125769147168057,1
DMA1,0.00156299918787146,-0.00387144477459856,0.0685990327719671,0.166079838128823,1
CHO2,0.0727796029548885,-0.0112089925153162,0.0688891982108772,0.481354764184015,1
ETP1,-0.00405303412102915,-0.00281232091892577,0.0700309922332606,0.121267053670165,1
IES1,-8.56873054319653e-05,-0.00276789405468661,0.0700857706760131,0.119374716783334,1
RIM1,0.0336539373780358,-0.00719626454871297,0.07226479372449,0.312765454131826,1
VPS15,0.0622562523218213,-0.00972230268972256,0.0734094125155465,0.424245241547296,1
MCM21,0.00863553663154968,-0.0023676331966644,0.0735705544027798,0.103372604290804,1
BRE2,0.00382900893274113,-0.00485755273325917,0.0736580458642319,0.212148750225725,1
ELA1,0.00831253897360397,-0.00292623772736169,0.0741446993823451,0.128016136553279,1
SSM4,-0.00117905350595819,-0.00266425378789871,0.0751717173605986,0.116967990799793,1
UBP16,-0.00667930906309301,0.00302694272252397,0.0780904018808836,0.134214340486411,1
DBR1,0.00764460221177208,-0.00329119890327257,0.0787932670324278,0.146275563576867,1
SWD3,0.0109450026192432,-0.00546590865020441,0.0801410417351588,0.244021219251271,1
SLX8,0.020878977098843,-0.00703556959387299,0.0802116032745622,0.314170898298523,1
FAB1,0.0113478908432489,-0.00385315982842835,0.0806744185526704,0.172324898921226,1
YDR306C,0.00344008796062388,-0.00266328832621727,0.0824533391250013,0.119807355486801,1
IXR1,0.000632633821377926,-0.00442877018071813,0.0848912234236479,0.200804701041333,1
INO2,0.0423378518856152,-0.00861062429314345,0.0857945274409207,0.391544510400841,1
RAM1,0.0779320275016605,-0.013596983906074,0.0865150091743475,0.619705903818241,1
SRV2,0.0824162663033818,-0.0112342897128461,0.0875700349063502,0.513736012835961,1
SDS3,0.0161350917327058,-0.00704802298293498,0.0887057171636941,0.323454853181327,1
UBC8,-0.00136597058585899,0.00292024851619475,0.0887188153679879,0.134024442696074,1
KAP123,-0.0099465551543566,0.00398481986201486,0.0892414904207783,0.183182326616854,1
PFK27,0.0292957393358175,-0.00666228795793272,0.089393608779365,0.306411245098646,1
RAD54,0.0157220005140132,-0.00362815318000303,0.0894848754990026,0.166913196099707,1
UBP15,0.00465971870546962,-0.00433315683172867,0.0898325062179508,0.199563104491906,1
YPK1,0.0335566668271437,-0.00703336875147419,0.0902843875306553,0.324376789333049,1
KAR3,0.0186930913137231,-0.00549630877934237,0.093357920044416,0.255898938880386,1
MSH1,0.00362218712120289,-0.00369552924874877,0.0934039065845015,0.172081814311363,1
WSS1,0.0104517029978928,-0.00334933793769476,0.0936952588159302,0.156100115875581,1
SIS2,0.0324372386746156,-0.00701087235355806,0.094113443942825,0.327166751301565,1
VPS3,0.0194981841060821,-0.00590348323061055,0.0947661632207247,0.27603605447583,1
SAC1,0.00350544463342657,-0.00357373734698273,0.0950881019410798,0.167264333915665,1
NFI1,0.00804382627883741,-0.00302640597740274,0.0987909084502569,0.143226739355066,1
SLA1,0.015672981652373,-0.00430254252404069,0.0989017535848232,0.203687716229361,1
IRE1,0.000422408387223523,0.00390845376436136,0.0993233497647481,0.185262213731653,1
CHK1,-0.00457364931057967,0.00362670176646124,0.0996755922166834,0.172086116517291,1
UBP6,-0.00219665773480563,0.00273731410229616,0.0997012382194577,0.129894723959158,1
URE2,0.00801059528184806,-0.00441398066213867,0.100236204898574,0.20978881673281,1
GLN3,0.0254647524093974,-0.00538751444885172,0.100311885048709,0.256116239136665,1
PHO13,0.00486708788533372,0.00254035461681918,0.100456773155415,0.120817030668887,1
GRR1,0.086454715130426,-0.0122420783344116,0.101512611006902,0.584028634290647,1
PIF1,0.00658686347369184,-0.0028402794698575,0.102104518532678,0.135734770727789,1
HCR1,-0.00106580832948354,-0.00435528968585526,0.102737109023262,0.208519831796155,1
PUF4,0.00536951223167153,0.0022960034423128,0.103079284892376,0.110035979734234,1
ELF1,-0.00343184403916047,0.00480865813054445,0.103250900302148,0.230569793294712,1
YAP1,-0.00292603472378551,0.00241221816806184,0.103535585768952,0.115758677679579,1
TSL1,0.0152539734942855,-0.00641433656479133,0.105362964571606,0.309441233042895,1
FPK1,-0.00275096112854233,-0.00250795112173492,0.105723034521438,0.121113991384323,1
MKK2,-0.00457566869934865,0.00240155230581043,0.107355674652545,0.116517989800092,1
CAF130,0.00541949701776497,-0.00296077553092821,0.108078430107524,0.143945592690243,1
PSR1,-0.00638340186945507,0.00291431390646405,0.108415968491317,0.141822384723906,1
MMS1,0.00506047236939809,-0.00321708029940693,0.113167245592428,0.158655540472962,1
UBA3,0.00676871786631027,-0.00258897220770779,0.114195336183058,0.128043382471982,1
PFK1,0.00383830694218238,-0.00438951641573127,0.117096899412231,0.218830551905053,1
SIR4,-0.0146213526138549,0.00563176474501849,0.117158620129311,0.280807676896283,1
PTK2,0.00267410714557705,-0.00232662510334735,0.118997140675221,0.116590458590636,1
NCE102,-0.00914657747030214,0.00291894781200001,0.120475477652293,0.146858234763315,1
SWM2,-0.00634261631777292,0.00278660466298596,0.124488538368395,0.141713020518796,1
SBP1,0.000996778995046329,-0.0032948576872774,0.124656753970966,0.16763511434564,1
IES3,0.0145796506313984,-0.00403205166881083,0.127318828574754,0.206589448168136,1
SWA2,0.0605663704548347,-0.00856075714330178,0.128404705820047,0.439877440505488,1
MOT3,0.0187513516953841,-0.00360879429531341,0.130302406511933,0.186351650369514,1
YLR352W,0.00924992293731317,-0.0025398142053248,0.130669884576307,0.131276841030827,1
PSY2,-0.000452803686270024,-0.00274440184212698,0.130937156892205,0.141950009821529,1
STP1,0.0263564719743378,-0.00677746649574615,0.130967616672758,0.350581870519591,1
SNX4,0.0123693378679096,-0.00228925689038142,0.13201914751538,0.118740891053746,1
SIF2,-0.00342416055983562,-0.00332724313528773,0.135098572986184,0.173953661877015,1
LOC1,-0.0215526672353699,0.00503257385694442,0.135381307682973,0.263301685902766,1
VID28,-0.0136016514435045,0.00325243876709426,0.136927732983327,0.170839211992466,1
SLX5,0.0569366046705339,-0.00790635588357256,0.137546708366827,0.415947882361109,1
SIW14,0.00182024920339345,0.00286557704199079,0.138574456243387,0.151149848902414,1
NOP6,0.00447535511067317,-0.00254912161952265,0.140732588578163,0.13519296510557,1
RPL16A,0.00846107345912296,0.00318976774880723,0.142674062493325,0.169996488119016,1
LSM7,0.00369710257640411,0.00397173865216535,0.142711957424572,0.211691177976676,1
RME1,0.00117312543180547,0.00210421193246029,0.144071574344702,0.112534880922882,1
CHL1,0.00315123494069865,-0.00188690472598679,0.145793415524066,0.10134637852948,1
NCS6,0.00806563533397806,-0.0037631331270638,0.145998639093438,0.202222283450316,1
DCS1,-0.00241196484801455,-0.00271693355960419,0.14636577829434,0.146134847923679,1
YIL014C-A,0.000603604412491239,0.00192407969434987,0.146485053388504,0.103520457569264,1
CYC8,0.208635002956349,-0.0158549833588447,0.147595330925287,0.855385115251343,1
PDE2,-0.0103203506665935,-0.00407368633693304,0.148565418587188,0.220304168635912,1
MET18,0.00473988671755559,-0.00344639293521542,0.149858738785451,0.186974006489258,1
DOA1,-0.00909276047003455,0.00328749301319787,0.151089978787286,0.178892412792587,1
KIN3,0.0108233309344356,-0.00313749856720014,0.153830637059074,0.17187515477288,1
HNT3,-0.00335667898564303,0.00218412595277625,0.154431554927845,0.119823211289245,1
MIG1,0.00918803769597756,0.00264157815359933,0.15443432116428,0.144920443502368,1
RLF2,0.022356189720788,-0.00356836783692781,0.154765664101215,0.195922728985435,1
RIC1,0.0283986936809452,-0.00407597267973835,0.155988186112091,0.224456258890509,1
TEL1,0.000727616357811369,-0.00189689087732176,0.156239221262601,0.104521646391448,1
ARG80,-0.00702352782099328,0.00233117696902157,0.156309042743592,0.128473152315578,1
DDR48,-0.00424598971562109,0.00312712913843481,0.157051603835321,0.172647831709705,1
PPG1,0.000506440762592434,0.00199968019728863,0.164256478167411,0.112319723686445,1
CAR2,0.00195041386451193,-0.00285922406959754,0.16435626465769,0.160637305362313,1
SKY1,-0.00122062311802456,-0.00316075615825927,0.165724502227299,0.178154031097354,1
CLB1,-0.00699127714297366,0.00250388252295901,0.169173283415083,0.142280473998664,1
SAC3,0.00760257462702504,-0.00492380608928607,0.171746946486989,0.281479995729206,1
ASK10,0.00236248001000523,-0.00297470866134508,0.17273607630545,0.170448230898714,1
MSN5,0.00620652265404011,-0.00454505679890759,0.173547223669623,0.260919873378296,1
ERF2,0.00763633461814949,-0.00209042870364784,0.175800677077545,0.120635127697216,1
CKA2,0.0118097806747521,-0.0040914026742917,0.17608464452028,0.236263195794145,1
LEO1,-0.0107444122624081,0.003131031244486,0.176579115083393,0.181012214512141,1
MSI1,0.0130454543072979,-0.00356051760245485,0.177320552002002,0.206194660903995,1
MSN2,-0.0052959748851947,0.00248931113878719,0.177819103191035,0.144325480734525,1
STE12,-0.00973923404871934,0.00295476362565601,0.180282090568416,0.172285090166649,1
CAF40,0.0151473507785548,-0.00291464099744988,0.180630908215463,0.170081732630266,1
CSE2,0.0233133264235665,-0.00499540343560059,0.181360931848073,0.291991386981267,1
RPB9,-0.00909381499377352,-0.00709703736356643,0.181587927645077,0.41505187938205,1
HEL2,0.00761284087509772,-0.00231691361140644,0.182405985127237,0.135752611488785,1
RAD18,0.018416105193704,-0.00347077537134109,0.183171770435746,0.203715884133428,1
GPA2,0.0185976071598048,-0.00332959107804391,0.184705303572239,0.196113833848896,1
EST3,0.0296096343873975,0.00520040155677419,0.185206839130992,0.3066550332009,1
RRM3,-0.000934964878640574,-0.00230173468064679,0.186372524600457,0.13608786152593,1
YCK3,0.00356153087754838,-0.002314545579108,0.186401694357112,0.136854359548532,1
SRO9,0.011995618860766,-0.00369064524372907,0.188247488701601,0.21913557086189,1
REG1,0.0723106868709042,-0.00861900768487756,0.190370773295515,0.514223518513497,1
HSC82,-0.000590268419343709,-0.00242885455705679,0.191800716087868,0.14537699762298,1
HSE1,0.0236176288993444,-0.00521086494656416,0.191826417595074,0.311909878019791,1
PTP3,-0.00744225310856887,-0.00220020495493126,0.193181788169976,0.132100969218957,1
STE7,-0.00285521753309268,-0.00327061744725311,0.193532522804843,0.196523576641812,1
STP2,-0.00619814705819861,0.00207517138069507,0.194426044558547,0.124942279426432,1
TFB5,0.0113718389885276,-0.00390550745340845,0.197104940134355,0.236557026053667,1
RIM11,-0.0047023449995877,0.00231815236872208,0.198145841169071,0.140737209801611,1
RMI1,0.0217510339500435,-0.0030501883812115,0.198373893469269,0.185273960717371,1
ESC2,0.0246381681596221,-0.00381370452410847,0.19994098564761,0.232460842527701,1
CGI121,-0.00085064084773358,0.0032415417196634,0.200576913843841,0.197864652089028,1
ATG23,-0.00510991965755826,0.00241608697409138,0.203478438606011,0.148430427065361,1
INO4,0.0448266115898451,-0.00708933530475297,0.203960659016229,0.435992601658966,1
DEF1,0.0164728788894887,-0.00640129648063936,0.206668252098846,0.396038068168066,1
GTR1,0.00613669282021224,-0.00299711485463124,0.209477456695883,0.18657586091395,1
ABF2,-0.00491097465087064,-0.00180523589931454,0.209783226088654,0.112454668612128,1
HIR1,0.00401620316832389,-0.00192906444226528,0.212030952207618,0.120761750258699,1
OPI1,0.0418303219963705,-0.00590101774157312,0.212516360765062,0.369803285068462,1
PBP1,-0.00309118865753019,0.00213315825443012,0.214462081771084,0.134249545786769,1
IKI3,-0.00698695554212251,0.00286036721134891,0.214816503896007,0.180155414988692,1
IRA2,-0.0388374115853054,0.00578540124687634,0.215248760408476,0.364727362293748,1
CMK2,0.00538640418692024,-0.00181813825743713,0.217812516534688,0.115261787203248,1
NEW1,0.00488389690952663,-0.00261327182662712,0.219171273336082,0.166159295755644,1
RPS0B,-9.24711913093189e-05,0.0034653640351202,0.219426405724669,0.220459770697317,1
MET13,-0.000781303051598167,0.00161780906743956,0.219499237253839,0.10293815386408,1
OCA2,0.00259988527901521,0.00218512498055671,0.220192019857178,0.139244439828357,1
STM1,0.00162486586923252,-0.0024232748781578,0.220792933321946,0.154621473651479,1
BRE1,0.00618168552991157,-0.00460882821070596,0.221144620212365,0.294298783395311,1
YPL199C,-0.00822054531104801,-0.00269051280290283,0.22252403367993,0.172317492879521,1
UBC6,-0.000241043684333062,-0.00181643382752576,0.223028276371251,0.116462818026609,1
HTL1,-0.011670073543422,0.00401732487310292,0.223045049128296,0.257584905506974,1
HAP5,-0.0101194193726267,-0.0019830487209719,0.223665039661777,0.127320567769022,1
UBP3,-0.0093068386562797,0.00540121209690767,0.223983889286407,0.347020745813575,1
PCL8,-0.0164647034279117,0.00243661380461621,0.225065812938572,0.156915133324336,1
CIN8,0.012032253546365,-0.00267419204547766,0.225981913507908,0.172555326975026,1
SGS1,0.0188853468149402,-0.00291856603957596,0.226921329530781,0.188705240199721,1
EXO1,0.00272038158488768,-0.00236767480691793,0.227042137206895,0.153126171159167,1
MAK31,-0.000108838162908175,0.00156823594195515,0.22733457390733,0.101487392895991,1
YLR278C,-5.58685004088278e-07,0.00181274180110184,0.229340129479168,0.117817285138779,1
UBX2,0.0312707346421014,-0.00376976788292309,0.229467468707778,0.245079187632865,1
RPN4,-0.00751601136154087,0.00263814165759511,0.229710169427177,0.171599589230532,1
URN1,-0.00575149108301491,-0.00269467632088504,0.22971042112728,0.175277016799515,1
SAP30,0.00779451799138039,-0.00445620270757362,0.234100965274688,0.292596089685136,1
NPR2,0.00896680586983347,-0.00163389495167909,0.234923438027881,0.107470973006278,1
MGA2,0.0471714073279867,-0.0046030712731081,0.235973192093341,0.303450876730538,1
MDM30,0.0133431619470755,-0.00259429027167179,0.237215174162542,0.171478653387527,1
ECM30,0.00264917635299083,-0.00208061694466383,0.238328696060358,0.137852412157115,1
HAP1,-0.00910073344346309,-0.00181887858359677,0.239323948401928,0.120766478821832,1
HXK2,0.0348425922730853,-0.00407706757548615,0.241244061799352,0.271809296262934,1
HAP4,-0.00265309382562075,-0.00209206522931304,0.241605191696497,0.139580550403717,1
JJJ1,0.016079799972252,-0.00251987228919003,0.24537828127395,0.169474691254801,1
RXT3,0.00370543885295219,-0.00261534346121134,0.245993602036166,0.17612503347704,1
AZF1,-0.00207136091045235,-0.0018460292169149,0.247606195750206,0.12474213087026,1
BMH1,-0.00656744798895103,0.00305614746618756,0.247815353365555,0.206605090441917,1
PCL6,0.00449628919735114,-0.00228778365904693,0.248408055536072,0.154855252886304,1
IOC3,0.0056618657410658,-0.00196004570431589,0.252522455817871,0.13382871663587,1
SGF73,-0.00631222589229014,-0.00397602149953819,0.253360171410714,0.271955972326138,1
VAC8,-0.0120488585149998,0.00319771509182828,0.255133543308171,0.21953888741198,1
SEM1,0.00161377774080924,-0.0035128592844719,0.256541647016985,0.241890568442017,1
RTG1,-0.00799168534331847,0.00227274358092794,0.257136707973558,0.156693852244563,1
YGR122W,0.00113169393643344,-0.0023972672748743,0.262014708982799,0.166980165832905,1
OCA6,0.00312266830344228,0.0019970999770412,0.262262085081589,0.139178909525426,1
PMS1,-0.00574411610507027,-0.00137933472194945,0.26342334922938,0.0963607155246078,1
XRN1,0.0747885225856114,-0.00887875971065003,0.265257497839105,0.622659154861617,1
CDC73,-0.0177932202643993,0.00493510951760312,0.265556055062059,0.346310923036529,1
ARG82,0.0237818980791547,-0.00544667877255818,0.267570752633464,0.383823009920744,1
CLA4,0.000549480727331651,-0.00177408776988899,0.27102279989066,0.125923158059528,1
VPS8,0.0146608947531246,-0.00400491090974145,0.271426122834054,0.284504335427377,1
BRE5,-0.0115560549754554,0.00397568081471427,0.271553492983125,0.282502931711173,1
EST1,0.00231092237725948,0.00177434530017915,0.272786902021413,0.126405784184193,1
VPS25,0.00487360042873373,-0.0039087039112526,0.276985360064965,0.28090582573727,1
HER2,-0.00321714310411463,-0.00127086670443891,0.277121049414656,0.0913588564164881,1
APQ12,-0.00662439579929147,0.002501670622828,0.279542136699329,0.180746007622126,1
HUR1,0.0324226901035926,-0.00362302648114839,0.282839401449464,0.263564459785361,1
NKP2,-0.00741670683730376,-0.00229046678413576,0.282877301166354,0.166637804206292,1
VPS9,0.0156345343130898,-0.00259731136359536,0.284110980201383,0.189446451825462,1
YAF9,-0.00613964866771409,-0.00265241197975192,0.284223980909043,0.193510867351743,1
VAM3,0.00162101218749344,-0.00147197955791353,0.28773110545882,0.108175186973129,1
ARX1,0.00918413326217125,-0.00223657568195085,0.288930863503748,0.164774608494227,1
OCA4,0.00532458490570198,0.00184876106594734,0.289840822212539,0.136460512288885,1
SSK1,-0.00112323833524889,0.00162063875077722,0.292652428659948,0.120321559330174,1
RIM101,-0.00317104918117815,-0.00238636813437027,0.294458647431597,0.177836045334321,1
UBR1,-0.0131864835165734,-0.0026754625030298,0.294952663266443,0.199583941774874,1
RAS2,0.00623309152632292,-0.00180957563366256,0.295727138838763,0.135207266600475,1
POC4,0.000856758918318325,0.00263798445983546,0.296088588812158,0.19725162039625,1
MAC1,-0.00360875703144195,-0.00167673530512688,0.29672179003061,0.125540034158769,1
POG1,-0.00411851995843671,-0.00216328318411046,0.298141195835298,0.162445328634177,1
SYC1,0.00544849543313148,0.00218264170588218,0.298932039194059,0.164167496403165,1
APC9,0.00707927313368463,-0.00162162661561626,0.299362599245031,0.122079452301648,1
MSG5,0.000166930636865398,-0.0018617658902261,0.299403693446528,0.140169560391134,1
BUD21,-0.00193442550995365,0.0023549686582829,0.300181864238402,0.177587794446714,1
ASI2,-0.0077973946216365,0.00186683035380922,0.300341217572727,0.140823792393858,1
IST3,0.0024485778020524,0.00242232515808805,0.301853409679434,0.183299955688474,1
KAP120,0.0280786741292271,-0.00348054564182369,0.302820080925923,0.263903821973933,1
LSM12,-0.00387717984321108,0.00216588791384029,0.305897552534264,0.165271643700478,1
TMA22,0.00304378576571476,-0.00194198959164503,0.308972841266078,0.149131874207686,1
VHR2,0.00151890624582797,0.00127894285077286,0.30959784675844,0.098341268753608,1
PPH3,-0.00745045602084115,-0.00209269927446662,0.309794098645882,0.160978423465421,1
DST1,-0.00505583620501803,0.00178857006335509,0.310403613060325,0.137757089167034,1
IES2,0.021007225012394,-0.00344613349727921,0.312344484591336,0.266490830434999,1
CSM3,0.00289226834206175,-0.00134695856893756,0.314244554737242,0.104570652266713,1
GPH1,-0.00978116684118012,0.00195597154410812,0.31523165008079,0.152161240767625,1
NUT1,0.0166593777265162,-0.00237732008725823,0.315891042158247,0.185191466649469,1
PEP5,0.00497073290498156,-0.00308271034606779,0.316560362708808,0.240473231484431,1
YHR033W,-0.00257817769516767,0.00172996468295154,0.316857912581597,0.135032498535102,1
RAI1,0.0240629584775757,-0.00368543017042541,0.317148039540856,0.287839000479604,1
IOC2,0.00592496039731012,-0.0017933666334958,0.318126246769264,0.140348722193646,1
RCM1,0.001452374619832,0.00251770992544156,0.319202208423928,0.197474369720017,1
PML39,-4.90655755243188e-05,0.00131397768617588,0.321074253347311,0.103460178610669,1
HAP2,-0.0113076461811554,-0.00191710258189645,0.325558140403102,0.152354554179841,1
MFT1,-0.000277975877707546,-0.00205975973297092,0.333193213082346,0.166296578579424,1
ACE2,0.00146055603908364,-0.00230354593257046,0.333501932040496,0.186097694975161,1
SDC1,0.00310427233576176,-0.00242215177817367,0.335877322171383,0.196643695834068,1
HOS3,-0.00181650744416718,-0.00144980652852141,0.336982021058667,0.117972743760023,1
SRN2,0.00102235854937678,0.00160684149781879,0.338338879099093,0.131118664972665,1
UBP13,0.00258672600906125,-0.00168399249160434,0.342216508972223,0.138522190494412,1
GZF3,-0.000973733335280496,-0.00124627456013661,0.342860485784477,0.10265317977256,1
BUL1,-0.0029016377747624,0.00206105221872791,0.343276652028708,0.169911274036338,1
RTG2,0.00491936335952236,0.00219959061354211,0.343490162487877,0.18141250413143,1
NTH2,-0.00336922750435502,0.00231228493269274,0.346080542468477,0.191733837379079,1
SWC3,-0.0099628101369243,0.00161952305303377,0.346084631998663,0.134291409533476,1
SLX9,0.00374860565027724,-0.00189853275290312,0.347549849085801,0.157906099334747,1
TRM1,-0.00342975561741151,0.00131482318981364,0.348180510676303,0.109500561070003,1
SNT309,0.00402219012740791,-0.00319244103115414,0.349149220034183,0.266406477272303,1
FKH1,-0.00655810791760095,0.00173744790916494,0.35530016461705,0.146852597041023,1
PRE9,0.013622165961637,-0.00337028703790212,0.359388761000735,0.287296355243192,1
DAL81,0.00753496836583409,-0.00210740381144179,0.360619344643041,0.180104093747182,1
PTH2,-0.00468950514666153,-0.00133130432747448,0.363577779601815,0.114480070995791,1
SCS2,0.00150683800839054,-0.00154228869851357,0.366624569831999,0.133468229378622,1
SPT20,-0.0228792909288649,-0.00520165389921273,0.367374099147014,0.450851026261923,1
ERG2,0.023661989380101,-0.00289057412398271,0.36782897207146,0.250777242800277,1
LCB5,-0.0101339176745266,-0.00150869414491193,0.367867785886867,0.130900230321512,1
SUB1,-0.00377616552768185,-0.00151284129178634,0.3704248745716,0.131963050035976,1
VPS1,0.0214783687734789,-0.00235051058816153,0.376989870395173,0.207868358674665,1
OCA5,0.00461652573938759,0.00148159129576154,0.377569867075792,0.131184527677352,1
DSS1,-0.000107304513557524,-0.00120598605970254,0.383441262005234,0.108106041257318,1
YPT7,0.00322669561787717,0.0014482678118192,0.387003918001518,0.13080146652018,1
HOG1,-0.00569849348072933,0.00159971225877232,0.387478882234416,0.144623928811393,1
SET4,-0.0121398500729428,0.00197478541544128,0.389614076105211,0.179338306634577,1
OCA1,0.00114232189179253,0.00165396090384879,0.392174179082341,0.151016816384991,1
CTK1,0.0154655741973015,-0.00534768266161584,0.39332332447488,0.489463432161029,1
PUF6,0.0163505292598919,-0.00195523884980813,0.398280348346304,0.180847085490796,1
THR1,0.0208531306540999,-0.00237195743991758,0.400586257721493,0.220466739775164,1
FZF1,0.00145086166929376,-0.00116170008558411,0.401550245452253,0.108198005451887,1
TOM1,-0.00550483099621859,-0.00204768675536249,0.401746959058452,0.190796428848068,1
TMA23,0.0123059789647146,-0.00224982322993788,0.402199714708793,0.209832576160389,1
CTR9,-0.0133230885035001,0.00499114106194629,0.403278071944894,0.466573355860258,1
KDX1,-0.00359410364396463,0.00113946250706387,0.404786110354745,0.106859602763284,1
SAS5,-0.0142851892047966,-0.00131951052511461,0.412314373808095,0.125748669891704,1
DOA4,0.0311838624085066,-0.00281740654112124,0.413135562331022,0.2689696648687,1
SNF8,0.007025895289925,-0.00275775472430588,0.414136612657044,0.26383987477204,1
YKU80,0.00450036734476634,0.00121964869621233,0.41519029046062,0.116950000050673,1
PBA1,0.00238415166782019,-0.00109790055177693,0.415771751182533,0.105407124836093,1
SAM4,-0.00997782800784965,-0.00229274623520512,0.417267588381504,0.220829466730672,1
UME1,-0.00436113743183514,0.00139220104529848,0.424352325366059,0.136152905462156,1
GPR1,0.0177849019684245,-0.00272376425191813,0.425676533022174,0.267138543500382,1
THP1,0.0405287356228426,-0.00396658981199685,0.426201847590424,0.389473060824225,1
CPR6,-0.00396455178597527,0.0011635130100306,0.427289578182246,0.114512538502537,1
MUB1,0.00174774052326103,-0.00143501616953001,0.4303055868308,0.142159570126004,1
LSM6,0.0115650651536651,-0.00264160070374104,0.43039272799886,0.261739076519567,1
HEH2,-0.0101241241898975,0.0013475541937663,0.43113070052447,0.133734371936215,1
SNF2,-0.026574379671963,-0.00336803235435244,0.432918913595698,0.335552047368141,1
MED1,0.0201142320608463,-0.00265462806981532,0.433036398990889,0.264544193354158,1
URA7,0.00610264618775848,-0.00122334212997823,0.434740971934216,0.122363793035904,1
HOS2,-0.0125937900399862,0.00135166015135882,0.435194444388873,0.1353322592066,1
CBF1,0.0275443851077986,-0.00313621178275397,0.435865724934259,0.314466436688901,1
SET3,-0.00660548391487214,0.00158410503691281,0.435971989687352,0.158874231354215,1
RCE1,-0.00524268374813952,0.00125480737653031,0.437839664965868,0.126361752363992,1
CUP9,0.000941339579934043,0.00102954538508684,0.438700819165169,0.103872536235781,1
TGS1,-0.018143346830568,0.00191713469963368,0.440768267955576,0.194299203723981,1
THR4,0.0236493472223112,-0.00204922048645691,0.440905865241011,0.207748484886964,1
ROX1,0.00717412717140085,-0.00173722826873093,0.441592771025172,0.176384002264058,1
SSF1,0.0165870261026941,-0.001570787427601,0.445172092874722,0.160742076659448,1
GSY2,0.00262062869609464,-0.00117435383368845,0.448600257026896,0.121084199912951,1
CIN5,-0.00677062729282397,0.00105677569005416,0.449311601863313,0.109132091101481,1
STE11,-0.00739724134392454,-0.00176192109920695,0.452593538804979,0.183275634514347,1
RAD5,0.00490808049512404,-0.00169009599233705,0.455656918743022,0.177001758173633,1
ARP8,-0.00670125029135347,-0.00246639657730832,0.460444666519838,0.261068414602587,1
EAF3,0.00462034759214772,0.00145491770535198,0.46200254590392,0.154539557094659,1
SCP160,-0.00670834742201045,0.00120884039895743,0.464317949434994,0.129068013960548,1
HMO1,-0.00615765915571131,0.00195167949128531,0.465240792896478,0.208812173883098,1
MSC1,0.00158750187323151,-0.001377013611801,0.465442591217498,0.147394729702213,1
STE14,0.000308173771223026,0.00124505754080985,0.465468364899599,0.133277928071634,1
BRR1,-0.00822791829560652,0.00131582902835164,0.468444837285095,0.14179800926761,1
PPT1,0.00130436435001343,0.00115250399550262,0.469733056712664,0.124558074684276,1
PEX4,0.000809236575285087,0.00165873419419655,0.474390596143376,0.181164040639362,1
GCN4,-0.00622362001236449,0.00143027784499911,0.476145229387559,0.156834547063597,1
SAP190,-0.000553655957006701,0.00147597341025757,0.476482383591942,0.16196900647313,1
PET112,-0.00607313710993869,0.00094216354957561,0.477739207419823,0.103685644042824,1
PPZ1,0.000964074360142809,-0.00111606073446556,0.479760329220662,0.123388936499276,1
SNF11,-0.0080380304752428,0.00119743451653398,0.481312238749913,0.132854402774802,1
DHH1,0.0129010807764508,-0.00263255583934145,0.481591097150401,0.292265815525886,1
NPL6,0.0353504493747533,-0.00338191038741559,0.481971957926686,0.375785456876896,1
APN2,-0.00271263815979776,-0.000884094861668034,0.483001234183973,0.0984685654101994,1
UBR2,0.00272845198339805,-0.00172187183469501,0.492328898591943,0.195933067412078,1
URM1,-0.0125235742015508,0.00247509732518168,0.497688506409938,0.285164475264166,1
SNF4,-0.00426047386350005,0.00131604696195428,0.497904136519542,0.151702376941543,1
SRP40,-0.00235646238785525,0.00161561283764987,0.498214190306438,0.186368132931007,1
BUD22,-0.00090745389983576,0.0019127144598811,0.500293524433613,0.221711992336716,1
RPA14,-0.00645769174964056,-0.001175707743677,0.508016571804746,0.13877302972428,1
BAS1,-0.00378361742638792,0.00114534614867492,0.508920096427309,0.135477752572151,1
SXM1,0.00252709224495683,-0.00128257898148132,0.50919728072076,0.151809692638009,1
ELP3,0.00326027427102816,-0.00183716961897218,0.50968018794401,0.217700760424334,1
UBP10,-0.00308626594501997,-0.00236785376725763,0.509704525297678,0.280601856355559,1
MFB1,0.00015171019371279,-0.000988790118628571,0.509790550733908,0.117200118444805,1
IRS4,0.00347307445240537,-0.0011921387119203,0.510455219664625,0.141524974526247,1
CUE1,-0.00378338426835648,-0.000905189658291991,0.515289324291425,0.108699392910826,1
FRA2,0.00362513599417832,0.000925516719312333,0.516245115822959,0.11139368769694,1
LEA1,-0.00460490817034487,-0.00158863239183451,0.520488343956922,0.193154687081963,1
ARG81,0.00138791688363481,0.000880968446865074,0.520669160610599,0.107159457288346,1
LGE1,-0.00475697280424955,-0.00216024262031992,0.52142644307445,0.263246063471257,1
IOC4,-0.000321986319083702,0.0010846528853424,0.522545486559162,0.13253112784584,1
VPS36,0.00469256701416748,-0.00216285798742832,0.52365495106827,0.264980993638272,1
HDA1,0.020309766285086,0.00143025205357941,0.524124069604332,0.175424468911002,1
SKI3,-0.00940440317960582,-0.00123445531931603,0.525406720859114,0.15187866754096,1
SAM1,0.00477728244909524,-0.00120036685744134,0.527026896643377,0.148264229612853,1
NUP120,0.0169972407359855,-0.00162957541561631,0.52735073050312,0.201436106510642,1
RTS1,0.00956752494719356,-0.00149643505596554,0.533862447678845,0.187932256007873,1
SPT8,-0.0184145110139932,0.0019198176480663,0.5345294988468,0.241497164861813,1
RPA49,-0.00456506955645898,0.00147351105086764,0.536972072396861,0.186468840138197,1
HFI1,-0.0223667057003213,-0.00352492990602018,0.539010979894942,0.448313437501052,1
SET5,0.00324516312732534,-0.00103275027893885,0.539028964693316,0.131354766696387,1
PHO80,-0.000575532773176188,0.000914628939343907,0.541230349598196,0.116964798238729,1
EAF6,0.00348588263270723,0.00102282526562767,0.543002350303428,0.131376288778926,1
RSC1,0.00522198437595759,-0.00193868891743988,0.543033126116769,0.249032946580225,1
RPA12,0.000409827658718523,-0.00127684153138415,0.544652746661428,0.164676581288738,1
RGT1,-0.00214589283555736,-0.00102008564832959,0.549037870795619,0.133009206011089,1
YIL001W,0.00394425316821418,-0.000687810055643258,0.555466791088492,0.0911462140689654,1
SIR1,0.00294094292198772,0.000854831987272986,0.55774680451814,0.11393578656052,1
KSP1,-0.00444480117065614,0.00107329458468252,0.560604187368633,0.144097528553112,1
GPB1,-0.00459086619441099,0.00152672851417395,0.562057450113061,0.20573657663936,1
VPS28,0.00612467381347553,-0.00169847085595985,0.562665343645309,0.229236254751554,1
AFT1,-0.00504273219487931,-0.00123322460062674,0.563152616434444,0.166651552675327,1
CMK1,0.00717829617727365,-0.000904754317757546,0.564112738198144,0.122565173695446,1
RPH1,0.00620483713651132,0.0010276603320375,0.567452607055167,0.140416847035343,1
SFP1,0.00422466371680624,-0.00328919709565025,0.571647089393337,0.454337735597756,1
BCK1,-0.003164510144953,0.00103954725419102,0.573589910038991,0.144321455485966,1
GIS1,-0.00737700019755362,0.000955784957095228,0.579700531082161,0.134837105831137,1
NUP188,-0.00448148287674606,-0.000842292469065691,0.579844359077622,0.118871285908893,1
DAT1,0.00899066775596725,0.00093225345189161,0.58050356220939,0.131796530256606,1
GIS4,0.00490430973546701,-0.0010611059675393,0.580563077681392,0.15003653556404,1
EUG1,-0.0106407645140826,0.00109774539373521,0.582579351366003,0.156047919068744,1
RSA1,-0.0236512763327459,-0.00209637029461901,0.585296642333323,0.300166433278211,1
NRG1,0.00208773948021301,0.000924525414298759,0.589891433078381,0.134015588581455,1
RTC1,0.00508407349395121,-0.00115918689770711,0.592083442434936,0.169026599647811,1
RAD28,-0.00430184772520517,-0.000935073943807178,0.592699132360756,0.136574614138812,1
VPS41,0.00832065110251693,-0.00153765471960381,0.595801655865693,0.22648341866373,1
ELP6,-0.0132404689767088,0.00201953464130762,0.600554495435244,0.301348557698377,1
NRP1,0.00202430981529081,-0.000703188125642525,0.605675124024986,0.106420703373275,1
YPR153W,-0.00269729755481595,0.000911997316394064,0.60816393644005,0.13898052352891,1
GPB2,-0.0153011239243865,-0.00122209947980761,0.609223999367183,0.186789245195915,1
RIM15,0.00599507017016472,-0.000903035984172344,0.61428337648247,0.139998063873732,1
SWR1,-0.0113439737666193,0.00119300582568938,0.617297169393126,0.186537949326468,1
DBP3,0.00936682925722672,-0.00128986156095772,0.617495554102689,0.201796034111919,1
RPS21A,0.0020647627968387,0.00117443470920237,0.617622595530915,0.18380413722931,1
SNF7,0.00867327600106092,-0.00175697226895716,0.618796171813814,0.27589417550966,1
UTP30,-0.0198701405519634,0.00121288874109279,0.622059896302196,0.19224442679255,1
PIB2,2.13632665468038e-05,0.00077974579595904,0.625164950331975,0.124701202984107,1
SAT4,-0.00375179850120945,-0.000821139126552697,0.629192201408324,0.132865642131704,1
UBP1,-0.000618258615015228,0.000559960699879321,0.629528051838238,0.0906941045890866,1
VHR1,-0.00380360952586328,-0.00081855402428325,0.631679213636616,0.13341426759357,1
PAF1,-0.011407860266543,0.00272628960269043,0.633508153600662,0.446746708634689,1
SLT2,-0.00197329774201457,-0.000637502116869003,0.634264783343689,0.104698293412646,1
TRX2,-0.00750217494028985,-0.000785108197789853,0.635520753618968,0.129419289094853,1
MUS81,0.00334453289752667,-0.000599810763165582,0.63576378141939,0.0989455154576861,1
CLB2,-5.27768637025211e-06,-0.000741160369338078,0.638712981184799,0.123338488841323,1
RIF1,-0.0011128748697064,-0.000480552162761006,0.640624174055346,0.0804278419644986,1
YKU70,0.00492929916852957,0.000696211618340264,0.64751660751023,0.118971310847046,1
STE50,-0.00264553258759309,0.000765882659262247,0.650977193940044,0.132268424688729,1
PGD1,-0.0126293157593161,-0.00171832474900128,0.658660755200654,0.303904785903222,1
YVH1,-0.000647141490977229,0.00181539355084388,0.65969333758793,0.322112520871388,1
MUM2,-0.00367058622928406,0.000831945191562988,0.662086006320204,0.148730557497398,1
IES6,0.00872007481963388,-0.00220470524793711,0.663602643614657,0.396039298178142,1
USA1,-0.00283930834800098,-0.000599345226548844,0.664063046539146,0.107819796587585,1
DEG1,0.00639410956167627,-0.00119343755949152,0.665006378979676,0.215338625191815,1
ADD66,-0.00499475784149615,-0.000910009148738109,0.670756423345394,0.16725002130374,1
KKQ8,0.000331577332367806,0.000628853870518654,0.671621199427986,0.115900025026172,1
SPT7,-0.0532860539708398,0.00227980485965714,0.672449723179932,0.421304970639998,1
HAL9,0.000251401251973275,-0.000583840570052911,0.673298940146805,0.108190733302892,1
EDC1,-0.00533350345286949,-0.000853474615113504,0.673350625553882,0.158182828057132,1
RSC30,-0.0101877194368643,0.00111558865920693,0.673680515491537,0.206984851174648,1
ATG10,-0.00856382832098754,0.00065423864695142,0.675491260663939,0.122105281825113,1
UBC7,-0.00203023114558473,-0.000554456658873095,0.681684475421049,0.105616173765319,1
TIF2,-0.00913730138089979,0.000654312158706064,0.685406758865085,0.126196959945198,1
NCS2,0.00489045386401932,-0.00100009328051056,0.689082418534098,0.195296069900218,1
LEM3,-0.00578332821142918,-0.000741920294266235,0.689299238858776,0.144987277897061,1
ITT1,-0.0144459189517121,-0.00075144225173618,0.690128299847551,0.147262557823587,1
TRM10,-0.0165313355681154,-0.00115219016249137,0.691591746291489,0.226928339336849,1
VPS24,-0.00164019549679794,0.000777806458976702,0.691872796420908,0.153339304741803,1
THP2,-0.00393872350922679,-0.00074308446681946,0.693706578957729,0.147418407784014,1
HOM2,0.0242012857022068,-0.00109215732229298,0.693912147991664,0.216823252677272,1
SPO7,-0.00100232500102145,0.000582233858424932,0.695915470510599,0.116391357046775,1
SOK2,0.0166050599378829,-0.000935718159683116,0.700290315510437,0.189927255201429,1
RTG3,-0.00093951483412379,0.00112777967296736,0.705884951176758,0.233484566287317,1
LEU3,-0.00760987294185426,0.000514875115304499,0.707875355544649,0.107356396742911,1
MIH1,-0.00229492537573932,-0.000643057767718404,0.712190037669556,0.136189822514592,1
MCK1,-0.0160574546419844,-0.00112880041332142,0.714695109140739,0.241259176526552,1
YHR003C,-0.0209002019872186,-0.00113730106824178,0.717799112935374,0.245871323597827,1
PBS2,-0.00698555058468396,0.000740193383766467,0.718536906089707,0.160459425936922,1
RAD23,-0.00280903998238209,-0.000548637728460927,0.718768630613152,0.11903626419287,1
PEX2,-0.00597618414534993,-0.000527759261923689,0.719032430150328,0.11461860488679,1
ESC8,0.00395655171846668,0.000466925247442919,0.727622284714358,0.104743974213145,1
HTZ1,-0.0196757400810664,0.000959054622911436,0.73136851040698,0.218265608998701,1
YOR338W,-0.000310107903802522,-0.000652187856547866,0.736373332429784,0.151357663546783,1
SPT2,0.00364382872571606,0.000593597084943081,0.736485094209576,0.137820790400419,1
INP52,-0.0187720182803384,0.000819693027432474,0.736585930417697,0.190391192242874,1
DIG2,0.000298611484318486,-0.000343532592290813,0.741180763723232,0.0812634926418673,1
PUF3,0.0136762454167785,0.000531695101062619,0.742607092277908,0.126496607918974,1
MRN1,-0.0146713930038552,-0.000844947284533055,0.745597696791354,0.203472438661456,1
MRT4,0.00703168213453102,0.0007385825915902,0.751565689580671,0.182282494271347,1
GAT2,0.00247509247299346,0.000294495215805863,0.752126529816247,0.0728515929189839,1
HDA2,0.016687389587827,0.000681830901770019,0.755537886529977,0.171102848532921,1
ATG32,-0.00590425083944605,0.000574919474911861,0.758235074451726,0.145936119702426,1
KTI12,-0.00214720525108907,-0.000655756055737792,0.759457555569705,0.16732859398469,1
ATG21,0.00136205388806074,-0.000391495641537354,0.761805065043048,0.100913265909553,1
RRP8,0.00341731293196382,-0.000553429505453446,0.766323818525186,0.145497696820468,1
STE5,-0.00907587468389863,0.000723340268196669,0.76708249195407,0.190805528129811,1
ELP4,-0.0056322971941138,0.000865976328017291,0.767567601571633,0.228921561536629,1
YKR023W,-0.0209624340974422,-0.000800991887417481,0.767571972261844,0.211746970428142,1
GAL11,0.00555735328426356,-0.00162424869726746,0.768008822827833,0.430212289239008,1
SWC5,-0.0149261587390879,-0.000623223949736751,0.770494810088233,0.166912924564748,1
SFL1,-0.00976413641520175,0.000670751502988258,0.771402640916319,0.18037579888227,1
SIT4,-0.00140985805654282,0.0011792128607821,0.771648164326476,0.317459893751085,1
PEX10,-0.00143519558850155,0.000516349671259945,0.772607590522304,0.139611471590469,1
SET2,0.0259098327536289,-0.000850349326799785,0.774334703783263,0.231728131440153,1
LSM1,0.0074196507771457,0.000866701831040936,0.775156695762125,0.237071806906399,1
SIR2,-0.00958337716280875,-0.00100407237080004,0.775239874514787,0.274751674043446,1
UFD2,0.0113519760533539,-0.000561727133291343,0.775392161577856,0.153816603716454,1
ITC1,-0.00173765269142725,-0.000693123942589025,0.775493029694544,0.189884351496678,1
RGT2,0.00142723399297298,-0.000418873063442752,0.775591356138305,0.114803782589945,1
FUS3,0.00234892274507615,-0.00079536731626651,0.775990257674523,0.218391343639184,1
RTF1,0.00510644541026856,-0.00107358688595924,0.783174217492326,0.304815019858696,1
UAF30,-0.0146571789586544,-0.000867150332665456,0.784260106672038,0.247474028622881,1
MED2,-0.0127656559215379,-0.00125012887926359,0.785235484613843,0.358432716139178,1
PAT1,0.00838634985465234,-0.000970140994952152,0.791509030206093,0.286732405817619,1
UFD4,-0.00384259741379318,0.000493618470677573,0.793056075935419,0.147008935966069,1
ISW2,-0.00527867941877781,0.000521207641035533,0.796720574587348,0.15808824783039,1
PHO23,0.00454391301351858,0.000883339266676102,0.796994943820333,0.268297144522693,1
NOP12,0.00641035587540168,-0.000535177255497325,0.802039327944076,0.166783146065092,1
LOS1,-0.000316232736760927,0.000331893422195236,0.806911348221659,0.106096043417517,1
NUP170,0.0107547825514601,0.000735736684282057,0.809468303516912,0.238411708681786,1
GAL80,0.00151120742477256,0.000350802941043461,0.812667228320333,0.115654779965147,1
ELP2,0.00421474004023707,0.000626874350116266,0.818920627124092,0.213941644349355,1
MUD2,-0.00623721089451716,-0.000378309272835905,0.819393802898498,0.129454801224201,1
YBR285W,-0.0186329452247223,-0.000577385676167003,0.819425447876404,0.197612594202049,1
HAP3,-0.0128666043993455,-0.000416189750116664,0.819888805132916,0.142815509391437,1
SWI4,0.0160100440849297,0.0006159622402813,0.821362619177851,0.213141612650919,1
JHD2,0.00268831897760587,0.000341648260508794,0.822187299270957,0.118778348369305,1
RRP6,0.0175495651793154,0.00078932127950116,0.828803298943197,0.285199497755204,1
FIN1,0.00554763243004258,-0.000308534043662824,0.831779914824144,0.113483657650401,1
PEX12,0.000183956773024726,-0.000238059370935256,0.832498901632491,0.0879435151993888,1
MEI5,-0.0146188455311996,0.000396150047307102,0.834351354023316,0.148006190019233,1
RCO1,0.0106535958604418,-0.000443020759683372,0.83612507271772,0.167335329572884,1
TPS2,-0.0197348513790598,-0.000701031467163368,0.836852918734493,0.265987956225474,1
EAF1,0.00795342561732354,0.000766117480546624,0.837658860791992,0.292146752037893,1
RAD1,-0.009840909823185,-0.000424641899536394,0.843672411632452,0.168245779318815,1
UBX3,-0.00705564335492123,-0.000290622392882245,0.844373837619762,0.115672156352831,1
TEC1,-0.00437859609263368,0.00027285467725474,0.844690028207822,0.10882428943801,1
GGA2,-0.0010134823597886,0.000266106901699497,0.845102288811333,0.106419143616079,1
VPS71,-0.00656929392134826,-0.000362872321677587,0.856997285822004,0.157336263500793,1
PEP3,0.00163592855572736,-0.00054694404338105,0.864087572044652,0.249650034818985,1
MKS1,-0.000298642478001769,0.000408994870306512,0.868221709939203,0.192597069921922,1
SIR3,-0.00974280083795185,0.000597796321239402,0.868457040257962,0.282012567586703,1
LTV1,-0.00240347744140818,0.000426645642235909,0.883469186443955,0.227425132095616,1
SKO1,0.000103379263522848,-0.000273607049279133,0.886092878254821,0.149230590353637,1
RTT103,-0.0207891791789886,0.000371459615860842,0.886433263143547,0.203212684420152,1
ULS1,-0.00218288263556741,-0.000225457476468855,0.889137908481976,0.12636933417994,1
SPT3,-0.0186006117587539,0.000513078528827769,0.892014531493261,0.295291515487548,1
MOT2,0.0396927212642465,-0.000939358743961338,0.89479856213869,0.555022257123477,1
SNF1,-0.000742856241693786,0.000281215614150533,0.89520630002273,0.166807155782899,1
RXT2,0.000554604225439888,0.000445946236749117,0.895290340669241,0.26473307160914,1
SPT4,-0.0137238325959128,-0.000427263396743195,0.895453906836742,0.254041255981885,1
TIP41,0.000757298059821351,0.000201062187399647,0.897036685084904,0.121395321542316,1
YPK3,-0.00558532633909846,-0.000224161542398078,0.897115230462668,0.135445922484127,1
STE20,1.74320362367772e-05,0.000212889524387886,0.89714540071323,0.128672934542438,1
BCY1,-0.0416490570008607,-0.00076883033053049,0.899346712097491,0.474909181744609,1
LRP1,0.0118640938835746,0.000374119222084063,0.902388117650418,0.238333179119942,1
KAP122,0.00348114564305013,0.000253033593173635,0.904067767093076,0.164031805067473,1
SPT23,-0.00590833154532781,0.000175569161590775,0.906058159117013,0.11623767388827,1
EFG1,0.00621831541367904,-0.000317894694976915,0.90685588581856,0.212276883730593,1
RFX1,0.00271622279625315,-0.000237506512613219,0.912640607009323,0.169145450293976,1
SAN1,-0.000731188703200586,-0.00018236104214311,0.919745243079111,0.14141384143051,1
REV3,-0.00353004508629359,-0.000109498890489198,0.919864017314295,0.0850383780142143,1
PIH1,0.00386063390148748,0.000202072583630742,0.923430766043497,0.164266801894867,1
ARP6,-0.0101695479917477,0.000184481830292929,0.927926397180918,0.159349397919867,1
HDA3,0.022148817836843,-0.000202993051345964,0.929988526618887,0.180517153944908,1
CGR1,0.00689059820427032,0.000175515161238711,0.932244887658698,0.161292652492458,1
TSR2,-0.000816525176688394,-0.000201161927196904,0.932617702211239,0.185886452361259,1
RRD1,-0.00225171081139643,-0.000126335992850565,0.936916306865766,0.124715882391181,1
TPK3,0.0011568472921744,0.000123976504446497,0.939267272056747,0.127133963242805,1
SWT21,-0.0108286363554574,-0.000177916902484687,0.939798084848557,0.184059912852638,1
IKI1,0.000301486582344031,-0.000188900294894909,0.941915669648608,0.202560392346269,1
DIG1,-0.0160652107612771,0.000271939942496491,0.944050001307943,0.302748190548703,1
PTC4,-0.00771689675037171,-8.69977796070389e-05,0.954577703843003,0.119335416832204,1
DID4,0.0174446022084953,-0.000193773786856437,0.9592761889267,0.296498831599344,1
RAD6,0.016005369646972,0.000240170274435944,0.959600696066373,0.370445858252535,1
VPS27,0.00412064128440906,0.000113442314211557,0.960480107765203,0.178873786741817,1
STB4,-0.00187704845401244,-5.73611300627303e-05,0.960940041258881,0.0915118656269451,1
YJL206C,-0.00462848868174504,8.61893298492739e-05,0.96367973827022,0.147883438456814,1
UBP14,-0.00188349603754806,-6.59581539023194e-05,0.964373335766034,0.115375611984941,1
VAM6,0.00119961433648846,7.46000032526735e-05,0.96621351950334,0.13760401954464,1
RPN10,0.00743612299094891,-0.000105911334510531,0.967143286618218,0.200891056271782,1
VPS16,0.000946560175268698,0.000176885164150681,0.967786201005692,0.342213003283643,1
BIK1,-0.00169463968534173,5.03151376487488e-05,0.968737207446664,0.100305514652832,1
NOT3,0.0170398363983388,-8.73060675407628e-05,0.969965566030147,0.181170490208351,1
VPS72,-0.0131320531474214,-6.45264449923744e-05,0.973717119714401,0.153021096509969,1
IRA1,-0.0148080320436939,-7.66617241526843e-05,0.981161171009909,0.25365850143445,1
BUD20,0.0138951371412805,-3.47207523855508e-05,0.986906212738091,0.165298707932434,1
PUS1,-0.0140564867559673,-4.10632751305959e-05,0.986973208993728,0.196499726473321,1
MDS3,-0.0130299169749985,-4.56433842734669e-05,0.988920840657636,0.256816060990091,1
UBA4,-0.00703608317238612,3.27208648805023e-05,0.990109332348295,0.206230621758456,1
SSK2,-0.00378506841594105,2.10574119183152e-05,0.991185582078341,0.148925007223836,1
PAP2,0.0115236509796281,-3.18942485148873e-05,0.991236047369881,0.226865641944037,1
BRO1,-0.00231147599633011,2.01542167589067e-05,0.992715016651804,0.172463198893902,1
GPG1,-0.00286377516122744,5.63950759602914e-07,0.999737390024335,0.133873639377676,1
YBP2,0.00312793987292857,-2.532467732213e-07,0.999867344744845,0.119010305601466,1
