,lambda_1,int_1,beta_1,sigma_1,lambda_2,int_2,beta_2,sigma_2
VPS25,0.0993498982846408,0,-0.0337143114904533,0.798141875722634,0.900650101715359,0,-0.000629908432167571,0.13132267845876
OPI3,0.265866733972653,0,-0.0766927499075593,1.13795852027503,0.734133266027347,0,0.0035167781072446,0.357153405911945
CHO2,0.843182694107176,0,-0.000488234982649762,0.277518967793641,0.156817305892825,0,-0.0712769993791258,1.04539607561364
CTK1,0.740981507546465,0,0.000108166357143981,0.282934032110512,0.259018492453535,0,-0.0214004654264033,0.83448168261858
ELP3,0.0664758239473919,0,-0.0298947939053539,0.594157566623143,0.933524176052608,0,0.000143570967019991,0.159916947097232
NUP133,0.89829673684927,0,0.000415864421421826,0.204108419092125,0.10170326315073,0,-0.0894789865765263,0.785449467491816
CTF8,0.898816548472958,0,-0.00706330017998481,0.085997586975724,0.101183451527042,0,-0.0103957393767574,0.336586849173636
DOA4,0.15329813553201,0,-0.0337589151486703,0.569439516016626,0.84670186446799,0,0.0025030746229588,0.16635639542535
BRE2,0.90108456331899,0,-0.00031466258816433,0.140710624801075,0.0989154366810098,0,-0.0464809699632761,0.522304406705399
SWD1,0.105640099908056,0,-0.0280629839350176,0.507412758667118,0.894359900091944,0,-0.00244085180523266,0.147520134452782
SPP1,0.916912739676734,0,0.00345532796810905,0.115426618074698,0.083087260323266,0,0.0295773736852479,0.36360678278022
SET1,0.884021505135493,0,-0.00548730856560727,0.152037516585428,0.115978494864507,0,-0.0556107349532259,0.472877926733754
HFI1,0.815195016744349,0,-0.00230039630672291,0.254157839380235,0.184804983255651,0,-0.00922465200386265,0.897274614740802
SWD3,0.881973007281145,0,-0.000709329078034074,0.159078364413568,0.118026992718855,0,-0.0418799273502168,0.561139708260957
SDC1,0.880461492681895,0,0.00165180182859095,0.138908757556784,0.119538507318105,0,-0.0324579013819099,0.424694697767968
BIM1,0.892728952640568,0,-0.00251660530088396,0.10219804456634,0.107271047359432,0,-0.0266411016673569,0.413029253076861
BUD13,0.860107710654536,0,0.00304267148038359,0.139158648916884,0.139892289345464,0,0.0227328581115592,0.407119881284214
BRR1,0.846002109992651,0,0.00196870548663963,0.0818758338588408,0.153997890007349,0,-0.00234277766134058,0.306822722633134
BUD22,0.875221335836036,0,0.000466008192512121,0.15800340378544,0.124778664163964,0,0.0122288555297876,0.467610866704645
BUD20,0.890274829085557,0,0.00121834889466403,0.103190707539515,0.109725170914443,0,-0.00999071172174429,0.405249544557472
IBA57,0.847058734785019,0,0.000828888245672086,0.202460687538008,0.152941265214981,0,-0.0921599756332712,0.798774626761676
CAR2,0.0583472378059065,0,-0.0222432949882462,0.57097678290874,0.941652762194094,0,-0.00175891494930976,0.0847316598479363
SRV2,0.849883864997552,0,0.00169796254123619,0.279556246320547,0.150116135002448,0,-0.0913687691960713,1.16350242699036
BUD21,0.0841475612172169,0,0.0208617507266272,0.483346850867791,0.915852438782783,0,0.000733230392897333,0.113734724984798
CCE1,0.749144875044301,0,0.00162149219956362,0.111090333350418,0.250855124955699,0,-0.028992428070496,0.367437997167878
CDC40,0.846079971915828,0,0.00858170170234927,0.215219635451952,0.153920028084172,0,0.0173492882660294,0.642080612934167
SSN3,0.881780925816122,0,0.00194584976532124,0.238119555300782,0.118219074183878,0,-0.139929672741845,1.28975470631029
CGR1,0.924262129770878,0,-0.000167547479279773,0.101666728624961,0.0757378702291224,0,0.00443327138180153,0.466804814742433
CHL1,0.906330730466663,0,-0.00147506046951755,0.0675719145187455,0.093669269533337,0,-0.00585903976493593,0.256014988151728
CGI121,0.11431009050492,0,0.0316082151717343,0.44363127202412,0.88568990949508,0,-0.000261191352207732,0.136689171147782
CIN8,0.140223622018471,0,-0.0108123509670344,0.388220826612058,0.859776377981529,0,-0.00135296081914219,0.101000289098422
CKB1,0.911038878371359,0,-0.0136586228890082,0.106362114491212,0.0889611216286407,0,-0.0121784872192338,0.576233756357537
CKA2,0.883468610859347,0,-0.00153395495032679,0.121902237932944,0.116531389140653,0,-0.0246145517153522,0.60582401144232
CLB5,0.89929060531974,0,-0.0159824523599411,0.102526704388279,0.10070939468026,0,-0.0262374229627391,0.354252332735741
CLB2,0.884989815531021,0,-0.00126544643696674,0.0746689218222407,0.115010184468979,0,0.00318029522716803,0.298877783676035
CKB2,0.0876436828988346,0,-0.0188962945981843,0.650604218802056,0.912356317101165,0,-0.0122410784373873,0.132574661269139
CLA4,0.063987101586756,0,-0.00867940715386617,0.399263523900796,0.936012898413244,0,-0.00130201824426384,0.0776988700504925
CLB1,0.925237079487083,0,-0.000177624200891831,0.0806023337800078,0.074762920512917,0,0.0366644880802007,0.435609541403724
CLN3,0.233276992647519,0,-0.00616231317714371,0.262595182799352,0.766723007352481,0,-0.00380630857811386,0.0899892146525307
CLN2,0.0595440371612474,0,0.00425206326338031,0.302590002433148,0.940455962838753,0,0.00268809989692993,0.0561346035220708
CSM1,0.0692346016019569,0,-0.0613766592321131,0.67389489124847,0.930765398398043,0,-0.00211051066387738,0.0958926001537667
CTF18,0.862248976402702,0,-0.00966450967877897,0.118394454586825,0.137751023597298,0,-0.0228680521962502,0.439431788911253
CTF19,0.938656934508331,0,-0.00185321803539966,0.0676847218701323,0.0613430654916688,0,-0.0120369617381144,0.337943046826361
CSM3,0.0344542443631497,0,0.0458680858740266,0.361948961763691,0.96554575563685,0,-0.00303105345277771,0.0810856206018793
CTF4,0.827447386935631,0,-0.00153568550755605,0.146494411976112,0.172552613064369,0,-0.0330219500920122,0.472251477427652
SSN8,0.878949611709752,0,0.000899620818377721,0.188430143763754,0.121050388290248,0,-0.123872417212435,1.10857206960054
DCC1,0.866315774001001,0,-0.00862537930831202,0.11180221854495,0.133684225998999,0,-0.0231553390070668,0.393141749135533
DBR1,0.0751678629264144,0,-0.00744726621047182,0.385439585779252,0.924832137073586,0,-0.0029497376780221,0.105444800096634
DCS1,0.0906966548031108,0,-0.0158933535205767,0.403871605002888,0.909303345196889,0,-0.00147701597704415,0.0848570766835096
DBP3,0.883759345900662,0,0.00228915199855671,0.127121772415285,0.116240654099339,0,-0.0287447628549729,0.476773073056539
DDR48,0.0618452006736588,0,0.0263132513105608,0.635084680067226,0.938154799326341,0,0.00161131445244468,0.0718347719843013
DHH1,0.88947551389256,0,0.00297880719614652,0.209046712162186,0.11052448610744,0,-0.0495880521932329,0.648196097533943
DIG1,0.121567278392589,0,-0.00812241758300536,0.738349272819779,0.878432721607411,0,0.00135718903054597,0.170768886837732
DEG1,0.117652542232727,0,-0.00189406383645685,0.506831782965947,0.882347457767273,0,-0.0011012175785802,0.135422304847437
DIG2,0.956752416411337,0,6.82570981187223e-05,0.058738517603215,0.0432475835886632,0,-0.0099417611656284,0.276141685372272
DSS1,0.0829727282295743,0,0.0217473539791054,0.293732973051099,0.917027271770426,0,-0.00314417726919259,0.0699087352231274
DPB3,0.903969050520499,0,-0.00304727678907382,0.0888961616102739,0.0960309494795011,0,-0.00888222429554728,0.319049117218247
DST1,0.925576518060884,0,0.00195847904860467,0.0943051671419868,0.0744234819391159,0,-0.000399947486239485,0.380366945639856
DUN1,0.902806448345666,0,-0.00841783389485524,0.0938971754722215,0.0971935516543339,0,-0.0559877885120825,0.469075984169079
EBS1,0.910279114486421,0,-0.00292957863864335,0.0894130976983871,0.0897208855135794,0,-0.0102210840731687,0.305619067731042
EDC1,0.939313016577484,0,-0.000541162037195215,0.08942241548284,0.0606869834225164,0,-0.00599137523997435,0.537509350683323
EFG1,0.126323021305908,0,-0.0217971162232093,0.503103537727821,0.873676978694092,0,0.00269251062771632,0.122235656473746
ELG1,0.91764238757139,0,-0.00636724425118872,0.0686478053103313,0.0823576124286101,0,-0.0392556576420712,0.338738623385205
ELF1,0.909769352737056,0,0.0035613393918721,0.173805473693435,0.0902306472629445,0,0.0181013839224058,0.533340541005968
ELM1,0.0895212992293875,0,-0.0309725569336491,0.502792286871109,0.910478700770613,0,-0.00291197163946756,0.129903704489207
ERF2,0.0685003795495495,0,-0.0163990196355229,0.376564888694849,0.931499620450451,0,-0.00108043541619356,0.0723865630338372
ERG2,0.878751210437513,0,0.00025895315352096,0.119507458645375,0.121248789562487,0,-0.0266687209017609,0.64736798423856
EST1,0.914458447818013,0,0.000705346639384583,0.0709158754296923,0.0855415521819875,0,0.0137260575368577,0.364571068918796
EXO1,0.0624427518350609,0,-0.0398089406574426,0.536278135584677,0.937557248164939,0,0.000174006265637469,0.0758773174960539
FAB1,0.928792214011742,0,-0.00155968240434533,0.102597218437091,0.0712077859882586,0,-0.0369996966745583,0.529534306086338
FKS1,0.85601341043402,0,-0.000144260586157322,0.138552206510566,0.14398658956598,0,-0.0524433563788269,0.579621910411479
GEP3,0.205987826076734,0,-0.0656861649156116,0.679535714164377,0.794012173923266,0,0.0041577171195349,0.18368388999789
FIN1,0.961152679247025,0,-0.000432529782870633,0.0693149516283521,0.0388473207529753,0,0.00282837861959671,0.461921246616777
FRA2,0.0443633542398337,0,-0.0286046337404093,0.483038751471265,0.955636645760166,0,0.00220928736627137,0.0460964567278342
GAL80,0.0173993779997768,0,-0.0121877822000225,0.726845051682417,0.982600622000223,0,0.000568094177662011,0.065232510845557
FUS3,0.920003929475282,0,-0.00229595698874501,0.129722047806572,0.079996070524718,0,0.0173103220413853,0.634283568796873
GCR2,0.142426847882585,0,-0.0205047231585619,0.534791156581624,0.857573152117415,0,-0.00509822216174661,0.144385831604042
GPA2,0.883202528329693,0,0.000480306657312645,0.0989059175917201,0.116797471670306,0,-0.0331463619080841,0.507203722673882
GPR1,0.853319087596709,0,0.00322003838953629,0.137950571675075,0.146680912403291,0,-0.039272700061953,0.61351863073003
GPG1,0.0485361035277333,0,0.0391565299313814,0.387316960533671,0.951463896472267,0,-0.00185827549797408,0.105417771166728
GPH1,0.120480019069909,0,0.00463467678410966,0.378178606738837,0.879519980930091,0,0.00159796006605913,0.0826844163471481
GIS4,0.0677018452979707,0,-0.0120258569108594,0.484583918795038,0.932298154702029,0,-0.000213286104007124,0.084292442613477
GTR1,0.103970504881631,0,-0.0118548375177631,0.514389365180224,0.896029495118369,0,-0.00206061079903593,0.0904092411326376
GSY2,0.0562431887796611,0,0.00428925597143796,0.372096747502792,0.943756811220339,0,-0.00147510618106467,0.0853629663697413
GSY1,0.0309510359157324,0,0.0153494246714114,0.392362114165275,0.969048964084268,0,-0.00317535972953619,0.079672434453532
HAP4,0.947187530842731,0,-0.000573706132306434,0.103610898141841,0.0528124691572688,0,-0.0311429721529338,0.419054259543989
HCR1,0.1026175015317,0,0.000164034599964032,0.5018064268394,0.8973824984683,0,-0.0048510690190705,0.140173087082802
HFM1,0.883983504082919,0,-0.000658996603106994,0.110030863353808,0.116016495917081,0,-0.0363258153192568,0.446277177979304
HHT1,0.914818184393347,0,-0.00503156919291742,0.064179693655,0.0851818156066526,0,-0.0194816321046029,0.244867002060282
HNT3,0.104618268658421,0,0.00652594356664477,0.302355587610827,0.895381731341579,0,0.00170653563392379,0.0732204999438701
HOG1,0.0892295190398625,0,0.0250969496938517,0.422326997822176,0.910770480960138,0,-0.000777761379980347,0.0739028197694477
HHF1,0.0751418704036698,0,-0.0203642515730236,0.278534414538687,0.92485812959633,0,-0.00460179350629771,0.0766039850959238
HOS3,0.935097229444593,0,-0.00077502644552074,0.0728557600390669,0.0649027705554071,0,-0.0110200530228249,0.371319429744818
HOM2,0.0937991365471412,0,-0.00640773665932712,0.62531854245652,0.906200863452859,0,-0.000544534476015289,0.109722469385666
HUR1,0.861752236268345,0,0.00333374131686977,0.150003876403297,0.138247763731655,0,-0.0493434639351419,0.606167579118765
KKQ8,0.117399827476772,0,0.006308758157669,0.282522736512711,0.882600172523228,0,-0.000104812398244642,0.0677886333204392
INP52,0.0987219728591605,0,0.0314673735082368,0.4953587969513,0.90127802714084,0,-0.00233812864950129,0.116698372880928
IRC3,0.779129850496234,0,0.00159562298423591,0.14149647316013,0.220870149503766,0,-0.0501200689659827,0.498850189818578
IRE1,0.874720592766174,0,-0.00164823738905487,0.134957580491015,0.125279407233826,0,0.044028969964351,0.38075160613761
IRA2,0.75967815252238,0,0.00146479779101937,0.242818218442214,0.24032184747762,0,0.0195134358141108,0.610812581931279
IPK1,0.837549140533141,0,-0.00602944997603153,0.175330417560861,0.162450859466859,0,-0.0349166764595072,0.809315332677379
IRA1,0.137384082170869,0,0.0162886189695476,0.601343953934246,0.862615917829131,0,-0.00262239912123391,0.13111626179449
JJJ1,0.205314164495278,0,-0.0178556965491249,0.322560224749264,0.794685835504722,0,0.0013857609673799,0.0974950107131742
IST3,0.193359087332868,0,-0.0055480030958073,0.345755258899158,0.806640912667132,0,0.00437755787999009,0.113919718903327
IRS4,0.0877596054843379,0,-0.00684199187465199,0.406526857682152,0.912240394515662,0,-0.00068463723870752,0.0778709668174428
JNM1,0.901163205418106,0,-0.00191289531676482,0.0935279328310038,0.0988367945818944,0,-0.036378738839492,0.363025947170907
KAR3,0.077456355218243,0,-0.0307889839168477,0.791448313949135,0.922543644781757,0,-0.00338748904184899,0.136748580266753
RRD1,0.870238321523234,0,-0.00322927098811644,0.0802138402206664,0.129761678476766,0,0.0213221498183822,0.276083290327474
RRP8,0.919336319326536,0,0.0017304375964911,0.0987109234223942,0.080663680673464,0,-0.026512461541485,0.388274829666232
RSA1,0.11779681338301,0,0.0212566064164887,0.684054377269859,0.88220318661699,0,-0.00505894503978523,0.200471294532228
RRP6,0.0967044342245641,0,0.0290600971995544,0.73627781109786,0.903295565775436,0,-0.00214055999880019,0.179568561664553
RRM3,0.9204605057627,0,-0.00398918248324197,0.089861876352697,0.0795394942372996,0,0.0182921744527259,0.372728381069368
RPB9,0.205608892121841,0,-0.0301321575088512,0.761260228510467,0.794391107878159,0,-0.00143499980745354,0.25839106545878
RNY1,0.852600247514408,0,-0.00114866028618114,0.163151385395806,0.147399752485592,0,-0.0445828666498886,0.661785602319543
RPA49,0.0740260816333357,0,-0.0197569139267431,0.478499982537801,0.925973918366664,0,0.00320405782053384,0.138646515110309
RPA14,0.100859175547727,0,0.00176480595297488,0.353427730913922,0.899140824452273,0,-0.00149535917851751,0.0863038887364689
RPA12,0.138284233896594,0,-0.00532440366726141,0.354136753786603,0.861715766103406,0,-0.000654657632186197,0.106473691153061
RNR4,0.865159954022616,0,-0.0127995805027435,0.18909412950807,0.134840045977384,0,-0.0699809400040963,0.692731182777697
RMI1,0.925527027827489,0,-0.000345559299044571,0.101572560694772,0.0744729721725113,0,-0.0390338150557437,0.581101695259295
RIM1,0.86241938361319,0,0.00424807141901685,0.200000629699104,0.13758061638681,0,-0.0818617180966183,0.679840569676689
RGP1,0.18103118757044,0,-0.0596144668994557,0.749282007985003,0.81896881242956,0,0.000104755020533141,0.185338728484636
RGT2,0.926444384072156,0,0.00111207841976337,0.0738081243963655,0.0735556159278441,0,-0.0229271302950606,0.331811681215169
RIC1,0.124920249409263,0,-0.0405738481811064,0.553594860077082,0.875079750590737,0,0.000847225924368739,0.120541942643564
RIF1,0.0522904842892428,0,-0.00124233618945975,0.282444926874111,0.947709515710757,0,-0.000439670613739213,0.0492347506556992
REG1,0.850610563065137,0,0.00554057852803727,0.253120404463591,0.149389436934863,0,-0.0943979947338237,1.19658574108117
REV3,0.943908863439672,0,-0.000844396925950911,0.0567862603698749,0.0560911365603285,0,0.0124446253837377,0.273305407640582
RCE1,0.942835896326778,0,5.95421210947737e-05,0.101004984038943,0.0571641036732222,0,0.020766937752925,0.333292919626557
RAS2,0.0806442792974093,0,-0.0129573710401772,0.400210608687708,0.919355720702591,0,-0.000863871353204292,0.076566420366246
RAI1,0.849100373908747,0,-0.000336805028006921,0.175022695134918,0.150899626091253,0,-0.0226722092199448,0.616446121820416
RAM1,0.157314591019762,0,-0.0980507706891243,1.34374892790046,0.842685408980238,0,0.00154753842605951,0.35250225848393
RAD57,0.129271746561033,0,-0.0134854058763681,0.382328543923858,0.870728253438967,0,-0.00240839634951206,0.0941456390857606
RAD54,0.0937989368117528,0,-0.0179759393988742,0.426744643867034,0.906201063188247,0,-0.0022272850884459,0.11017886401374
RAD50,0.119053848715528,0,-0.0543949000111763,0.6754121095966,0.880946151284472,0,-0.00155544170686507,0.161503562326542
RAD55,0.909461182820626,0,-0.00202874522793215,0.0707840523784478,0.090538817179374,0,-0.0142017050278643,0.290063847780491
RAD52,0.848608079061615,0,-0.000991479919173947,0.142959885986771,0.151391920938385,0,-0.0384743430213993,0.5333453326193
RAD27,0.880881990151868,0,-0.00382149743330406,0.141890536943088,0.119118009848132,0,-0.0407912694226782,0.553423264620499
RAD1,0.096767302344045,0,0.0263357329663678,0.438312735226542,0.903232697655955,0,-0.00333108182653101,0.103792072986416
PUS7,0.0690288344205619,0,0.0136585597573916,0.379737227159224,0.930971165579438,0,0.00418009044541225,0.0894694141360429
PUF4,0.068876594606939,0,0.0234695739428869,0.306355479029491,0.931123405393061,0,0.000789508217651215,0.0778180150850955
PUS1,0.102030887039592,0,0.0197732380799085,0.526405515127254,0.897969112960408,0,-0.00222510431168601,0.108067949765692
PUF6,0.876479023940601,0,0.0023199464688037,0.108876605313543,0.123520976059399,0,-0.0332004331147277,0.426267111732318
PUS9,0.0241361120955375,0,0.058649069788281,0.354868243169431,0.975863887904463,0,0.000763284095774315,0.0607233424793295
PUF3,0.899613421160394,0,-0.00231125581026062,0.0636229470053624,0.100386578839606,0,0.0258801202969707,0.352479826961852
PTK2,0.0712479767362559,0,0.00551740281154963,0.337853189737349,0.928752023263744,0,-0.00291969402264189,0.0766808938151167
PTP3,0.0770937305004153,0,-0.0305937891775753,0.382443788706485,0.922906269499585,0,2.17133500355573e-05,0.0817254616991401
PSY2,0.0685349909525368,0,0.00142685273713378,0.410885150918056,0.931465009047463,0,-0.00303892870733896,0.09594726273299
PTC1,0.156504630201164,0,-0.0643676680264996,0.805417251320522,0.843495369798836,0,-0.00218506337426927,0.21008377678183
PPH3,0.122588838529314,0,0.0150895467393499,0.372154602321836,0.877411161470686,0,-0.00434585642835171,0.100987034190773
POL32,0.0896982570945446,0,-0.00847118326336651,0.301706374349047,0.910301742905455,0,-0.00396247994325863,0.0825339696888916
POG1,0.0565391985131047,0,-0.0261119995464834,0.589462905901834,0.943460801486895,0,-0.000787325778305752,0.0844131201072142
PMS1,0.954516324284138,0,-0.000566729789376442,0.0563433931905555,0.045483675715862,0,-0.0179380439456374,0.371379176954065
PLC1,0.877275957974516,0,-0.00958881610462217,0.189930346001586,0.122724042025484,0,-0.0504216553066187,0.908470875971078
PML39,0.0684148348346937,0,0.00401345917441444,0.316222724184985,0.931585165165306,0,0.00112763106009976,0.064373916192114
PIH1,0.134271210632858,0,-0.0205706525813004,0.360565780065281,0.865728789367142,0,0.00347461816966902,0.10458748562216
PIN4,0.10990692888783,0,-0.0339009440791705,0.359413699745308,0.89009307111217,0,-0.000341999367706936,0.0907241649358333
PIF1,0.142543636334392,0,0.00643986758980107,0.289196340486177,0.857456363665608,0,-0.00430021492262096,0.0872616446666498
PIB2,0.934683470665747,0,0.00126782076190199,0.0798311215954988,0.0653165293342533,0,-0.00697733847212567,0.383121844636498
PHO80,0.960757671956661,0,0.0016609608204456,0.0735312368784376,0.0392423280433387,0,-0.0179860670183504,0.464586424574159
PFK2,0.84608126105818,0,0.000575135454846498,0.229903793501947,0.15391873894182,0,-0.0667381324680409,0.845367356980465
PFK1,0.106074316492839,0,-0.0128219668439735,0.536222500979451,0.893925683507161,0,-0.00339616571751839,0.139456996755199
PHO85,0.0858689976552352,0,-0.0684758886913422,0.888517180483219,0.914131002344765,0,-0.0040001581968211,0.197887217648861
PFK27,0.156454085749384,0,-0.0378542615133068,0.654772300024851,0.843545914250616,0,-0.00129601460297013,0.180514348568917
PHO13,0.962739352984167,0,0.000819673346952088,0.0595781514160599,0.0372606470158335,0,0.0456721859616389,0.546455880141009
PET112,0.0936977828770384,0,0.0276242010014364,0.285289160991,0.906302217122962,0,-0.00162656701221687,0.0584024170886948
PDE2,0.894465859183686,0,-0.00298908466608972,0.114030854762609,0.105534140816314,0,-0.0138922056380756,0.592041237509345
PCL8,0.100085743690319,0,0.025583671583081,0.441243824738809,0.899914256309681,0,0.000101244114891872,0.0770971250469419
PCL6,0.970399119522187,0,-0.000434847037509896,0.0942844410158947,0.0296008804778125,0,-0.0675751237566114,0.717743627552475
PBS2,0.901485915977411,0,0.000207118135115753,0.0797021152409584,0.0985140840225894,0,0.00540465661781417,0.451279413966874
PBP1,0.0473869130885404,0,0.0386995117005943,0.411700032929315,0.95261308691146,0,0.000344878128598147,0.102109250656581
PAT1,0.0625164430523938,0,-0.107073184497842,0.764082782155947,0.937483556947606,0,0.0057552526791427,0.219237849318121
PAP2,0.820101236496469,0,-0.000737633070995217,0.118216293086858,0.179898763503531,0,0.00323163993163775,0.472297432227038
OPI1,0.135637615816599,0,-0.0666731716121476,0.867745649206683,0.864362384183401,0,0.0032504456537438,0.203493875777592
OCA6,0.926962488318985,0,0.00113179844009766,0.088397331417331,0.0730375116810152,0,0.0131925272061594,0.407432128413459
OCA4,0.912123381127937,0,0.00282277320239545,0.0841352965782266,0.0878766188720633,0,-0.00851244855079874,0.372294673149153
OCA5,0.900910889006157,0,0.00138852957780418,0.0824981873146274,0.0990891109938428,0,0.00236691398624279,0.334637722264477
OCA2,0.0774450373676419,0,0.000980995261285897,0.390312908438299,0.922554962632358,0,0.00228221276530028,0.0907286346933183
OCA1,0.937445826263164,0,0.000853065800504438,0.107993556027865,0.0625541737368356,0,0.0130492179629861,0.435452660201596
NUP60,0.129539579301839,0,-0.0446856723802076,0.450760595238774,0.870460420698161,0,-0.000794895319933657,0.142549842011032
NUP170,0.0957681588855975,0,0.0150147175065745,0.643713426830198,0.904231841114402,0,-0.000689553407325028,0.138091323189818
NUP188,0.959316477858663,0,-0.000329911403630684,0.0746393038568881,0.0406835221413366,0,-0.013139506025081,0.465018008187782
NUP120,0.899982145422013,0,0.0011833795596219,0.136198012019432,0.100017854577987,0,-0.026338899260049,0.490819655632724
NTH2,0.0680007092590929,0,0.0218904016505045,0.621865928460871,0.931999290740907,0,0.000854116209926217,0.105846347665093
NPR2,0.938817229957812,0,0.00101430486966577,0.0648133445747838,0.0611827700421884,0,-0.0443276957530555,0.351789462938356
NRP1,0.899682716380435,0,-0.000935841079721606,0.0636740950193345,0.100317283619565,0,0.00147536306429561,0.276679402961742
NOP6,0.0607769312761748,0,0.00401369465448381,0.431313983032402,0.939223068723825,0,-0.00296087265684621,0.0862382341978618
NPT1,0.924841150243077,0,-0.00531933211281865,0.0744386098518545,0.0751588497569234,0,-0.0484519735022672,0.636182650922496
NMD2,0.783539962839287,0,-0.00391637003189751,0.163404047320395,0.216460037160713,0,-0.0305280056972917,0.771636684470216
NPL3,0.83614145800508,0,-0.00187821723998194,0.284189945469701,0.16385854199492,0,-0.068203929728278,0.926187292766807
NOP12,0.909866959359096,0,0.000276396727481169,0.107580205568652,0.090133040640904,0,-0.00883856508818328,0.4383113140042
NKP2,0.167117775904041,0,0.00268341586697468,0.316099772012777,0.832882224095959,0,-0.00319966269386299,0.115525921517178
NEW1,0.0743014955987456,0,-0.00169983559089558,0.472939109202353,0.925698504401254,0,-0.00268908034818231,0.109053655011019
NBP2,0.0941968936684549,0,-0.0555105828402437,0.567037306957126,0.905803106331545,0,-0.00119795632990399,0.135168939405786
NAM7,0.217179036776743,0,-0.0294899858504377,0.767730628303818,0.782820963223257,0,-0.00444458932305435,0.160406652232653
MUD2,0.127567760474868,0,0.00967792953933357,0.295822004426267,0.872432239525132,0,-0.00185700420568524,0.0802341419131433
NCE102,0.0636461238918155,0,0.0226186735530528,0.524291577580136,0.936353876108185,0,0.00157161046843469,0.066379350853941
MUM2,0.0593685693562435,0,-0.0118839649328666,0.530969981767292,0.940631430643756,0,0.00164824184982694,0.0756455176137736
MUS81,0.0411669399793784,0,-0.014426260081298,0.379981353234487,0.958833060020622,0,-5.2382827593899e-05,0.0633524439926108
MSG5,0.0465398033893428,0,-0.0438790681395783,0.39950584512977,0.953460196610657,0,0.000188072787402013,0.112793236120502
MSN5,0.874170142720049,0,-0.0040426008192642,0.136680568540462,0.125829857279951,0,-0.00804412335651535,0.641451262605072
MSH2,0.930237977741588,0,-0.00625354599761641,0.109238007134939,0.0697620222584118,0,0.00776275391307466,0.628639085313813
MSH1,0.81890805588868,0,-0.00488104643369349,0.102008034889396,0.18109194411132,0,0.00186466700158984,0.341283413401894
MRT4,0.108533592327059,0,-0.00719639563500908,0.455754052106177,0.891466407672941,0,0.0017077421054535,0.109656698605937
MSC1,0.0914440674701541,0,-0.00967192533661957,0.37825274645368,0.908555932529846,0,-0.000556488374163415,0.0974832427620572
MRN1,0.116254588570926,0,-0.00802928028906544,0.523870386836157,0.883745411429074,0,0.000104852688374581,0.104754315455404
MRC1,0.892106075989557,0,-0.0204746631425118,0.0879262887835357,0.107893924010443,0,-0.0125362926841246,0.372324146722721
MMS4,0.956910348681179,0,-0.00163279277420337,0.0564596697037202,0.0430896513188213,0,-0.0246954209152123,0.284168832977271
MRE11,0.864044182221629,0,-0.00241068309926497,0.113223400172228,0.135955817778371,0,-0.0253599582251028,0.41806441359149
MMS22,0.830174422064459,0,-0.00319951732303804,0.170834933450767,0.169825577935541,0,-0.0402968010233995,0.601278224081585
MMS1,0.899333711329529,0,-0.00354415917656072,0.109280942351507,0.100666288670471,0,-0.000330103399365487,0.378897525944654
MKS1,0.0690457429922587,0,-0.0177045544856261,0.625685873036866,0.930954257007741,0,0.00163002064114469,0.103824836868993
MET18,0.201250396733048,0,-0.0200423678125666,0.363775750357963,0.798749603266952,0,0.000667394757069935,0.101788306112412
MFT1,0.911659477067783,0,-0.000344312729220966,0.100942309676921,0.0883405229322174,0,-0.0207166673086322,0.455499628677191
MET13,0.979538386962856,0,0.000957536730056898,0.0718434200063092,0.0204616130371445,0,0.0308240937077113,0.519396874776912
MGA2,0.852955693353464,0,0.00345375624703473,0.177391051538081,0.147044306646536,0,-0.0522282498290213,0.675359256514122
MEI5,0.105199839561158,0,0.0230921547296978,0.396807881456169,0.894800160438842,0,-0.00224303507166492,0.0783410055083556
SRB8,0.883013959773692,0,-0.000171537218561324,0.195026790585025,0.116986040226308,0,-0.0960711104535245,1.07581442102298
SSN2,0.118855883462068,0,-0.1077127754559,1.04075960253529,0.881144116537932,0,-0.000844320264036862,0.186906855571168
MDS3,0.139070882625743,0,0.0124717179160149,0.603388451601949,0.860929117374257,0,-0.00200999995429351,0.133988921118642
MCM21,0.957340691163352,0,-0.00145518269739619,0.0721334887884759,0.0426593088366485,0,-0.0232144350082111,0.367404933671499
MAK31,0.948250909148548,0,0.00104140251042852,0.0620293526544224,0.0517490908514518,0,0.0128026432042859,0.358302130370184
MCK1,0.888689436957447,0,-0.00307340889055997,0.162817012306089,0.111310563042553,0,0.0144476735219504,0.559666356562701
LTV1,0.13535115580362,0,0.00599350368574343,0.485948335165211,0.86464884419638,0,-0.000423615120434205,0.151142785790004
LOC1,0.954370743752702,0,0.000414643037843817,0.10551271720526,0.0456292562472976,0,0.114500903189823,1.13374242016031
LSM7,0.0822412740360158,0,2.36802152654846e-05,0.465833378199645,0.917758725963984,0,0.00432026859183131,0.171431189834541
LSM6,0.891381452532349,0,0.00401829973489869,0.210372722178518,0.108618547467651,0,-0.0594839394301467,0.51494131434943
LOS1,0.938547989127013,0,-0.00040269197121618,0.0638777145184289,0.0614520108729869,0,0.0116300018007039,0.347406303675871
LSM1,0.924557993303485,0,0.00463361255864373,0.184575048957212,0.0754420066965147,0,-0.0480651935769213,0.570647226940273
LEA1,0.102192723814011,0,-0.0105601440096166,0.465361055246564,0.897807276185989,0,-0.000588277305201662,0.130046958546253
KSP1,0.915468451426166,0,0.00165600218408913,0.0911299857268263,0.0845315485738342,0,-0.00555993634967539,0.394773626947644
LEM3,0.0818337876258383,0,0.00153322152666623,0.408930941927058,0.918166212374162,0,-0.00093534443414018,0.0895700606944021
GPB1,0.0768588048654483,0,0.0216790805960109,0.584130661489195,0.923141195134552,0,1.01352802536672e-06,0.132005098803298
KIN3,0.92662542885854,0,-0.00147179183990347,0.108345851102782,0.07337457114146,0,-0.0241079683299416,0.505385893181078
KIN82,0.873607853110551,0,2.70238486447646e-05,0.0678223987362866,0.126392146889449,0,-0.0299354507030915,0.238924708026032
GPB2,0.1076414401346,0,-0.009059896529058,0.500227824148935,0.8923585598654,0,-0.000323406008468893,0.095723679224571
LRP1,0.907503220369148,0,-0.000723165772579103,0.141516348208335,0.0924967796308522,0,0.0117214873046056,0.647227804131757
KAP123,0.939329617155541,0,0.00391303418555275,0.126276433286687,0.0606703828444589,0,0.00508188805008743,0.55474493903486
KAP122,0.101356944508505,0,-0.0194856342667646,0.394348220019771,0.898643055491495,0,0.00244863226092803,0.111183120382774
XRN1,0.771291526358227,0,-0.00685891450200598,0.421211307778867,0.228708473641773,0,-0.0161734093323725,1.05876375926364
YVH1,0.870298978188059,0,-0.00397654268668585,0.226679492462,0.129701021811941,0,0.0409002219511888,0.673281325459835
ZWF1,0.0734337918965697,0,-0.0538953381706489,0.585217523269572,0.92656620810343,0,-0.00704850075108242,0.113340655832405
YPT7,0.943659508422321,0,-9.85582703600688e-05,0.0788665616057533,0.0563404915776794,0,0.0286033007030584,0.445962407421882
YTA7,0.139609450407173,0,-0.0692811909842239,0.725519095714103,0.860390549592827,0,0.0010881520225747,0.172422484987396
YPT6,0.204148160955026,0,-0.0544622691240678,0.732943204851392,0.795851839044974,0,0.00209843287726973,0.180497172326443
YPR153W,0.90652209360058,0,0.000833334259178045,0.0641330189631854,0.0934779063994201,0,0.0017154157368511,0.408397872521181
YPK1,0.130838789043861,0,-0.06764354921043,0.760574839202906,0.869161210956139,0,0.00153545265175291,0.186165389902299
SWM2,0.0998201248090524,0,0.0291386262080306,0.319479852726758,0.900179875190948,0,-0.000153786668838386,0.104624730085561
RRG9,0.818814947830047,0,0.00018288544002802,0.182762577817647,0.181185052169953,0,-0.0552923683398094,0.745343862123428
HER2,0.879941231345161,0,-0.00317069330364249,0.0498096116558981,0.120058768654839,0,0.0133342531647326,0.226228896495684
YLH47,0.931016752253146,0,0.00174123111133263,0.0733737056819062,0.0689832477468543,0,0.0538193041075622,0.480498917897755
YKR023W,0.853324455498605,0,-0.00403021247010886,0.108414797429971,0.146675544501395,0,0.0186856253821695,0.48971725099741
YIL001W,0.0571378947239859,0,-0.000741685732852586,0.260600622082346,0.942862105276014,0,-0.000684871604079651,0.0686337717590055
YHR033W,0.973114505612415,0,0.00141577170340336,0.0704552553059964,0.0268854943875849,0,0.0133352584212688,0.706068696879312
YGR122W,0.947349945909102,0,-0.00025975916834189,0.0818485812026284,0.0526500540908984,0,-0.0420760253964269,0.638251879245831
VHR2,0.0431811491195261,0,0.00636016159146688,0.391825643129639,0.956818850880474,0,0.00105924134991948,0.056377047245703
YCK3,0.0478118256316432,0,-0.0269257596218236,0.526247381264684,0.952188174368357,0,-0.00123857822209582,0.075803436152805
YBR285W,0.101864272054369,0,0.00267453156973405,0.510758090615501,0.898135727945631,0,-0.00094114155013767,0.11945816579859
YBP2,0.887807945584194,0,0.000178359906702822,0.0704095403182256,0.112192054415806,0,-0.00145394013901891,0.295088116743867
VPS4,0.914514306223445,0,-0.0034248471303027,0.11709947311821,0.0854856937765549,0,-0.020755010115138,0.446300338014511
VPS15,0.862286637318779,0,-0.001933495449338,0.236457719896625,0.137713362681221,0,-0.0623147962536544,0.990863563959932
VPS1,0.888554722690218,0,-0.00212356440522196,0.134049075375972,0.111445277309782,0,-0.00421809557392845,0.498518867021927
VHR1,0.0369221126533331,0,-0.0138232693950382,0.643548635513292,0.963077887346667,0,-0.00030075280548315,0.0510788265670538
VAM3,0.0751404777424548,0,0.00607651177020762,0.299245423444177,0.924859522257545,0,-0.0021298675853144,0.0732983969520624
URN1,0.849642418647573,0,-0.00385304571457491,0.103126981188141,0.150357581352428,0,0.0042225104680925,0.379950469028719
UPF3,0.224354207192036,0,-0.0300589182118261,0.795439726229466,0.775645792807964,0,-0.00793590348689305,0.201422081912842
VAC8,0.117552899196195,0,0.016339350730943,0.55372996179965,0.882447100803805,0,0.00149368405810409,0.117910270841088
URA7,0.928168095098901,0,-0.0016821412505067,0.0820289758441693,0.0718319049010985,0,0.00557319694075332,0.349198573650443
UAF30,0.176564999972581,0,0.00492818614784964,0.491314245252957,0.823435000027419,0,-0.00204416698110794,0.151181924007535
TSR2,0.10881420700005,0,0.00775045970360207,0.398790361431973,0.89118579299995,0,-0.00118666603917152,0.139069465666566
TRM10,0.121776751498583,0,0.0318939479757793,0.558501799044177,0.878223248501417,0,-0.0056677544702453,0.124565482893706
TUB3,0.862038049759057,0,-0.00142637340009462,0.132096796418503,0.137961950240943,0,-0.0387790484064357,0.633786328502165
TSL1,0.765464603052608,0,0.00307225681597429,0.187467723103449,0.234535396947392,0,-0.0390048045118672,0.541457328039742
TRM1,0.0328148261935772,0,0.0361513191192188,0.473034626808086,0.967185173806423,0,6.9537008798255e-05,0.0690698416976762
TPS2,0.122601167382782,0,-0.00581791672100133,0.650345914536908,0.877398832617218,0,2.15733406337524e-05,0.14819659278437
TPK3,0.0591953141476873,0,0.0212951167580188,0.393296287467232,0.940804685852313,0,-0.00114211864539515,0.0861253376992482
TMA22,0.863345845032912,0,-0.0028047086970375,0.102616346257242,0.136654154967088,0,0.00352358278729293,0.3102080063493
TOP3,0.924151508531094,0,-0.00162945317294482,0.115786455093124,0.0758484914689056,0,-0.0575705712200908,0.611892753458125
TMA23,0.156214772215407,0,-0.0102928428686785,0.444126838234868,0.843785227784593,0,-0.000784654302601904,0.125779088971242
THR4,0.918136887811573,0,-0.000954336099467065,0.108782085076964,0.0818631121884272,0,-0.0143542266121549,0.633306057046481
TLC1,0.211212367540105,0,-0.0510231980199408,0.971397394287137,0.788787632459895,0,-0.00646044922048385,0.276408005399197
THP2,0.961741510171949,0,0.000448661980109549,0.100938122124811,0.0382584898280512,0,-0.0347335758248888,0.557827040486207
THR1,0.0776881053315735,0,-0.0173462388845028,0.700186192612888,0.922311894668427,0,-0.00118814414430442,0.108847407912978
TIP41,0.913239852465054,0,-0.00308776780872525,0.0839816598129691,0.0867601475349462,0,0.035726123789103,0.307001946867489
TIF2,0.974054893211466,0,-0.00170619691467318,0.0949244659717314,0.0259451067885337,0,0.0992597853911923,0.519310420405292
TGS1,0.82893521913053,0,0.0033635177053946,0.120850665470262,0.17106478086947,0,-0.00478120754773415,0.389550351024857
THP1,0.831447541568356,0,0.00885865376754777,0.246929762586912,0.168552458431644,0,-0.0673954220436092,0.77714011055933
TCO89,0.131782082438482,0,-0.0129414561563209,0.590720363995064,0.868217917561518,0,-0.00563220768899687,0.144122238618728
SXM1,0.920402613588767,0,-0.000763730442264307,0.0968967223470455,0.0795973864112332,0,-0.00755579153745355,0.425393358239529
SYC1,0.129048768855234,0,0.000708944708607078,0.387198874642672,0.870951231144766,0,0.00239163362155191,0.0935888887183935
SWI6,0.183540753388,0,-0.0580080080641614,0.585233190443589,0.816459246612,0,-0.0132997145528826,0.175546979085935
SUB1,0.0713892442354967,0,-0.00435489599149145,0.37711626475113,0.928610755764503,0,-0.00128573610935431,0.0884948676381991
STE7,0.0266772346290031,0,-0.0249649121137336,0.974665982988272,0.973322765370997,0,-0.00268379968200732,0.116754424714493
STM1,0.0245551609329421,0,-0.00783125117692571,0.67164679577248,0.975444839067058,0,-0.00230014933056146,0.114681029044273
STE50,0.959683046115698,0,-0.000838603287654528,0.0624892297076006,0.0403169538843019,0,0.0396790307085731,0.582699680818301
STE20,0.0644093122309696,0,0.0116633596384861,0.458046765744303,0.93559068776903,0,-0.000594811833596902,0.0569204173395287
STE11,0.0511167054759537,0,0.0178902864063063,0.71209371021111,0.948883294524046,0,-0.00276613462103116,0.0900781977958898
STE14,0.0384110506034834,0,0.0392251386504711,0.509624946275734,0.961588949396517,0,-0.000402266183886474,0.0896105725485396
SSK2,0.0891173670705592,0,0.00166153369944081,0.429822929166886,0.910882632929441,0,-0.000134399082809452,0.0792777663284082
SSK1,0.0962671783244088,0,0.0120025501325911,0.334814533653235,0.903732821675591,0,0.00050105868838246,0.0637508292236707
SSF1,0.873786780569271,0,0.000737381974426953,0.0985836813513476,0.126213219430729,0,-0.0173864332607786,0.373216463594486
SRO9,0.909691688429236,0,-0.00168796730675469,0.170351490918796,0.0903083115707638,0,-0.0230543186683621,0.490403383802849
SPT4,0.112085792979054,0,-0.0150021243594333,0.607842990790024,0.887914207020946,0,0.00141032109070737,0.161905603244907
SPT23,0.0492565915397073,0,0.0298257106687017,0.409568062925027,0.950743408460293,0,-0.0013404279274429,0.0742134906962366
SPT21,0.867717050925513,0,-0.00934498696861296,0.207006051732328,0.132282949074487,0,-0.0852599533426973,0.773321502404871
SNF4,0.0654309779418022,0,0.0163777999530797,0.466583419007848,0.934569022058198,0,0.000268448968642849,0.0968594111663703
SNT309,0.82659700448746,0,-7.31537253216139e-05,0.174819032592652,0.17340299551254,0,-0.018241454375773,0.513188460157269
SNF1,0.957262083127036,0,-0.000526931132429567,0.110664894088563,0.0427379168729636,0,0.0175858628205924,0.613452850802355
SMI1,0.0804411892533449,0,-0.04375735461164,0.442009725370781,0.919558810746655,0,-0.00239857236966259,0.0915740169859925
SLX9,0.0718701374787397,0,-0.017408187181145,0.464149796337918,0.92812986252126,0,-0.00074130687165906,0.100867430615373
SKI3,0.947893483057192,0,-0.0012589969748074,0.115608098053828,0.0521065169428079,0,-0.000789100663294848,0.448534757438272
SLT2,0.0681410295184827,0,-0.00827944873652278,0.322539163627173,0.931858970481517,0,-9.24651901303344e-05,0.06445078826723
SKY1,0.932226152690875,0,0.000439958585643155,0.122671316423673,0.0677738473091253,0,-0.0517062204515635,0.508609840795532
SIW14,0.081586344332542,0,0.00923533800418572,0.405486494058854,0.918413655667458,0,0.00229785221310425,0.101318205740856
SIT4,0.129315739736022,0,-0.0121510203279898,0.714126120355975,0.870684260263978,0,0.00309349183882768,0.199900762207627
SIS2,0.292677710261783,0,-0.0296186526864451,0.55330295223935,0.707322289738217,0,0.00192943425868823,0.160712469478223
SHR5,0.922836505991979,0,-0.00202003104241749,0.0892163184620905,0.0771634940080212,0,-0.0263765237301659,0.427518708183183
SGS1,0.915097445705624,0,-0.00102851353137661,0.112988033493878,0.0849025542943758,0,-0.0238998112987216,0.534308333654903
SER2,0.920983364146296,0,-0.00196816346241171,0.0711966713140792,0.0790166358537035,0,-0.0356790072893643,0.387073602891027
SEH1,0.0795843833947611,0,-0.0296753055204807,0.690956002899106,0.920415616605239,0,-0.00429773203879208,0.143491344187929
SET4,0.129110779600211,0,0.0164988355288074,0.434730102473805,0.870889220399789,0,-0.000192092671091039,0.0950750041869756
SAT4,0.0602201047423511,0,0.0228368604854553,0.438089485741574,0.939779895257649,0,-0.00225010506582714,0.080388013392094
SAP190,0.0331779635256875,0,-0.065899924229527,0.700004717741624,0.966822036474313,0,0.00384121168719105,0.100747059443458
SBP1,0.941031297404091,0,0.000560532452678811,0.103738462143706,0.0589687025959093,0,-0.0660601932240121,0.548315154684364
SCS2,0.935627005593582,0,0.000373050952327451,0.0871196001631627,0.064372994406418,0,-0.0290014879589684,0.406923077143134
SAP155,0.110678304354049,0,-0.0250233120675445,0.497986813208936,0.889321695645951,0,-0.00451319318413984,0.105245195667951
SCP160,0.0745109662619051,0,0.0261211961540614,0.300351887160123,0.925489033738095,0,-0.000735997216602922,0.103586540620262
SAM4,0.923363400945803,0,-0.000968197216735437,0.131800291170937,0.0766365990541966,0,-0.0182455838490046,0.654173166756851
RTT103,0.214615256641943,0,0.00249763576884596,0.400321058624815,0.785384743358057,0,-0.000173792731422961,0.096581628797621
SAM1,0.960893169712015,0,-0.000879021480058789,0.0591716013089791,0.0391068302879853,0,-0.00841349457518125,0.690297722088688
SAC1,0.124265455949797,0,-0.0175497985123814,0.409003497148974,0.875734544050203,0,-0.00164620689378941,0.0904876300922234
RTS1,0.112399533058803,0,0.0110898771427975,0.486689156535378,0.887600466941197,0,-0.00304075929142653,0.0993511104645711
SAC3,0.133460751732151,0,-0.0554405410157385,0.61053413446237,0.866539248267849,0,0.00268774666916605,0.183390812728038
RTR1,0.104362739420595,0,-0.0110066760716268,0.322991569936623,0.895637260579405,0,0.00984785437149595,0.109118443081857
RTT107,0.922061357697108,0,-0.00137135121017282,0.0869934692223127,0.0779386423028916,0,-0.0324880784814901,0.37474994490302
KAP120,0.154256635467821,0,-0.0160900800324163,0.563596598228875,0.845743364532179,0,-0.00117580590195521,0.159050889670428
ACO1,0.825889811932893,0,-0.00237916010424091,0.268663313574342,0.174110188067107,0,-0.0669666386151587,0.953542165588463
AIM1,0.978096038077201,0,-0.000692972891772322,0.0457319353133434,0.0219039619227986,0,-0.155081721339912,0.448135375255276
APN2,0.07136173104769,0,0.0133937373957817,0.285074659884005,0.92863826895231,0,-0.00192945949349119,0.0647012377303277
ASK10,0.943291582730147,0,-0.000906278744620853,0.104995720799594,0.0567084172698528,0,-0.0390704933344775,0.572396709854333
APQ12,0.893912420432147,0,0.00223225797454571,0.1031358485682,0.106087579567853,0,0.0047618571195501,0.46762489999561
ARG82,0.893589592616144,0,0.000580478118422773,0.187231372954339,0.106410407383856,0,-0.0564002511585494,1.0451185679125
ATG21,0.92998379574755,0,0.000436890371643299,0.0719593652503775,0.0700162042524498,0,-0.0116374821478713,0.276651518616728
ATG23,0.0816362806875048,0,0.0200315963763834,0.455138671984843,0.918363719312495,0,0.000981665841917387,0.0746506033743332
ASC1,0.106062237858577,0,-0.0761248652083494,0.734694222953417,0.893937762141423,0,-0.00510802899801602,0.204310601942504
ATG32,0.932449775856013,0,0.00105541002504939,0.0796599979537233,0.0675502241439871,0,-0.00648122568681348,0.477599197014606
ARX1,0.913255348555629,0,-0.000196112331963855,0.104818470144208,0.0867446514443706,0,-0.0241901634600844,0.444667250906079
BCS1,0.0503505998761482,0,-0.0269919755594217,0.316031080672091,0.949649400123852,0,-0.00169609074571683,0.10648313824243
BCY1,0.178710511077327,0,0.00576671288756522,0.943401661073541,0.821289488922673,0,-0.00213339831542168,0.288111888160944
BIK1,0.933811028432231,0,-0.000852752166549864,0.078845371496921,0.0661889715677689,0,0.0131163800709976,0.253262925228447
RTC1,0.925149330605523,0,0.00138108517635981,0.0736628419861803,0.0748506693944771,0,-0.0373961666924163,0.560070323716717
ASI2,0.0857088135640436,0,0.0275484206701096,0.384743937052484,0.914291186435956,0,-0.000491833023236264,0.0883767949795611
ADD66,0.08773512209736,0,-0.00169449246961375,0.452025319916424,0.91226487790264,0,-0.000833153071439329,0.105044420219714
APC9,0.107980032140457,0,-0.0101608946854986,0.320420176776031,0.892019967859543,0,-0.000589575150681723,0.0657481858866825
ASE1,0.0702237107257885,0,-0.0203315837634969,0.347487985620583,0.929776289274212,0,-0.00162727350548592,0.0612876626475179
BUL1,0.0544172920723776,0,0.0247346526241583,0.644711568342411,0.945582707927622,0,0.000663764040248506,0.0811250966329411
CDC26,0.902785133785992,0,-0.00364378888891327,0.102370849921603,0.097214866214008,0,-0.0393741047504619,0.436463990987217
BRE5,0.10476369075345,0,0.00924220513634616,0.648232550691893,0.89523630924655,0,0.00336062738190007,0.200260701950675
DMA1,0.988531069932653,0,-0.00321188331239003,0.15298959233027,0.0114689300673467,0,-0.0675690375457515,0.61946543961995
ATG10,0.106259388283272,0,0.0193589658713735,0.284420862701906,0.893740611716728,0,-0.00144808083238982,0.0842604687909449
BMH1,0.93602796707758,0,0.00433149998956622,0.136620955432969,0.0639720329224196,0,-0.0157867489267964,0.627962690353809
CPR6,0.0457686507232093,0,0.0450036581608475,0.424733139439113,0.954231349276791,0,-0.00073148532149926,0.0708283120296443
BRO1,0.915456325963553,0,-8.50883178299487e-05,0.11285788593784,0.084543674036447,0,0.00119449841821737,0.462492401155545
CDH1,0.107437194136128,0,-0.00166902265463046,0.40626680978734,0.892562805863872,0,-0.00470393744440037,0.0932235552611792
CUE1,0.963992576364928,0,-0.00156110053684043,0.0616775782806115,0.0360074236350717,0,0.0164001615427082,0.475738058547448
DID4,0.116693162338375,0,-0.00816471092246737,0.665336819739851,0.883306837661625,0,0.000798903733969426,0.203380131310609
DOC1,0.876059011037872,0,-0.00678492306891105,0.184062039613522,0.123940988962128,0,-0.0576466591405523,0.704157917024202
DOA1,0.0710691261948533,0,0.0246466171267762,0.529416085416337,0.928930873805147,0,0.00168820937164302,0.114254868012452
ECM30,0.0738482063109187,0,-0.0265405461686299,0.447522864107626,0.926151793689081,0,-0.000142322715147681,0.0670983907515485
DEF1,0.150475994279502,0,-0.0197912638545157,0.769828235754273,0.849524005720498,0,-0.0040273017651166,0.28267765631405
ELC1,0.914388693409562,0,-0.00206668640131331,0.0746299040399691,0.0856113065904384,0,-0.0175434651164287,0.293663884029578
ELA1,0.105113847916896,0,-0.0251401760656498,0.323591616151491,0.894886152083104,0,-0.000391877003672133,0.0776204111947319
ELP2,0.082192830262395,0,0.0280102772677481,0.513018853951141,0.917807169737605,0,-0.00189794600382022,0.161976603957123
ELP4,0.117683406729053,0,0.0177368611081737,0.536939297461732,0.882316593270947,0,-0.00131805477897775,0.144656067145599
ELP6,0.122113807159559,0,0.0250730462929565,0.686439395288439,0.877886192840441,0,-0.00133527190446649,0.194919762409928
EDE1,0.137889762523507,0,-0.0166884840853283,0.3642392407907,0.862110237476493,0,-0.00238313385208615,0.0906663486109402
ESC2,0.919416525710761,0,-0.000103000072728336,0.11568645159165,0.0805834742892385,0,-0.0482259925497141,0.723371189211287
GGA2,0.0307057599574839,0,0.00266109304007182,0.478397722661257,0.969294240042516,0,0.000187403564597732,0.0665783162766408
GRR1,0.819420939146467,0,0.00720724748008093,0.256380175524909,0.180579060853533,0,-0.106631114627546,1.27338648374023
HSE1,0.85256535597053,0,0.00135496374907177,0.205853449854505,0.14743464402947,0,-0.0448897267486908,0.645549998179897
HSC82,0.889311540631837,0,-0.000816391421408454,0.0902269318504938,0.110688459368163,0,-0.0158813065372455,0.353985204207036
IRC25,0.824533826467658,0,-0.000617331261203661,0.114030286472989,0.175466173532342,0,-0.0223888924232491,0.350269048238572
ITT1,0.182435246024943,0,-0.00726821272721431,0.270911192886955,0.817564753975057,0,0.00076630925198926,0.101916710845622
KTI12,0.0897214686884088,0,-0.0108095059702562,0.435312120274897,0.910278531311591,0,0.000402825299635274,0.109859344023004
IKI1,0.0763150685520416,0,-0.0179388263227767,0.496662957140694,0.923684931447958,0,0.00128162515559017,0.154935401488541
MUB1,0.892349965751563,0,-0.00108969475266317,0.0975522123146647,0.107650034248437,0,-0.0041028556292066,0.329902718412332
MDM30,0.0859855618020015,0,-0.0442744162593306,0.454051981607577,0.914014438197999,0,0.00118510928006564,0.113109085744016
MFB1,0.94867053646402,0,-0.00106067937923649,0.0913802008212274,0.0513294635359805,0,0.00039513709456241,0.336490414760345
NCS2,0.126389819338712,0,-0.0272754787364879,0.421612756183129,0.873610180661288,0,0.00273784672263791,0.133601191341816
NCS6,0.849590685816437,0,0.00178259280920912,0.133705221553577,0.150409314183563,0,-0.0353349347498918,0.412466630557234
NFI1,0.114528938057991,0,-0.0197408636201431,0.338837688729963,0.885471061942009,0,-0.000889852467314005,0.0913577824541264
PBA1,0.0612639871255837,0,0.00436950815178226,0.304305487268679,0.938736012874416,0,-0.0014817703471436,0.0761199707193802
PEP3,0.88788984287043,0,-0.00352147875423124,0.140591700757302,0.11211015712957,0,0.0234407619907146,0.631412096983858
PEX10,0.035936270573607,0,0.0437176080767476,0.473272113791898,0.964063729426393,0,-0.000878521786439269,0.108650670009967
PEP5,0.88898230575353,0,-0.0028215217375725,0.13694548863489,0.11101769424647,0,-0.00526157611436389,0.608967889566004
PEX12,0.967931875126134,0,0.000131765494128765,0.0516376435756676,0.0320681248738659,0,-0.0108989572421978,0.400664009758974
PEX2,0.940992801941249,0,-0.000756287973704261,0.0571764909945386,0.0590071980587509,0,0.00337547470333269,0.413595588044807
PEX22,0.959447357503946,0,0.00117772874316866,0.0726598802774787,0.0405526424960535,0,0.0417893653950566,0.416920201829844
PEX4,0.0758753315355646,0,0.0513452408581351,0.500992813779068,0.924124668464435,0,-0.00226856554909643,0.121206592390401
PEX5,0.845531242997023,0,-0.00572840573462766,0.114605160630461,0.154468757002977,0,-0.00301222805228845,0.3976982905194
RAD23,0.0583407395686419,0,-0.00394989681456038,0.402582775690146,0.941659260431358,0,-0.000327429653553373,0.0707909937408131
POC4,0.14654325511212,0,0.00406474307772796,0.453544221666576,0.85345674488788,0,0.00238339629787051,0.101299996617211
PTH2,0.943108869493061,0,-0.000382601771748233,0.0723340703969751,0.0568911305069389,0,-0.0172122046404962,0.379093174085543
PRE9,0.820607149889305,0,-0.000584403117911781,0.18552494267506,0.179392850110694,0,-0.0158406687808662,0.550836934658962
RAD18,0.898618343486852,0,-0.0010153558949603,0.1276528911659,0.101381656513148,0,-0.0255889948298721,0.517350897253949
RPN10,0.899847503656382,0,0.00122894206160573,0.14636751973192,0.100152496343618,0,-0.0117346096170745,0.459133950036755
RAD5,0.883550693514816,0,0.00155258134385655,0.123790793205778,0.116449306485184,0,-0.027287116957459,0.390153883951096
RCY1,0.870162181592924,0,0.00160559211169891,0.211951479189984,0.129837818407076,0,-0.0892623281642598,0.875711964137034
RAD26,0.0665494724041616,0,-0.0493695438925046,0.421316880024084,0.933450527595838,0,-0.000773154510446148,0.0894435517143234
ULS1,0.0637527430850817,0,-0.0136880651993991,0.391246903524801,0.936247256914918,0,0.000639484457642009,0.0813821728464851
RPN13,0.243221357102504,0,-0.0317395617071607,0.534970388943866,0.756778642897496,0,0.000333974578426559,0.135611462211659
SLX5,0.120642349324171,0,-0.0665026485107298,0.977865231849583,0.879357650675829,0,-0.000404887979606088,0.262137334044554
SAN1,0.0809481617107884,0,0.00438613134182514,0.322913348492195,0.919051838289212,0,-0.000557270757034326,0.112117129142831
SLA1,0.873760576242722,0,-0.00147979583220902,0.11801788316081,0.126239423757278,0,-0.0247799283309105,0.48340608964365
SEM1,0.111325154635659,0,-0.0384079539935384,0.581218880756059,0.888674845364341,0,0.000993922170132774,0.152766279570767
SLX8,0.0645765654845052,0,-0.0819517053378522,0.82187206252926,0.935423434515495,0,-0.0023228769815934,0.242811932448523
SNF8,0.0906408250576651,0,-0.0228598262334963,0.773437336154695,0.909359174942335,0,-0.000761478585728102,0.130081723322785
SNF7,0.916697772813881,0,0.00408583638476199,0.146913851585643,0.0833022271861192,0,-0.0697298629058771,0.819891231409077
SWA2,0.191759710875191,0,-0.0662812526232085,0.878879932259703,0.808240289124809,0,0.00422553957152093,0.244381321354217
SWM1,0.903731570432152,0,-0.00137149415531681,0.0824919235906161,0.0962684295678477,0,-0.038472601468239,0.412837298117245
SRN2,0.0714628780488058,0,0.0168900765717951,0.427953377905319,0.928537121951194,0,0.000413746941881535,0.0663206072595043
STE5,0.066971717837176,0,0.0341002333788073,0.673383210615109,0.933028282162824,0,-0.00164348432472413,0.0804329466936195
SSM4,0.962799551962904,0,-0.0025981438218548,0.0720211100513234,0.0372004480370959,0,-0.0043038774199273,0.483223040973206
TOM1,0.943063539760176,0,-0.00119798229330229,0.13391133478903,0.0569364602398245,0,-0.016629627956855,0.585283709845555
UBA4,0.88786854404269,0,-0.000102005707126671,0.141641556099972,0.11213145595731,0,0.0010556052547108,0.469913875474599
UBC4,0.920851147151072,0,-0.00614111686825716,0.164596207826761,0.0791488528489279,0,0.00238745169996578,0.584714910509933
UBA3,0.131093807698292,0,-0.00920563873682016,0.287594930422196,0.868906192301709,0,-0.00159274373222527,0.0801994919980833
UBP1,0.0459403577281899,0,0.0163049598121661,0.311920156580232,0.95405964227181,0,-0.000211471001705977,0.0626322347724985
UBC6,0.0378473311248002,0,0.0271256577981042,0.467895868137601,0.9621526688752,0,-0.00293812852825859,0.0738202351052259
UBP13,0.950748368426112,0,0.00105129565364636,0.0589656492804362,0.049251631573888,0,-0.0569081364590536,0.565231069181504
UBP10,0.81406361802736,0,0.000173177575619482,0.162706491842426,0.18593638197264,0,-0.0144300795237556,0.554414877127373
UBC8,0.901879660890439,0,0.000249907935323095,0.0969074651451698,0.0981203391095605,0,0.0288303563116135,0.309890349200927
UBP14,0.0760182905288817,0,0.00158892579133981,0.332828207675625,0.923981709471118,0,-0.000202661792365449,0.0727614958336394
UBP15,0.935807529350304,0,-0.00181387531213489,0.102124068819088,0.0641924706496958,0,-0.0416403231699457,0.68347572979306
UBP3,0.111203979565616,0,-0.0337589535359985,0.739099464396968,0.888796020434384,0,0.010421907632841,0.258837510500266
UBP16,0.900661729809186,0,-0.00104000222011344,0.0823027247251463,0.0993382701908141,0,0.0401262370194555,0.344703885193834
UBP6,0.934903765948317,0,-0.000869420231156639,0.0799504205581433,0.0650962340516833,0,0.0557626087481565,0.405570549157181
UFD2,0.933538823627421,0,0.000624243221599181,0.102854751808186,0.0664611763725791,0,-0.0179335089629962,0.457124946236643
UBR2,0.709386721570837,0,-0.00111630447779862,0.116127014671959,0.290613278429163,0,-0.00322056511454884,0.314931676453914
UBX3,0.100982244714115,0,0.00884598678754489,0.298957560855857,0.899017755285885,0,-0.00131163639116243,0.0699027930785333
UBR1,0.0408073880295901,0,0.0233779150140166,0.512129900096527,0.95919261197041,0,-0.00369790641998378,0.174691022087898
UBX2,0.102851412228718,0,-0.0520171629006025,0.67081969531749,0.897148587771282,0,0.00159349384993155,0.127087570238164
UFD4,0.0713577170239738,0,0.0399906086417687,0.467518189981573,0.928642282976026,0,-0.00241892757232571,0.0797818894749916
URE2,0.913431433283074,0,-0.000364007579391071,0.109614022873413,0.086568566716926,0,-0.047010914040097,0.616672546433202
URM1,0.907684447045056,0,-0.0016205154265161,0.193204951885035,0.0923155529549436,0,0.0420213124705196,0.716696024676661
VAM6,0.929151370849639,0,-6.89830910012509e-06,0.0863528202349323,0.0708486291503607,0,0.00118523096941526,0.411631206105176
VPS16,0.845014262036248,0,-0.000587859106708635,0.217406894852461,0.154985737963752,0,0.00470981325328258,0.705530470848515
VPS24,0.108509023916789,0,0.0224375033593736,0.404754871895657,0.891490976083211,0,-0.00169652741895644,0.0798315748700994
VID28,0.103224018805143,0,0.0221374236554677,0.47127748353977,0.896775981194857,0,0.00122161403472248,0.0844894584424767
VPS8,0.870987285666136,0,0.00164168533518643,0.183106824547847,0.129012714333864,0,-0.0448909461693171,0.633104339458449
VPS27,0.926421841498123,0,-0.00107941974508905,0.119347501255079,0.0735781585018767,0,0.0157392415453445,0.505388394896691
VPS36,0.894939188507257,0,0.000772257117619551,0.112676581523582,0.105060811492743,0,-0.0274125942204269,0.748046114005607
VPS3,0.149430257610867,0,-0.0248357370626665,0.623166461741307,0.850569742389133,0,-0.00269079011318467,0.147373889385506
VPS41,0.905766585403189,0,0.00193635677484028,0.154602191600159,0.0942334145968105,0,-0.0355713057421914,0.560343590982067
VPS9,0.0732218723997912,0,-0.0162899457162255,0.580767253035767,0.926778127600209,0,-0.00152591250875765,0.11099012956479
VPS28,0.906982724546174,0,-0.000210468440161638,0.0949702789999231,0.0930172754538263,0,-0.0167401585493159,0.690699732927022
WSS1,0.0557238488047795,0,-0.0446226626647238,0.518395886466187,0.94427615119522,0,-0.00106796285776609,0.0997915754990491
YDR306C,0.925110048322578,0,-0.00242237313059859,0.0765613237711539,0.074889951677422,0,-0.005561157050101,0.345505745569271
YLR352W,0.9130418887176,0,-0.00104894561470265,0.0913638128724476,0.0869581112824005,0,-0.0181911706923111,0.333497658663705
ETP1,0.105271813133082,0,-0.00973147240223467,0.301618655658084,0.894728186866918,0,-0.0020332019438968,0.0757746573453872
ARP8,0.810725898852085,0,0.00167186878387604,0.15632999322035,0.189274101147915,0,-0.020085353378644,0.505180707306762
YKU70,0.883250382197842,0,-0.000512060563966364,0.0563485270301451,0.116749617802158,0,0.0105763962741897,0.311929768876426
YKU80,0.891441685473755,0,0.000774048034341012,0.0660162879236662,0.108558314526245,0,0.00518209557425882,0.300586908870589
UBP8,0.128924515011633,0,-0.0296713754152355,0.278677349146458,0.871075484988367,0,-0.00569407813601837,0.112667536359945
YAF9,0.152169247421177,0,-0.0314342209280868,0.405410594048068,0.847830752578823,0,0.00226269770155022,0.120576652553089
VPS72,0.120871259903407,0,-0.0128896525017197,0.348835689503661,0.879128740096593,0,0.0015948356211937,0.10035838447828
VPS71,0.869709153250274,0,-0.00037372146708649,0.10484429205591,0.130290846749726,0,-0.000287670564957301,0.341936442558073
UME1,0.0801204003531835,0,-0.00284257261497514,0.354393928354974,0.919879599646817,0,0.00173912680211984,0.0960667439619872
TUP1,0.17200298037634,0,-0.0725285717713795,1.63537337415258,0.82799701962366,0,-0.00898064548158576,0.214703585855736
SWR1,0.116678717012829,0,-0.00981796169454005,0.438664456387448,0.883321282987171,0,0.00256726679609111,0.118730821961556
SWI3,0.868542446551642,0,-0.0058192793300335,0.173205196321738,0.131457553448358,0,-0.0367615745349504,0.799308107059954
SWC3,0.106543582038562,0,-0.000621491740849226,0.314343487350578,0.893456417961438,0,0.00187939573899301,0.0922425312294695
SPT8,0.109344608239473,0,0.00682534140911946,0.635955399720348,0.890655391760527,0,0.00131453075144367,0.127259747502827
SUS1,0.910419658955035,0,-0.00668505538876026,0.159657656739751,0.0895803410449655,0,-0.0550295116392391,0.525594988037793
SPT3,0.120985592651261,0,-0.0140274001449376,0.733670222657967,0.879014407348739,0,0.00244508575846124,0.159554174008631
SPT7,0.863862654875083,0,-0.00472758451116744,0.244453624435938,0.136137345124917,0,0.0485426275274297,0.971022244630208
CYC8,0.798172058663669,0,-0.00147927997663783,0.344835440862478,0.201827941336331,0,-0.0768697426255543,1.8345997330219
SWC5,0.116565019587652,0,-0.013080581510294,0.383542965815961,0.883434980412348,0,0.000962687635641172,0.111133896265637
SIR2,0.950245864907882,0,-0.00676709678359333,0.113288909775668,0.0497541350921179,0,0.115048852393344,1.12261567452132
SPT20,0.195025482712353,0,-0.014404343746779,0.886736754679075,0.804974517287647,0,-0.00312347762735185,0.250193361033821
SIR4,0.0583776325741848,0,0.0815610814058569,1.07998599014376,0.941622367425815,0,0.000808662734039736,0.10608860765482
SNF2,0.901714294996703,0,-0.0015670506586994,0.152675765677635,0.0982857050032972,0,-0.019916539018353,0.968726092146649
SNF11,0.935457589803788,0,0.00153532694690819,0.082187506286472,0.0645424101962124,0,-0.00384726132039781,0.420114538886886
SNF12,0.131176289430979,0,-0.0669043536289988,0.849153228744039,0.868823710569021,0,-0.00294619273697311,0.159681192989062
SNF5,0.117634802974463,0,-0.041975206078374,0.775038715884907,0.882365197025537,0,-0.00658152251661582,0.18722053794123
SIR3,0.0667923698446565,0,0.0639010084714963,1.01618509072043,0.933207630155344,0,-0.00384174318765788,0.105363880695897
SNF6,0.829857112854311,0,-0.00172177837566795,0.140873830830147,0.170142887145689,0,-0.0391802399318421,0.674562199339461
SIR1,0.0152272112251622,0,0.0901851146818935,0.708537360944061,0.984772788774838,0,-0.000434171462827602,0.0728639747034756
SIF2,0.0903911490871169,0,-0.0581291145053966,0.401962974925608,0.909608850912883,0,0.00204888272668769,0.129978022122058
SIN3,0.832582965747617,0,-0.00482391265369398,0.201048187309529,0.167417034252383,0,-0.043596020533207,0.730354366675046
SGF29,0.121430631701736,0,-0.0263343489941607,0.497057476586916,0.878569368298264,0,-0.00448077552379871,0.135909970700571
SGF73,0.862322678768191,0,-0.00442809257719525,0.172743021536121,0.137677321231809,0,-0.00104427699615684,0.592022545208908
SET3,0.892895764904136,0,0.00495963645744292,0.118455564156741,0.107104235095864,0,-0.0260792139768212,0.343782891657322
SET2,0.156988003852687,0,0.0112798336383975,0.497688138901107,0.843011996147313,0,-0.00315772842901445,0.135367097912342
SAS4,0.0816712543045094,0,-0.0808288757072178,0.563341006595454,0.918328745695491,0,-0.000858152559384148,0.106682377323869
SDS3,0.176687982933379,0,-0.0235416733685119,0.657589897247597,0.823312017066621,0,-0.00373712271276644,0.185752150650377
SAS5,0.969762917725379,0,0.00123077210186485,0.0751785549231496,0.0302370822746212,0,-0.127511973291699,0.581132361966283
SAS2,0.946702034884959,0,-0.00125145699223748,0.0831284143317209,0.0532979651150411,0,-0.107252920348155,0.714559547109009
RTT106,0.885037448475232,0,-0.00414441631636285,0.126759324462027,0.114962551524768,0,-0.0358989515127265,0.464681055594759
RXT3,0.140878854936101,0,0.00723924952930819,0.338969768631983,0.859121145063899,0,-0.00424146854248644,0.131364798297659
RTT109,0.2148695532183,0,-0.0635133856676583,0.699727970473524,0.7851304467817,0,-0.0153034379183008,0.173647176759668
SAP30,0.821057896086863,0,0.000313360369120462,0.17215568427808,0.178942103913137,0,-0.027435090103132,0.584890112531574
RXT2,0.177784856464245,0,-0.010718189553943,0.529826099829663,0.822215143535755,0,0.00277989568032899,0.1565057507481
RTG2,0.0714638374549355,0,0.0129949873169723,0.600387606926473,0.928536162545065,0,0.00148706014234896,0.0878211456680442
RTF1,0.924247690404959,0,0.00572585243042914,0.237540969604955,0.075752309595041,0,-0.0879464499289156,0.728304770084271
RCO1,0.872344008441732,0,-0.000552223951997587,0.100494887780419,0.127655991558268,0,0.000299608441549142,0.388827955541136
RSC2,0.877874053478351,0,0.000188892660330423,0.231415044133764,0.122125946521649,0,-0.0904490826833157,0.830489527148389
RSC1,0.168329668280095,0,-0.0190181245767068,0.498591037300286,0.831670331719905,0,0.00135058116164054,0.155588029552244
RPD3,0.159824694394155,0,-0.0633218733348002,0.825937716584901,0.840175305605845,0,-0.0048937011079729,0.216237206565217
RFM1,0.934253274605049,0,-0.00329907394439292,0.0913577106661623,0.0657467253949512,0,-0.0741119064985963,1.05532425724535
NOT3,0.118508855172167,0,-0.0222876943014671,0.389297459583102,0.881491144827833,0,0.00285799501596249,0.130804000212797
MSI1,0.89366579237957,0,-0.00334315924198602,0.11382089933522,0.10633420762043,0,-0.00556096596438476,0.540820981731494
PHO23,0.827713584347358,0,0.00417897789410834,0.15937985787628,0.172286415652642,0,-0.015539086895269,0.543609465952889
RAD6,0.856016013568689,0,0.00340189032812058,0.279725845431932,0.143983986431311,0,-0.0189468391628467,0.699358408547009
NGG1,0.133602558825777,0,-0.0431271139685799,0.781750816908227,0.866397441174223,0,-0.00351732847524942,0.211858802579422
PAF1,0.163989548512898,0,-0.0374436828309823,0.802137189077024,0.836010451487102,0,0.0103135181579194,0.335070075812755
NPL6,0.22055695198087,0,-0.048646084326266,0.699443356080394,0.77944304801913,0,0.00892806673232545,0.208804039276207
SOH1,0.894368295440432,0,0.00785928164633716,0.160215522912122,0.105631704559568,0,-0.00128054051310393,0.545988631773726
NUT1,0.908255016616446,0,-0.000721970814165177,0.108803346309587,0.0917449833835542,0,-0.0193485356535803,0.509195387600896
CSE2,0.878579537286018,0,0.00316072735013491,0.157242099283496,0.121420462713982,0,-0.067952359272533,0.72346788411129
PGD1,0.829189793733167,0,-0.00473398826474962,0.156095607094088,0.170810206266833,0,0.0128722317989474,0.650392964346726
SRB5,0.116133370583318,0,0.0152499031862505,0.644498623651641,0.883866629416682,0,0.00677377167311849,0.18358721840329
MED2,0.839402301519079,0,-0.00442893302566479,0.202336799647431,0.160597698480921,0,0.0153212344709387,0.765863110892971
SRB2,0.891147544700184,0,0.0111285537418935,0.215877481629974,0.108852455299816,0,0.0218315329619348,0.73090352069001
GAL11,0.820894339880983,0,-0.00385819071528234,0.250886109269034,0.179105660119017,0,0.00889330213021014,0.862990665490397
SIN4,0.866397015684232,0,-0.00719792366510035,0.162648257516878,0.133602984315768,0,-0.0215534963106709,0.71734194275807
MED1,0.885542793218049,0,0.00203688869741794,0.138998017383541,0.114457206781951,0,-0.0428143882574471,0.680990382635388
LGE1,0.0861066593532766,0,-0.03665629290295,0.608309113784745,0.913893340646723,0,0.00104601614250485,0.202123944603413
JHD2,0.120005757585102,0,-0.000118909951180935,0.277222868860535,0.879994242414898,0,0.000405101957253711,0.0745476580804686
LEO1,0.90686217663302,0,0.0073526904774484,0.123628628585525,0.0931378233669796,0,-0.0381790297957889,0.449763794604749
LDB7,0.872242174677622,0,0.00287309466013681,0.116098527089062,0.127757825322378,0,0.0177238140255246,0.421507841574023
ITC1,0.111033532890316,0,-0.01806790262978,0.505615426052598,0.888966467109685,0,0.00139974390026337,0.0926532293811898
HST1,0.943085387463391,0,-0.006053431261894,0.108723308426654,0.0569146125366094,0,-0.0612983754301347,1.05187798597809
IOC4,0.939787014241246,0,0.00148715513786533,0.0861605896126817,0.0602129857587541,0,-0.00509143333598658,0.419228693658769
ISW1,0.11968588938973,0,-0.0312463121674126,0.507442012498456,0.88031411061027,0,-0.00175299480061232,0.0976203026500136
HTZ1,0.132913872576925,0,-0.00814845615820164,0.491543965390929,0.867086127423075,0,0.00227228681068029,0.135386265249922
IOC2,0.0757638799177189,0,-0.0239212643202979,0.379168614364575,0.924236120082281,0,1.75834731956658e-05,0.0975614200331649
HTL1,0.186748197219654,0,0.00356117373217245,0.51333348010778,0.813251802780346,0,0.00411757221961916,0.145703810420283
IES5,0.870611314126586,0,-0.00149302583377981,0.0833035552367953,0.129388685873414,0,-0.0212958952857267,0.341149774717021
HOS4,0.0789954644607077,0,-0.0208797849531878,0.292646764832237,0.921004535539292,0,-0.00555569076134685,0.076642773867457
IES3,0.888425860977884,0,-0.00054611051465928,0.120228814012696,0.111574139022116,0,-0.0314356635028724,0.518078543374318
IOC3,0.0594350342368758,0,0.0184303088978865,0.440071945471154,0.940564965763124,0,-0.00318667030873275,0.0825137623293517
IES2,0.884487664897195,0,0.000859020077939173,0.166150583317884,0.115512335102805,0,-0.0377174974900395,0.637074827113201
HOS2,0.0786520405096341,0,-0.0197157549586997,0.318376662618633,0.921347959490366,0,0.00319496457597945,0.106545733343228
IES6,0.834421319464399,0,0.00425899963022521,0.258452894388252,0.165578680535601,0,-0.0357069631559169,0.780794434253086
IES1,0.903612417852076,0,-0.00120052963990913,0.0766318823826587,0.096387582147924,0,-0.0178028212920958,0.304175129450805
HPC2,0.960149193376611,0,-0.003352908374226,0.11319316861259,0.0398508066233893,0,-0.029793696254637,0.372136990864537
HIR1,0.902162662135097,0,-0.00199905086514326,0.0843186875684947,0.0978373378649034,0,-0.00126107865975342,0.289204533822861
HIR2,0.919846600072161,0,-0.00271673799062604,0.0694699993405407,0.0801533999278391,0,-0.0266718326053093,0.2637484031917
HDA2,0.103766744860079,0,-0.0191664590043553,0.451803349024104,0.896233255139921,0,0.00289451902863378,0.0963755227253747
HDA1,0.0985965756857758,0,-0.0116757265734113,0.490352045170557,0.901403424314224,0,0.00280564277325274,0.0909486667554116
HDA3,0.900972820344303,0,0.00243901330441953,0.0996858599751851,0.0990271796556973,0,-0.0255163618611908,0.492827318310879
ESC8,0.955771019633808,0,-0.000149275039134262,0.0763531610593304,0.0442289803661919,0,0.0144797369606515,0.349564192644244
GCN5,0.121820227596001,0,-0.0402977479820413,0.780683830188408,0.878179772403998,0,-0.00639154781353714,0.221511306480373
DPB4,0.894883538715398,0,-0.0041339666561842,0.0835688756635405,0.105116461284602,0,-0.00893006830479311,0.36748143688877
CHD1,0.827141121275186,0,-0.00580522969263469,0.109455321358535,0.172858878724814,0,0.0046675345157557,0.310953431453804
BUR2,0.833200099470436,0,0.00281859098104495,0.298390304898515,0.166799900529564,0,-0.0715111813481569,0.727852844189054
CDC73,0.852995674685,0,0.00985418808410849,0.229122836378996,0.147004325315,0,-0.0242860016294323,0.71572395630444
EAF6,0.952170690470629,0,0.00282703077684822,0.100477776844624,0.047829309529371,0,-0.0387736452989506,0.398210122695661
DEP1,0.170336181553709,0,-0.0316717888181689,0.673643412307738,0.829663818446291,0,-0.00382528873750473,0.181911394897477
CAF130,0.0733660137172667,0,-0.0284469524795363,0.400332291290566,0.926633986282733,0,-0.00105838906608049,0.0982220193668664
EAF1,0.224653754041975,0,-0.024095452500301,0.508800575629622,0.775346245958025,0,0.00776820996965673,0.186841122233884
CTR9,0.149186037429859,0,-0.0143010594426589,0.876817784243992,0.850813962570141,0,0.00829712299311276,0.348061091857954
EAF5,0.106898006429645,0,-0.021575704744713,0.388224716051513,0.893101993570355,0,-0.00319974957337988,0.11967464285405
EAF7,0.889479620190962,0,-0.00509941773476175,0.135023942375143,0.110520379809038,0,-0.0525748428404535,0.53481409224271
CTI6,0.111353779917438,0,0.0525471434183013,0.53757030320087,0.888646220082562,0,0.00689092088034519,0.136219835886925
CAC2,0.839084574109543,0,-0.003337501400296,0.136050966160691,0.160915425890457,0,-0.0222581952601523,0.578796169962986
CCR4,0.303766004609309,0,-0.0354322778797886,0.701783935910379,0.696233995390691,0,-0.000238843980846271,0.22832823607686
DLS1,0.0832884554365732,0,-0.0292939894385566,0.35485671190573,0.916711544563427,0,-0.000952486557238149,0.0912886221906433
EAF3,0.130892239360615,0,0.00795419694710869,0.357003183769486,0.869107760639385,0,0.000475882467241806,0.0910890066087749
RLF2,0.113780921823878,0,-0.0188796902495196,0.50107181902777,0.886219078176122,0,-0.00174695502202394,0.10772367542862
CAF40,0.119153457306014,0,-0.0213339276457464,0.387867967878583,0.880846542693986,0,-0.000555492084750839,0.112677508996296
BRE1,0.875043114064697,0,0.000114060555769662,0.220410373873411,0.124956885935303,0,-0.0373642939818843,0.593201923207686
ASF1,0.11628277100692,0,-0.0807805039305221,0.559728426452531,0.88371722899308,0,-0.0233277361711105,0.16926367732528
ARP6,0.878472871286496,0,0.00108696313344495,0.105412776091394,0.121527128713504,0,-0.00629173669636713,0.359705833839717
NRG1,0.0609029051254935,0,0.0196015069542791,0.327777084097617,0.939097094874507,0,-0.000231860606488647,0.110162760621094
YLR278C,0.0930520994142279,0,0.0300810449450538,0.304458839508309,0.906947900585772,0,-0.00115258364356799,0.0754964759677797
ZAP1,0.871894708401292,0,0.000987116396981759,0.135804177344128,0.128105291598708,0,-0.056671323857776,0.542042467261792
ENV11,0.861305973682477,0,-0.0068725440664273,0.123022095106773,0.138694026317523,0,-0.000845090114149386,0.375248250600887
YJL206C,0.071820532683972,0,-0.0066813120257207,0.483077979249051,0.928179467316028,0,0.000613430157927331,0.0742958633249307
HEL2,0.255801165545134,0,-0.0103894022718479,0.240621396788649,0.744198834454866,0,0.000380461915039665,0.0700462485528217
YAP1,0.0670191923294425,0,0.0399909120461617,0.393980831527421,0.932980807670558,0,-0.000256179001209173,0.0557849677498841
URC2,0.848463770523666,0,-0.00131064823592473,0.0987789245070631,0.151536229476334,0,-0.0153057274446624,0.296827730932576
TEC1,0.955652332573661,0,-0.000568211595198404,0.0690568534438634,0.0443476674263393,0,0.0189191802193143,0.405355919382423
SWI5,0.0471773085221833,0,-0.00914880499162159,0.518147758142966,0.952822691477817,0,-0.00285393252768487,0.0657978977774342
SWI4,0.8612036071967,0,0.000624613427819548,0.119955539912835,0.1387963928033,0,0.000560590646888198,0.489713716976616
SUM1,0.934396199740226,0,-0.00484812108196595,0.0874782434849971,0.0656038002597744,0,-0.0907059642034015,1.21581256945668
STP3,0.0464897280347968,0,-0.059588401112575,0.553644072142811,0.953510271965203,0,-0.00151551993135186,0.0745560520050634
STP2,0.099833467124949,0,0.0256488226316923,0.337896824937262,0.900166532875051,0,-0.00047872888576859,0.0682076219511231
STP1,0.10430918397972,0,-0.09817086851757,0.832301214085306,0.89569081602028,0,0.00314897571867384,0.237252960849231
STE12,0.0288276562447607,0,0.0968265820579886,0.90433870632183,0.971172343755239,0,3.80553356729669e-05,0.0780903846196018
STB5,0.147675470930865,0,-0.0583701900452681,0.69213081229257,0.852324529069135,0,-0.00296875973898746,0.17585541715583
STB4,0.977549183058882,0,-0.000288554741361229,0.0708140996040567,0.0224508169411182,0,0.010698878075853,0.393256455304487
RPN4,0.131852413379697,0,0.00272340166511367,0.405516667560872,0.868147586620303,0,0.00262471073732507,0.0948832063328546
SKN7,0.0942973613595408,0,0.0186323812033553,0.458540779162894,0.905702638640459,0,0.00220439267299429,0.0783630983239176
SOK2,0.868264513223837,0,0.000360882106236452,0.0902905997811184,0.131735486776163,0,-0.00994459727288463,0.471223480948624
RTG3,0.0952784370652565,0,-0.0049639682577974,0.703488165968342,0.904721562934743,0,0.00171350708364023,0.0901368767266268
SFL1,0.112490380374901,0,0.00578241556507981,0.427719430893281,0.887509619625099,0,2.89243738806433e-05,0.11648658810631
RPH1,0.877415512973466,0,0.00043018719263828,0.089858347428983,0.122584487026534,0,0.00554064070744111,0.321425730699279
SNT1,0.0900047556171034,0,-0.0566123770266571,0.42208629804872,0.909995244382897,0,0.000930869644166176,0.134016754077338
RSC30,0.146695183144712,0,-0.000766014021867475,0.444529935685765,0.853304816855288,0,0.0014372666768904,0.127864318120987
RTG1,0.0716099964193296,0,0.00522031155584129,0.538716417170425,0.92839000358067,0,0.00206994718538672,0.0642285216153386
SKO1,0.111756870007264,0,0.00405792485764623,0.374404317492755,0.888243129992736,0,-0.000794820385883925,0.0861864018104184
SPT2,0.925197815726578,0,0.000271523860920541,0.0858095255360486,0.0748021842734223,0,0.00483335613640134,0.403701631505324
SFP1,0.725423990335186,0,0.00926256191031335,0.273194875027561,0.274576009664814,0,-0.0370630948812941,0.743639943772822
ROX1,0.0870725842492474,0,-0.020525110081706,0.520725427146577,0.912927415750753,0,-8.02445787446147e-05,0.0907375007790206
RME1,0.059155244192948,0,0.0320331778711172,0.359756635482956,0.940844755807052,0,6.18018340483911e-05,0.0725059493671773
RGT1,0.932171320682384,0,-0.000430209831308467,0.0884545279768484,0.0678286793176165,0,-0.00944587770743154,0.39147053256631
RIM101,0.941013941938203,0,-0.000781859716520181,0.0797342507987999,0.058986058061797,0,-0.0274468938868378,0.658887628372829
RFX1,0.0299026265055696,0,0.0248421236800216,0.863739099725792,0.97009737349443,0,-0.00107022985732044,0.0804795729010515
PPR1,0.0385244035429484,0,-0.0505527979093326,0.380436386953818,0.961475596457052,0,-0.000976627893230027,0.0530584878308184
PEP7,0.858087367810465,0,-0.00184564515634587,0.165999901838526,0.141912632189535,0,-0.0442662288873189,0.695152751950226
MOT2,0.217839556469945,0,-0.0214516719869788,0.974004002795392,0.782160443530055,0,0.00473112025774223,0.362529716485993
PDR3,0.0544855236469001,0,0.0360673406512569,0.287312113672409,0.9455144763531,0,0.000641464969918795,0.0706151926992188
MSN2,0.950755407383043,0,0.0014349145445325,0.0712753665265916,0.0492445926169574,0,0.0240070383210384,0.570039573665289
NHP10,0.873328228056442,0,-0.00315481684940295,0.0980606109136387,0.126671771943558,0,-0.0127644018365431,0.396612214285967
MOT3,0.101485240551976,0,-0.0282265666436907,0.530340765068289,0.898514759448024,0,-0.000985215365840062,0.0848207291626334
MIG1,0.118265519710527,0,0.010511756065122,0.351031732434078,0.881734480289473,0,0.00161982086525524,0.085871343475165
MBP1,0.113518856552646,0,-0.013006334569345,0.359441284716667,0.886481143447354,0,-0.00258056015958997,0.0776860296646555
MAC1,0.923125485114767,0,-7.25324750810066e-05,0.0666295149000192,0.0768745148852329,0,-0.0211058871741202,0.389144476410309
LEU3,0.0607754015614849,0,0.02583549992229,0.353332428048637,0.939224598438515,0,-0.00111845553887001,0.0648722107404564
HXK2,0.869189494258345,0,7.32044228272769e-05,0.133902523651931,0.130810505741655,0,-0.0326919169069202,0.673744300794978
HMO1,0.135817916216809,0,0.00488633170913152,0.442465707152936,0.864182083783191,0,0.00149717424645767,0.140429654580091
INO2,0.147667430501594,0,-0.0739552340310298,0.878615924535787,0.852332569498406,0,0.00221187129708956,0.217641642248342
HAP1,0.969054007510592,0,-0.000725909762638043,0.0937587833517066,0.0309459924894076,0,-0.0327796971000354,0.444432922120497
ISW2,0.0964664573146806,0,-0.00247768588434661,0.446747192444295,0.903533542685319,0,0.000837176825581432,0.0798548404259765
HAP3,0.0628782414560692,0,0.0325740879571471,0.468021628056412,0.937121758543931,0,-0.00236216707689129,0.0846885274364138
IXR1,0.875636663748688,0,-0.00156439017536362,0.0875950537067674,0.124363336251312,0,-0.0249154309776274,0.519312512493535
HAP2,0.0752248394775617,0,-0.0252017821138563,0.436867462167904,0.924775160522438,0,-0.000138906910033663,0.0983092058037199
INO4,0.856295957172223,0,0.00316497492708033,0.260810618675671,0.143704042827777,0,-0.0711882507705345,0.962627326255339
HAL9,0.0798822621488327,0,-0.000133377187850285,0.303009621626399,0.920117737851167,0,-0.000623777127743527,0.0689078453614138
GZF3,0.963380555668766,0,-0.00137676654843461,0.0676200805083499,0.0366194443312342,0,0.00197085331543922,0.409190482465137
HAP5,0.0308034058328156,0,-0.0153169231287994,0.510508258163859,0.969196594167184,0,-0.00160629893688194,0.0924141890674375
GAT2,0.0675584451178428,0,0.00140561116607207,0.212215973794093,0.932441554882157,0,0.000217853004630435,0.0493402295485861
FZF1,0.0831933681922684,0,0.0106400290729109,0.276744018724129,0.916806631807732,0,-0.00223481655280154,0.0761957037044418
FKH1,0.0716603631321001,0,0.0163490611991001,0.479414378340702,0.9283396368679,0,0.000584593803790556,0.0742502972353555
GIS1,0.1207354037988,0,0.0207645455938282,0.302014793993967,0.8792645962012,0,-0.00164251920654584,0.0902924057159076
GCN4,0.0702201884595722,0,0.0326433833837206,0.456365878475612,0.929779811540428,0,-0.000787245584338027,0.103384574085284
GLN3,0.0960927384159074,0,-0.0520169068503537,0.681049379595631,0.903907261584093,0,-0.000734970610602122,0.154031385525377
CST6,0.838948196381224,0,-0.0027192482707773,0.263353433386421,0.161051803618776,0,-0.070855941133563,1.16934220218752
CIN5,0.0700976351712453,0,0.0139593257514399,0.313644221286221,0.929902364828755,0,0.000126171723980841,0.0736639832324528
DAL81,0.221400103216366,0,-0.0134752638209941,0.326017809750664,0.778599896783634,0,0.00110251700786465,0.107037121706079
ASH1,0.0361468646268219,0,0.0396610850898511,0.454359049229813,0.963853135373178,0,0.00267532079777149,0.0847891259501352
CHA4,0.0203823415233652,0,0.00359277673272202,0.620543421760681,0.979617658476635,0,-0.0045058937137577,0.060625096958978
DAT1,0.902868650214777,0,1.26792184681937e-05,0.0883427493753949,0.0971313497852228,0,0.0101334398083603,0.327115051902113
CBF1,0.130571000825291,0,-0.0587794355341366,0.734599592526956,0.869428999174709,0,0.00460678502033552,0.181813516446507
ADA2,0.844526822811268,0,-0.00345456852374644,0.206682946279829,0.155473177188732,0,-0.0485296672506743,0.745614591020442
CUP9,0.91110575275813,0,-0.000328181130351731,0.058741924601638,0.0888942472418701,0,0.0144561465423515,0.292904773485031
AFT1,0.931286655032261,0,-0.00241673095025367,0.0900980292716084,0.0687133449677389,0,0.0176369141309026,0.542347896311075
ACE2,0.92150166452935,0,-0.00161180214850683,0.0929745815152797,0.0784983354706501,0,-0.0103535810516161,0.58274662862725
AZF1,0.884934195257068,0,0.000446823213434046,0.0840743108460137,0.115065804742932,0,-0.0190730524149555,0.283800309959182
ABF2,0.0565092137004852,0,0.00763191329363443,0.391210342962998,0.943490786299515,0,-0.00234364829794994,0.0652302243561487
BAS1,0.956306053632996,0,-0.000599648070687252,0.0899356345640896,0.0436939463670039,0,0.0465670437160611,0.491407694859209
ARG81,0.984556716659,0,0.000933878281029433,0.055454004321409,0.0154432833409997,0,-0.00286494417319401,0.739938697221114
ARG80,0.955325553257356,0,-3.40332733393822e-05,0.0782417888134509,0.0446744467426441,0,0.0550995952643049,0.486620787767617
RPS21A,0.164131922817837,0,0.00483095124020874,0.35049561550323,0.835868077182163,0,0.00043932021850727,0.127634957221858
SRP40,0.888077158944644,0,-0.00250136067725235,0.141188987477952,0.111922841055356,0,0.03500988553195,0.388494205598255
RCM1,0.879146845649271,0,-0.00102568523595581,0.132645627488353,0.120853154350729,0,0.0285664835719604,0.440318886181831
RPS0B,0.692118161325227,0,-0.00766034878981919,0.142118107810852,0.307881838674773,0,0.0287717559289138,0.333941126763766
RPL16A,0.336083391187672,0,0.010781726537544,0.250442628316329,0.663916608812328,0,-0.000798647920769692,0.108776863734798
UBC7,0.966553838358633,0,-0.00140168458321131,0.071284870278225,0.0334461616413669,0,0.0221980268008468,0.431458666495564
YIL014C-A,0.945548716935684,0,0.001061632575484,0.0664281429294002,0.0544512830643164,0,0.0187348509352599,0.346251704830336
SAM3,0.898124478960717,0,-0.00207637816635829,0.114409639617296,0.101875521039283,0,-0.0397819401254707,0.395158440917921
UTP30,0.0958863077683543,0,0.0252225501178213,0.537421316162524,0.904113692231646,0,-0.00119616156116772,0.103016501317012
YHR003C,0.157485131441572,0,0.0141466234816497,0.541712409606574,0.842514868558428,0,-0.0040018439830083,0.131736701067357
SWT21,0.076045274469315,0,0.0104051098657291,0.50330064395535,0.923954725530685,0,-0.00102230142263963,0.126210178749225
EST3,0.865278742551615,0,0.00183782404642685,0.169045120506487,0.134721257448385,0,0.0279419702580435,0.721319727102675
LSM12,0.058644529328453,0,0.0204238195874792,0.57684618960151,0.941355470671547,0,0.00107368057666334,0.0909761626389468
IKI3,0.0887887222191947,0,-0.000823703440575326,0.459340466333638,0.911211277780805,0,0.00322664972300328,0.12290428965287
TFB5,0.77313995536243,0,0.00154049722637515,0.132050785716434,0.22686004463757,0,-0.0224397594562079,0.432812338031956
YPK3,0.9227698686155,0,-0.000195183002567688,0.0966590155639249,0.0772301313845004,0,-0.000559830634021608,0.355354458649419
SNX4,0.923580669894716,0,-0.00165043008633252,0.0805571631542805,0.0764193301052844,0,-0.0100684459606461,0.328599647084501
TIF4631,0.933597055808512,0,-0.000167841008439112,0.110038344356876,0.0664029441914875,0,-0.0903028962559711,0.533240006268917
YOR338W,0.950574698475609,0,0.000480053785939618,0.133254943974285,0.0494253015243907,0,-0.023976962800595,0.348413695125037
YPL199C,0.983495717697555,0,-0.00278100600569366,0.149314441613618,0.0165042823024451,0,0.00341888991400578,0.688723313581965
SET5,0.0143038943289425,0,-0.0538082514648322,0.674793059755748,0.985696105671057,0,-0.000358689092633281,0.10425189350304
RAD28,0.977275009930402,0,-0.000829835391895021,0.120350868219799,0.0227249900695981,0,-0.00569599429181514,0.445606971515986
SAE2,0.918067698630628,0,-0.00343414460056742,0.129908171111276,0.0819323013693722,0,-0.0241653577029721,0.326923991098846
HEH2,0.947324865526179,0,0.000670747809612266,0.0822354250401051,0.0526751344738215,0,0.0141713471117452,0.468652925521014
TRX2,0.912610538255827,0,-0.00199446415811026,0.0649992654543623,0.0873894617441732,0,0.0130498130412428,0.384660548544992
EUG1,0.0720253115489723,0,0.0265478497325308,0.469229142065589,0.927974688451028,0,-0.000708069029648924,0.0960212247068257
TEL1,0.967752525419793,0,-0.00276612998307165,0.0798591959875488,0.0322474745802073,0,0.0254442672426183,0.38290161247443
PPZ1,0.0547722695396771,0,-0.0149571447240651,0.39003206300875,0.945227730460323,0,-0.000325595003054005,0.0853157056897545
FPK1,0.0517510630045641,0,-0.015902574273532,0.41935793796809,0.948248936995436,0,-0.00182812780332392,0.0765983128472257
CMK1,0.955129477686856,0,-0.00287097756571573,0.0929646183234527,0.0448705223131436,0,0.0416859616670435,0.387366001213821
MIH1,0.91716430336366,0,0.000234834646585886,0.0969137792295093,0.0828356966363404,0,-0.0102775429921266,0.346181694999023
MKK2,0.892268247108123,0,-0.0010727854936482,0.0811424630790422,0.107731752891877,0,0.030691230879462,0.265990109071983
RIM11,0.0974574031686473,0,0.0393159787055555,0.343743819209938,0.902542596831353,0,-0.00160319739965357,0.0951152638631868
PPT1,0.970688300581033,0,0.00117405713301301,0.0816996946810969,0.029311699418967,0,0.000463215854500149,0.555182370641594
SPO7,0.956433437584287,0,-0.000663803189802234,0.0806422269486802,0.0435665624157127,0,0.0272048926586804,0.409136373423663
BCK1,0.950947026944484,0,-0.000338430866552463,0.102554794770564,0.0490529730555157,0,0.029990737110377,0.469088783324491
CHK1,0.111091493789417,0,0.0409149707018372,0.38998217919558,0.888908506210583,0,-0.000918847347416822,0.118890890411552
KDX1,0.0902094170800166,0,0.015921689708591,0.260026122437625,0.909790582919983,0,-0.000284546044597516,0.0763941200440783
PTC4,0.0489300390146489,0,0.0449952766287388,0.416907760250339,0.951069960985351,0,-0.00222970982647654,0.0773953405089519
RIM15,0.0604471491554589,0,-0.00444212839260043,0.406727680559984,0.939552850844541,0,-0.000699612006188477,0.101249840890241
CMK2,0.957135161022461,0,-0.00238911422289123,0.079642489550955,0.042864838977539,0,0.0119684862654457,0.410785323748107
LCB5,0.940644121553734,0,-0.00230728996019302,0.101830466819176,0.0593558784462665,0,0.0128338928420109,0.35473954266382
CKA1,0.0384980362653077,0,-0.0349637062371236,0.636381181526435,0.961501963734692,0,-0.0042011903743493,0.0798974721744863
PSR1,0.0732763275860429,0,0.0243145488602674,0.408539959263109,0.926723672413957,0,0.00122136720423083,0.0922392683062735
PPG1,0.0837807897569409,0,0.011086564503559,0.324921212739373,0.916219210243059,0,0.0011922248362192,0.0640740150612408
USA1,0.942642799008741,0,0.0012236858397989,0.0871299057474794,0.0573572009912591,0,-0.0329772852983074,0.277474898652801
