,int,beta,pval,sigma,cor,adj_pval
VPS25,0.0145119705904467,-0.0119627607660293,0.00618481200931819,0.297724448765533,-0.040148249994466,0
OPI3,0.152673105891657,-0.0527042601559191,6.35688168757704e-08,0.663210168785648,-0.0792186655248722,4.35227869571054
CHO2,0.113704837831259,-0.0308368778058546,2.55974528146394e-05,0.498875473382711,-0.0616950254330571,1.747326073145
CTK1,0.0313705221156957,-0.02024823757301,0.00593472310868372,0.501446807418065,-0.040346752454701,0
ELP3,0.00336165458878682,-0.00111430089664513,0.735596243533131,0.224928050069612,-0.00495397182663951,0
NUP133,0.0506767594285172,-0.0163196965002484,0.000792682356892879,0.331341422161669,-0.0491937813571978,0.25642363225158
CTF8,0.00785163192574727,-0.00477625604686524,0.0193991611038468,0.139226209910085,-0.0342855557268254,0
DOA4,0.0430748530008049,-0.0203618446142636,5.66753390675806e-07,0.277097623097236,-0.0732849752407301,3.40212869722482
BRE2,0.0014342639120198,-0.00132127131962767,0.687726361874311,0.224071851122592,-0.00589653873548,0
SWD1,0.00194386193180296,0.00235755875349012,0.47731145103712,0.226135159526729,0.010424874431512,0
SPP1,-0.0152207376869069,0.00462507568768581,0.0421448711009836,0.155111168438972,0.0298045654765012,0
SET1,0.0159248943528331,-0.0041814871973053,0.196270624948953,0.220550590114806,-0.0189559042596776,0
HFI1,-0.0222802782908716,-0.00209133294161907,0.763329516884083,0.473431089774542,-0.00441735361826794,0
SWD3,0.00999194629685092,-0.00196000739645351,0.599861748852987,0.254675117762669,-0.00769588081687503,0
SDC1,-0.00270682729142719,0.00292147820136408,0.326283304417599,0.202859947525529,0.0143999607812317,0
BIM1,0.0218333703924343,-0.00665030226935837,0.00924288984451546,0.174093414873889,-0.0381717796788905,0
BUD13,-0.012266175224657,0.000368096023002482,0.900551589739687,0.200787554641576,0.00183325806773241,0
BRR1,-0.0086084949834556,0.000622794765334556,0.763473024013944,0.141075004394029,0.00441459278539027,0
BUD22,-0.00677960747242138,0.0018518484655541,0.58224763314089,0.2294647989252,0.00807003153447339,0
BUD20,0.0214418535411754,-0.00239528390548618,0.343886084711407,0.172493062167019,-0.0138849236575209,0
IBA57,0.0604562594057433,-0.0211862200221274,0.000120196362273085,0.375225651348188,-0.0563728235654898,1.07563150025343
CAR2,0.00276588916502866,-0.0030906029624115,0.187917697445327,0.159977049749117,-0.0193154354518535,0
SRV2,0.128808050215036,-0.0476666431176943,1.99876122918256e-09,0.540675414005825,-0.0878206634661781,5.85476190759593
BUD21,-0.00507863419363024,0.00576712384870227,0.0326478142942337,0.183965123409791,0.0313336135620763,0
CCE1,0.0400190411280117,-0.0131766979208334,1.80849677673166e-05,0.209293151337416,-0.0628336896485874,1.89820508519533
CDC40,-0.0134011175660769,-0.00144185445620024,0.764086005234407,0.327482484425957,-0.00440280182840272,0
SSN3,0.101951416102574,-0.0258430180122275,0.000776110976168466,0.523782272839124,-0.049279292285639,0.265598998754346
CGR1,0.0165709453126427,-0.00194608516550582,0.42918552098614,0.16778803873603,-0.011597693704582,0
CHL1,0.00675153310747639,-0.00100857314310579,0.512201474336639,0.104892602540044,-0.00961484888994193,0
CGI121,-0.00436205219593226,0.00507048950684223,0.0901424024144346,0.203923136142326,0.0248570265470142,0
CIN8,0.0198425317398217,-0.00600308227162053,0.024313904609867,0.181645572348136,-0.033030294204357,0
CKB1,-0.0201583061708133,0.00395987106879075,0.20062157202949,0.210896568431129,0.0187730566348925,0
CKA2,0.024266371354438,-0.00799444871369998,0.0319085560391149,0.253924386650538,-0.0314679879715413,0
CLB5,0.0146622968137419,-0.00381101163147845,0.0924480530547609,0.154365487555124,-0.0246807158744374,0
CLB2,0.00340274957704389,-0.00532399666229832,0.00427138003504529,0.126952167353895,-0.0419001994590863,0
CKB2,-0.0216183489805745,0.0029594919521791,0.403859309880424,0.241661902041688,0.0122454968189255,0
CLA4,0.00170688380316326,-0.00477213931860998,0.0161486436412916,0.135185004789794,-0.0352788292545656,0
CLB1,-0.0159133805071628,0.00328847242755284,0.131963669561545,0.148786280543303,0.0220965905181922,0
CLN3,0.00834031678645834,-0.0052695039120726,0.0197666612721049,0.154067299446061,-0.034182623118114,0
CLN2,-0.0020560682784184,0.00165263327911115,0.249863899531496,0.097893522207881,0.0168795420964401,0
CSM1,0.0415322372004689,-0.0116486845132727,0.000153385993293395,0.209594122939217,-0.055491706794122,0.969737121180608
CTF18,0.029162302973704,-0.00874551014903862,0.00332167261452921,0.202930901340199,-0.0430560354315594,0
CTF19,0.0103381670232101,-0.00288952200896067,0.0734650846929289,0.110021596714825,-0.0262541726024688,0
CSM3,-0.0016065201347707,0.00213593433166421,0.165678186237763,0.10502004846436,0.0203341432133098,0
CTF4,0.0339798107348366,-0.00997802353538718,0.00559415009432064,0.245382547024026,-0.0406295581681463,0
SSN8,0.0773436170801796,-0.0191924749151807,0.0034291751448106,0.446849399894299,-0.0429110940531772,0
DCC1,0.0312769087998041,-0.00567044009330184,0.0349466547571088,0.183233200741151,-0.0309317675819248,0
DBR1,0.0145994449113459,-0.00446020997406664,0.0430771341228191,0.15025712118319,-0.0296707818035128,0
DCS1,0.00369179159193499,-0.00706788976763149,0.00176887332774946,0.154014927601813,-0.0458426933071873,0
DBP3,0.0236181397910905,-0.00387034001774554,0.207000540048323,0.209057149427262,-0.0185101391338892,0
DDR48,-0.00842155589855884,-6.22663213213823e-05,0.981304604504719,0.181126429834195,-0.000343772676903463,0
DHH1,0.0245009809245633,-0.00270159842270746,0.54162278649859,0.301709080642923,-0.00895395695975905,0
DIG1,-0.038848782546555,0.0104347035502677,0.0238642404529393,0.314737425204665,0.0331354732562165,0
DEG1,0.0100323262966048,-0.00331213507266037,0.31412759185802,0.224280186986548,-0.0147662350638045,0
DIG2,0.00374950651623038,-0.000557444702947724,0.619840967913861,0.0765968689478692,-0.00727745074849641,0
DSS1,-0.000246793568184941,-0.00200319675340672,0.211842797515698,0.109359535279214,-0.0183144594073746,0
DPB3,0.0128554240866176,-0.00151559191647439,0.443891146260696,0.134929689448452,-0.0112317483427769,0
DST1,-0.00598537646386104,0.00277458232172304,0.194804730549271,0.145864698701674,0.0190181759554213,0
DUN1,0.0219673142708403,-0.0118185026669722,7.90662945393601e-06,0.180125491844208,-0.0654718273434198,2.25753143829376
EBS1,0.00822742205393737,-0.00470311150165615,0.0115069084846586,0.12682598883086,-0.0370577127368485,0
EDC1,-0.00818633524749884,0.00164864250936433,0.477901374974454,0.158348489507234,0.0104109181349764,0
EFG1,0.0118330821421422,0.00306693256704666,0.329245942191832,0.214268384875339,0.0143120434953959,0
ELG1,0.00108304361773285,0.000160956543041358,0.92548193447224,0.117305145013459,0.00137211706703872,0
ELF1,0.00108413587135663,-0.00636825690810686,0.0658638366924445,0.235961036399313,-0.0269787715903328,0
ELM1,0.0236364730062215,-0.0131584485972107,1.00052156342807e-05,0.202851512213582,-0.0647313475534412,2.15529637118523
ERF2,0.0117565217372026,-0.00100692538265838,0.592223165056286,0.128144235065232,-0.00785750757859149,0
ERG2,0.0349496696502117,-0.0114925648534162,0.00298425708181044,0.263700996768759,-0.0435404726585986,0
EST1,-0.00164969703552252,-0.000816052069989145,0.613466841910167,0.110121184434421,-0.00741028774979384,0
EXO1,0.00172842575306345,-0.00100360903474595,0.653756639043962,0.152514949104963,-0.00658025532831408,0
FAB1,0.02127920063299,-0.0133379002660885,5.93457283287139e-07,0.181834773410826,-0.0731552167523743,3.38213336010496
FKS1,0.0477565806733022,-0.0113436979484901,0.00347499649336564,0.264483741418825,-0.0428505684952542,0
GEP3,0.0811148374027455,-0.0256256902385764,1.11303655037004e-06,0.358185894368794,-0.071360598124536,3.1090133981376
FIN1,0.00339704306420047,0.00125628335322783,0.472446169965617,0.119181519836367,0.0105403385295614,0
FRA2,0.00558337565977738,-0.00625414497943313,0.000462312945822359,0.121665190131481,-0.0513367730556466,0.490586769404826
GAL80,0.00128923983733663,-0.000916396280056119,0.614612171853166,0.124062390265087,-0.00738637454220132,0
FUS3,-0.00670731643609786,0.00780000008546645,0.0198301904724745,0.228170546813397,0.0341649989501669,0
GCR2,0.0115592522623041,-0.00202377356543021,0.568115187923348,0.241663370081292,-0.0083740560480155,0
GPA2,0.0307466351852562,-0.00349323505966731,0.254468293536317,0.208940194137556,-0.0167164913543225,0
GPR1,0.0391318793221448,-0.0132951468256274,0.00134996758515204,0.282597950941011,-0.04699417605922,0.0251994837286555
GPG1,-0.0101083853291026,0.0025373887906797,0.204089307127162,0.136179918550324,0.0186293873129137,0
GPH1,-0.0183501214335571,0.00464940319827317,0.0496843384466135,0.161444225479268,0.0287868850090312,0
GIS4,0.0106057653456881,-0.0064517845017746,0.00650689074010588,0.161557973060409,-0.0399029890706989,0
GTR1,0.0103774363608783,-0.00414338041304394,0.159030037709502,0.200522691144956,-0.0206584908325825,0
GSY2,0.00774149687193374,-0.000624964876388921,0.735989436286449,0.126347941559563,-0.00494631905680578,0
GSY1,0.00526358223825167,-6.05853528821769e-05,0.968490178257912,0.104547044096359,-0.000579503162742091,0
HAP4,0.000427867999005378,-0.00365139986197055,0.0859996306450608,0.144947760903049,-0.0251831543492096,0
HCR1,0.0021582880896567,-0.00301848583446344,0.335671273295701,0.213705341936661,-0.0141231134186263,0
HFM1,0.0268444617419482,-0.013340482466057,1.98532478942182e-06,0.191013243661522,-0.0696709047010357,2.85769125889062
HHT1,-0.00158827982117918,0.00032713821640702,0.813621123195034,0.0945862677049897,0.00345860205436561,0
HNT3,-0.00717317768247215,0.00244954360283611,0.18563846668712,0.126140038984465,0.0194155787749924,0
HOG1,-0.00964899257501699,0.00100757691267696,0.654200527825012,0.153328207115575,0.00657123159048405,0
HHF1,0.00696200386156893,-0.00143135512641699,0.352270850295492,0.104885825385501,-0.0136455222199239,0
HOS3,-0.00265544989933084,-0.00148022976077315,0.421269549928031,0.125458983915454,-0.0117976943353722,0
HOM2,0.0375914572363515,-0.00860271537207524,0.0116240286693639,0.232311660534033,-0.0370055597118814,0
HUR1,0.0465825694366203,-0.0137807124189274,0.000737146855501879,0.278128893766255,-0.0494872269660071,0.287968806977827
KKQ8,-0.0061503177995315,0.00295402056776154,0.0989805625990158,0.122033019040027,0.0241996427979197,0
INP52,-0.0311067526659122,0.0047061569945773,0.111244815442461,0.20139893027745,0.0233609615337716,0
IRC3,0.0571054546621374,-0.0215336474206721,7.33729452998909e-08,0.272271559495262,-0.0788426627034201,4.28998687159883
IRE1,-0.0107479262812833,0.000530496325258394,0.845612659514386,0.18571002376533,0.0028565725751966,0
IRA2,-0.0485290507948441,-0.000514512343433885,0.925479210140226,0.374962900003669,-0.0013721673772407,0
IPK1,0.0667963932076816,-0.0134690560584997,0.0135377729672137,0.371692512939025,-0.0362133241855646,0
IRA1,-0.024934215885291,0.000805274366161474,0.836155238818659,0.265415466396311,0.00303400050775947,0
JJJ1,0.0289286837487785,-0.00265249583783906,0.285577033686246,0.169305371430837,-0.0156650101772088,0
IST3,0.00874895519495678,0.00028628724016819,0.916196062361363,0.18545539426572,0.00154369680208158,0
IRS4,0.00661331732595753,-0.00490999688833491,0.0222320756684769,0.14634360234374,-0.0335322870152824,0
JNM1,0.0235939691251658,-0.00636207497757953,0.00332068587099289,0.147621011408597,-0.0430573854854475,0
KAR3,0.0315995805586636,-0.0135140933606639,0.000583759642574325,0.267691756231615,-0.0504195769926974,0.389288756920435
RRD1,-0.00550011297639449,0.00433981179953484,0.0235194416151534,0.13057706857053,0.033217294098531,0
RRP8,0.00328735356766703,0.00264389324557151,0.231583584326303,0.150638900363699,0.0175484958717014,0
RSA1,-0.0444931516281961,0.0087914741870107,0.0583012033292066,0.316440820183656,0.0277716485886336,0
RRP6,0.00922633579227081,0.00139256455766083,0.73705125099122,0.282712936378772,0.00492565951211843,0
RRM3,-0.00420546946514649,0.00448909159926591,0.0259858470358958,0.137403527239193,0.0326534391852989,0
RPB9,0.0132600011076091,-0.0176348537303092,0.00480122067524614,0.426077002924412,-0.0413534839519799,0
RNY1,0.0663933614130252,-0.0214245270644976,2.06574573276557e-06,0.307283254136622,-0.0695535512249713,2.84044595995196
RPA49,-0.00212374235528306,0.000427700150666623,0.878731114194183,0.191077721467354,0.00223835136794374,0
RPA14,-0.0150933540226017,0.00371415619555342,0.0714722676852251,0.140436618189182,0.0264379617112239,0
RPA12,-0.00023463286144246,0.00107222807677889,0.669763593985422,0.171377925541572,0.00625638972107111,0
RNR4,0.0508836583229204,-0.0187068556867549,3.14781228438677e-05,0.306058518553422,-0.0610079736276626,1.65751399837089
RMI1,0.0333269953896004,-0.00929136506799748,0.00117927222997997,0.195135490071747,-0.0475610578536642,0.0839087525512178
RIM1,0.0615467445295375,-0.0252920752078581,7.45068600608713e-08,0.319957724016648,-0.078802358901734,4.28332656292318
RGP1,0.081968524192519,-0.0264249849873325,1.1329243110837e-06,0.369624439331199,-0.0713094442436794,3.10132192796259
RGT2,0.00133005243527104,0.00339770330695855,0.0523012938142068,0.119320266376497,0.0284639544244187,0
RIC1,0.0462210100753048,-0.0120492229089701,0.000496736871346,0.235692740811686,-0.0510559138440921,0.459396426635191
RIF1,-0.00494512319664466,0.00298060967566229,0.00757946841508243,0.0760587966119097,0.039158174385179,0
REG1,0.11232652300616,-0.033521799915228,2.87330900685108e-05,0.545712809214529,-0.0613119815700606,1.69714049002922
REV3,-0.00688694931737384,0.000500770607940303,0.679747370864108,0.0826893983814097,0.00605593262192542,0
RCE1,-0.00259378597490536,-0.00171004987428248,0.350671831886479,0.124892455224288,-0.0136908958774824,0
RAS2,0.0100170984017578,-0.00616827775341267,0.00345032918418627,0.14370717568475,-0.0428830607499334,0
RAI1,0.0372817149387768,-0.0131029195834207,0.00284286018336118,0.299150366085361,-0.0437584916639539,0
RAM1,0.138745729262656,-0.0387502462199715,4.38736686444355e-05,0.645864072155296,-0.0598898296550233,1.51331887333651
RAD57,0.0339047756779751,-0.00598518037684137,0.0142522836117103,0.166412017042519,-0.0359427951943828,0
RAD54,0.0269617839434866,-0.00759495981636658,0.00219345581016331,0.168952239396324,-0.044907942694629,0
RAD50,0.0662011584853167,-0.0147220008370954,0.000453913218484851,0.28599555294989,-0.0514082617522884,0.498549994163065
RAD55,0.00920253025520499,-0.00125192581743365,0.445915849047921,0.111952905737335,-0.0111819120671436,0
RAD52,0.0486082310065546,-0.0131037494419924,0.000408151108574019,0.252526544554213,-0.0518208619274926,0.544701843835576
RAD27,0.0204087409939746,-0.00601694093169185,0.0936323481418077,0.244601412495364,-0.0245915231792489,0
RAD1,-0.0186453181379631,0.00276540199421497,0.292716450001316,0.179145070001964,0.0154348236793537,0
PUS7,-0.00555357495246678,-0.000745988816592293,0.709243023691707,0.136373877914633,-0.00547009197958019,0
PUF4,0.00384414735015766,0.0010381144048501,0.503271476021946,0.105716719190368,0.00981930166562772,0
PUS1,-0.0257977913428045,0.00348615303636691,0.255749966816833,0.209079847824192,0.0166714705979109,0
PUF6,0.0293442122994536,-0.00327439160442097,0.23448220021887,0.187723302730977,-0.0174399957819128,0
PUS9,-0.000574210794858244,0.00258184641380602,0.0358187972645414,0.0838267126450811,0.0307852067326222,0
PUF3,0.0183878619235978,-0.00524008226840852,0.0053843524840468,0.128289907693477,-0.0408116011462871,0
PTK2,0.00532580251200924,-0.00179757936996724,0.301981446790347,0.118703904001793,-0.0151416527373292,0
PTP3,-0.000528162770993337,-0.00159644555684304,0.416156044820354,0.133829949155804,-0.0119280623866005,0
PSY2,-0.000296644033869007,0.00166874624655536,0.444598804679341,0.148795648673105,0.0112143152481228,0
PTC1,0.0810026295043333,-0.0378047641990257,3.32047080759748e-11,0.38766997758259,-0.0970575014942154,7.63432315782584
PPH3,-0.013924646361034,0.00160475919470128,0.513051454869142,0.167233352728426,0.0095954861218737,0
POL32,0.00884855275063438,-0.000435620495451223,0.810605654706375,0.123908751176772,-0.00351563387767619,0
POG1,-0.0032949286962891,-0.00180153566536628,0.449926903439758,0.162531229544861,-0.0110835622905816,0
PMS1,-0.00609225394478725,-0.00166418309734808,0.244392104529785,0.0974428680271631,-0.0170760619242685,0
PLC1,0.0744409870854025,-0.0210921769001683,0.000147308915685269,0.378504885536199,-0.0556386596073085,0.987293791493578
PML39,0.002484885031715,0.000245752538437534,0.877226575882151,0.108435476918172,0.00226634229212532,0
PIH1,0.00901945747147858,0.00101002536629827,0.686968825988395,0.170850633062091,0.00591164164339254,0
PIN4,0.0040690119740256,-0.00195020556319826,0.391411578324218,0.155101085397892,-0.0125727773793064,0
PIF1,0.0113562565720183,-0.00676074277529785,0.000799495324788073,0.137361505576418,-0.0491591056779862,0.252706895790174
PIB2,0.00375998589434844,-0.000210400459824169,0.912564925362307,0.130614606318009,-0.00161084730703948,0
PHO80,-0.00470851222441922,3.1385250090351e-05,0.98601380048308,0.122041253009928,0.000257169180735564,0
PFK2,0.0819731895293947,-0.0262079472349851,6.21464110139727e-06,0.394894322254169,-0.0662213110335902,2.36210677127398
PFK1,0.0183991361279953,-0.00679266271687605,0.034529695366581,0.218992036820021,-0.0310029421007881,0
PHO85,0.0370241451491091,-0.0196109790314925,5.78756973762008e-05,0.332136701472051,-0.0589422463318016,1.39302658714302
PFK27,0.0515973012331806,-0.0249499698654904,1.66961080973663e-07,0.324532876814508,-0.0766534417861484,3.93290757638944
PHO13,0.00395676943281802,0.00184098622303403,0.334636573415204,0.130060942346494,0.014153379093833,0
PET112,-0.0100529770242444,0.000900425546730963,0.566519266808277,0.107079933662755,0.00840861292287373,0
PDE2,-0.0187949130937015,0.000730329360942925,0.833953667983793,0.237476069558651,0.00307536632473774,0
PCL8,-0.0253392143165891,0.00297275109058515,0.22086542471753,0.165509692965141,0.0179582938140829,0
PCL6,0.00198627684635049,-0.000452696053192784,0.848898139755983,0.161963808924019,-0.00279503358137728,0
PBS2,-0.0069019237672179,0.00371015703029,0.136184933782815,0.169696754579957,0.0218582294640417,0
PBP1,-0.010587059390892,0.000912738229762352,0.650372213609439,0.137268609156647,0.00664913892979496,0
PAT1,0.0139491749517019,-0.00456100914140552,0.294126003658758,0.296330141780845,-0.0153898248487673,0
PAP2,0.0114351952877778,-0.00266501349642254,0.436122106603463,0.233262822216096,-0.0114241933500245,0
OPI1,0.0680806926929436,-0.0191196318496559,0.000677974240028392,0.383271426866758,-0.0498234012573092,0.324309631310642
OCA6,0.00383338407592774,-0.00197283721032976,0.353276249664069,0.144866390258074,-0.0136170597772185,0
OCA4,0.00953127330465925,-0.00101650676687684,0.626790921159046,0.142498194670051,-0.00713328970255926,0
OCA5,0.00901429948649515,-0.00085433492550414,0.667678109483111,0.135640277221651,-0.00629840927134163,0
OCA2,0.00283594079344784,0.000865331514851349,0.684177879692733,0.14500871441678,0.00596733866197599,0
OCA1,-0.000662326786475154,-7.39534207823062e-05,0.973961592980092,0.154443542891913,-0.000478837838858903,0
NUP60,0.0345815946269623,-0.00672311905332456,0.0333424499323696,0.215312649359122,-0.0312097034863817,0
NUP170,0.0141884003588981,0.0016985165801905,0.643056461723241,0.249829644217078,0.00679854199126122,0
NUP188,-0.00169174964232613,-0.000348082199578101,0.853774752887453,0.128738534615938,-0.00270378195850778,0
NUP120,0.0236873053233326,-0.00161967974761633,0.598026737198127,0.209400176297412,-0.00773462242180614,0
NTH2,-0.0150709785752395,0.00405567939740202,0.159838490817671,0.196659101038319,0.0206185078815285,0
NPR2,0.0134203608763697,-0.00316321659627246,0.04926282716527,0.109635094093751,-0.0288402252258493,0
NRP1,0.003369352893003,0.00103223715928836,0.53386361725691,0.113099307777801,0.0091264410911339,0
NOP6,0.0077997493541351,0.00259894943474501,0.216374249973007,0.143293640511413,0.0181342455739925,0
NPT1,0.0196225670874826,-0.00105749463598753,0.722756191171913,0.203180479325406,-0.00520463538905329,0
NMD2,0.0987474253163225,-0.00887522089463439,0.116478225469003,0.385354067194919,-0.0230252349413494,0
NPL3,0.0630231969259862,-0.0277637766673469,5.77321819034845e-05,0.470146147941152,-0.0589508018000606,1.39410485291996
NOP12,0.0133421587742478,-0.0022504533105479,0.380274397709532,0.174832394277946,-0.0128709951278898,0
NKP2,-0.0145505167798826,-0.000179836261639793,0.941460172877847,0.166931595555007,-0.00107730448920843,0
NEW1,0.0128994048841493,-0.00274014947668072,0.283127821311501,0.174012848834565,-0.0157448707445602,0
NBP2,0.0289985947430156,-0.00955085252306598,0.00391891146237786,0.225591440578161,-0.0422990536927152,0
NAM7,0.105004662776927,-0.010401768375725,0.0629771948513531,0.381265615305592,-0.0272720617892272,0
MUD2,-0.00813777965427963,0.00244131845554005,0.192805866234507,0.127770013582782,0.0191036446486002,0
NCE102,-0.0131508133412205,0.00179222285048014,0.424525528806993,0.15297262501374,0.0117151670709807,0
MUM2,-0.00574772658636218,0.00184229126098394,0.405531867941702,0.150971667593588,0.0122019855599068,0
MUS81,0.00509953082651224,-0.00176902306768103,0.234617996918401,0.101448847959654,-0.0174349360457072,0
MSG5,0.00384933979820026,-0.00346341541976174,0.0964863483757073,0.142016086131155,-0.0243802377671353,0
MSN5,0.00962521916038354,-0.0113829631856396,0.00534919558320735,0.27846974690167,-0.0408427314839285,0
MSH2,0.0057969297334588,-0.00821234042596528,0.0055642270460787,0.201833036491578,-0.0406551420775413,0
MSH1,0.00519106042712302,-0.0050433436573395,0.053475677267005,0.177991272685538,-0.0283234130000642,0
MRT4,0.0146913058672687,-0.00332824314529783,0.237268663679,0.191949155454234,-0.0173365854938029,0
MSC1,0.00682716397774033,-0.00714657608158424,0.00156148974683989,0.153931368108229,-0.0463770736698184,0
MRN1,-0.0271170548159118,0.00644222273992895,0.0444814268772121,0.218479558487401,0.0294738051485484,0
MRC1,0.0210174493214678,-0.00272114676715954,0.212880939198439,0.148891970110687,-0.0182729292374412,0
MMS4,0.00804936001163153,-0.0043693207481528,0.000213858579891362,0.0803921200282906,-0.0542700163211297,0.82539614565061
MRE11,0.0246558856012513,-0.00517654965890169,0.066329990858328,0.192135511056701,-0.0269324076162109,0
MMS22,0.0642013665122242,-0.0156821465961454,0.000348290258230252,0.298687622982097,-0.0524312865146508,0.613581496956614
MMS1,0.00696239124788106,-0.00442450922763346,0.0613440949097939,0.161165038172942,-0.0274429422265588,0
MKS1,0.00587896672331476,0.00169515268570898,0.575491211060516,0.206343040671458,0.00821493896934957,0
MET18,0.0125122528262512,-0.0090074506588331,0.00132610032988898,0.191153545413155,-0.0470693180703232,0.032946441159318
MFT1,0.00345398063010755,-0.00116160196689297,0.647445988956013,0.173141727838923,-0.00670881502853654,0
MET13,-0.00346309588222973,0.00396017258160731,0.010753586639642,0.105799034640762,0.0374048897097273,0
MGA2,0.0681777273480328,-0.021779043047669,2.2477037360121e-06,0.313500676138927,-0.0693034488445019,2.80378375681206
MEI5,-0.0217819603839431,0.00099675071969012,0.664826425967705,0.156818495273141,0.00635595045297441,0
SRB8,0.0596501901033445,-0.0216144869745817,0.000675802603362139,0.433171206482208,-0.0498362507339564,0.325702963800298
SSN2,0.0823745136773544,-0.0143326655409468,0.0200079598607395,0.41987179494789,-0.0341159430274228,0
MDS3,-0.025466850384385,0.000774132946396732,0.847316963840479,0.27406283033237,0.00282464374026363,0
MCM21,0.00935072323151128,-0.0036608154964031,0.0183776205232141,0.105799033761832,-0.0345809015359013,0
MAK31,0.000390608169372302,-0.000370666313867076,0.809281250617591,0.104686664944191,-0.0035406991962047,0
MCK1,-0.0173587203829015,0.00559243588125155,0.128147426498385,0.25052597040097,0.0223172193260335,0
LTV1,-0.00879517134640008,0.0069306153120193,0.0454297406259961,0.236085518362995,0.0293437348371437,0
LOC1,-0.0305249381787561,0.00487292966200672,0.209520539931853,0.264674693129402,0.0184078951291989,0
LSM7,0.00291043350385675,4.19948010888018e-06,0.99891638777876,0.210777638271584,1.99237459081511e-05,0
LSM6,0.0206441086418466,-0.00785833252773097,0.0410965984735115,0.262193736660976,-0.0299580206463517,0
LOS1,-1.09296799924704e-05,-0.000722840287520488,0.661980236685087,0.112704116998033,-0.00641347841083709,0
LSM1,0.0145136436228584,-0.00157422266555932,0.656201526918712,0.241048732846795,-0.00653058440700667,0
LEA1,1.29165463105954e-05,-0.00501126834287135,0.0768124456392235,0.193014441623801,-0.0259544319050875,0
KSP1,-0.00823896299625553,-0.00159681487540625,0.473966841954233,0.152008707292989,-0.0105041797071876,0
LEM3,-0.00407041913240784,-0.00132910586548599,0.549139347997348,0.151234500813638,-0.00878803800838816,0
GPB1,-0.0169543093673753,0.00591686638461798,0.0607897642724145,0.215063309809407,0.0275018010205187,0
KIN3,0.0159827420009198,-0.00755139068982386,0.00492377871909128,0.182975574779785,-0.0412348375360619,0
KIN82,0.00082627386900753,0.00524741449322692,0.000672563868874912,0.105121612213836,0.0498554856502138,0.327789291590495
GPB2,-0.0223140988732196,0.0057804809357311,0.0482914943043991,0.199486699905292,0.0289646160140129,0
LRP1,0.0061351202792992,0.000797701001013427,0.815324367571131,0.232808085292013,0.0034264115757667,0
KAP123,-0.0197890583302593,0.00626134156388518,0.0262436577698024,0.191980071626421,0.0325972068098068,0
KAP122,0.013281122623983,-0.00331636210022455,0.184961645547341,0.170514335592498,-0.0194454913492896,0
XRN1,0.125410230209968,-0.0400001514977731,1.60728864623455e-05,0.6314882469726,-0.0632159762003356,1.9494289473603
YVH1,-0.0030030665348716,0.00149083589572033,0.763019159192696,0.337036356655858,0.00442332490696351,0
ZWF1,0.0335969433620203,-0.00582210789778808,0.0491619277631781,0.201700821270761,-0.0288530503170533,0
YPT7,0.0121039083473508,-0.00489606587494184,0.0147771364795213,0.136859232382041,-0.0357515950585773,0
YTA7,0.0573132095667703,-0.0118808801838917,0.0128150915391188,0.325285833836948,-0.036500093515557,0
YPT6,0.0829937984612195,-0.025713085585075,4.00399603122768e-06,0.379671984645946,-0.0675696938962999,2.55302918592076
YPR153W,-0.00793053516586512,0.000304368480607117,0.879031057779624,0.13631831141954,0.0022327720961106,0
YPK1,0.062259629932215,-0.0247490175139179,8.0790732091924e-07,0.341508453031215,-0.072280152941926,3.24816128070982
SWM2,-0.0109306781800742,0.000763346225976659,0.716772885540466,0.143431313560789,0.0053219579234969,0
RRG9,0.062985808168111,-0.0158188414332609,0.00340591180641712,0.368036210295866,-0.0429421048704415,0
HER2,-0.00457175649238804,-0.00183976335695869,0.175461218506866,0.0925521833857957,-0.0198741932998659,0
YLH47,-0.0201970076483749,0.00751207941567357,0.000476298114515454,0.146469374742049,0.0512203925199167,0.477643961947336
YKR023W,-0.0329492613397959,0.00510641193655286,0.121818131265482,0.224946914886947,0.0226946732993487,0
YIL001W,0.00717403885259582,0.00139671197766035,0.299352293514853,0.0917320744154258,0.0152242289757493,0
YHR033W,-0.00623381375977737,0.00118305133559616,0.522273331414316,0.126032389762918,0.00938646977830481,0
YGR122W,-0.00187171520477372,-0.00154061967876422,0.541771731279749,0.17211672546132,-0.00895065811053748,0
VHR2,0.00714288679550377,-0.00487940753084531,0.00152640686723649,0.104879031149789,-0.0464738785699808,0
YCK3,0.00243387595199118,-0.00559629740426342,0.00785840113119472,0.143459177393407,-0.0389800378141092,0
YBR285W,-0.0301497814390617,0.00307938401608103,0.318888754157453,0.210581371206208,0.0146216866400196,0
YBP2,0.00715591480453275,-0.00111847915992344,0.540088104327929,0.124436721314043,-0.00898797372490856,0
VPS4,0.013036524121652,-0.00889764998087429,0.000580352808517829,0.176166421965496,-0.0504427731180332,0.391830733778686
VPS15,0.0987059709576987,-0.0356404097887664,6.75454912033097e-08,0.449392073705686,-0.079059807492887,4.32592645995439
VPS1,0.0312075576366996,-0.00497545625431533,0.115907997674055,0.215692422264052,-0.0230612322931857,0
VHR1,-0.00482300964397439,-0.00221290730188046,0.291090214725244,0.142871647186333,-0.0154869209704927,0
VAM3,0.00746240692780918,-0.00576624614462625,0.000387649758657339,0.110696829946344,-0.0520199081295923,0.567083306331402
URN1,-0.0131520135819699,-0.00048789205561223,0.857357927497544,0.185031230448691,-0.00263680005985518,0
UPF3,0.104251369781083,-0.0126703918212497,0.0376535910965567,0.415412828126986,-0.0304865460983579,0
VAC8,-0.0250992479232747,0.00534532122704386,0.119061404134421,0.233727823382703,0.0228638756632579,0
URA7,0.00605413850799289,0.000405342260755772,0.82366085657764,0.123991697053981,0.00326909062819393,0
UAF30,-0.0231532829604701,0.00396302411038841,0.29248481587641,0.256604841000324,0.0154422323069723,0
TSR2,-0.00318105910107183,0.00566414163815796,0.0411139648475915,0.189000648466096,0.029955451551407,0
TRM10,-0.0306970286968207,0.00395742608054277,0.261451568926528,0.240203524893291,0.0164730684047003,0
TUB3,0.0555740020680995,-0.0105989005323663,0.00907206122713431,0.276780976140999,-0.0382654117388608,0
TSL1,0.0466069375807572,-0.0253924128593171,3.48442604083438e-08,0.313326336067608,-0.0807766006630215,4.61339157347801
TRM1,-0.00402327698180082,0.00393927345088334,0.0203146291347667,0.115684297282648,0.0340322037402009,0
TPS2,-0.035965076626687,0.00879837097751597,0.0326319939489376,0.280633151486382,0.0313364618002339,0
TPK3,0.00485364004350978,0.00049552451254026,0.797391914229565,0.131571025637118,0.00376618633037889,0
TMA22,0.00553880726560293,-0.00020387484802513,0.927080062033169,0.15184981885204,-0.00134260722742051,0
TOP3,0.0397599083684187,-0.00976613705345072,0.00150963298589836,0.209702858439099,-0.0465208891227828,0
TMA23,0.0176031400356446,-0.00138250706640033,0.663070490523075,0.216301948657526,-0.00639143029788632,0
THR4,0.0345951941595797,-0.0125656470295484,0.000121727811107884,0.222728229604595,-0.0563273781641551,1.07013301158849
TLC1,0.130828669612134,-0.0295397281679296,7.17258200849781e-05,0.506707346552598,-0.0581986017472737,1.29984730175462
THP2,-0.00795613059987457,-2.22973349735866e-05,0.991940688139882,0.15047025011076,-0.000148184340175971,0
THR1,0.0330226758249705,-0.00873630191157206,0.0122164958932841,0.237570534233348,-0.0367486688250013,0
TIP41,-0.00165077810135492,0.00366904756733298,0.0451731526136855,0.124834105524623,0.0293787007793269,0
TIF2,-0.0157998273472055,0.00242118278439295,0.200333135224064,0.128865808720018,0.0187850879750198,0
TGS1,-0.0180994709987991,0.0012347516346565,0.670769904420425,0.197995737525473,0.00623613235573807,0
THP1,0.0701608236036631,-0.0183504112444819,0.00177089906237708,0.399913119419867,-0.0458377637229524,0
TCO89,0.0206086498810294,-0.00792488252773509,0.0438062256936566,0.267906459196143,-0.0295678484176721,0
SXM1,0.00198439982962495,0.00361114125211205,0.124685847735352,0.160299108131995,0.0225218052385878,0
SYC1,0.00816996929896644,0.000398102621364536,0.873179417882902,0.170006934004067,0.0023416781921628,0
SWI6,0.0531577144612067,-0.0151307168640091,0.000761619903671954,0.306192547437551,-0.0493554687266926,0.273784539164207
SUB1,-0.00314096511712131,-0.00328304859670707,0.0752452218045454,0.12577621254284,-0.0260934137033718,0
STE7,0.00188403011325188,-0.00888134096181686,0.0031445801091159,0.204898623204463,-0.0433043885746249,0
STM1,0.0110419129894005,-0.00522820821018822,0.0272482309895336,0.161366739297881,-0.0323825485187879,0
STE50,0.00121684225728307,-0.00333935719185067,0.0946563624658317,0.136175245171821,-0.0245151280922764,0
STE20,0.00388067620273177,-0.00372467603151774,0.0582819864859702,0.134055955632162,-0.0277737692615796,0
STE11,-0.00890442680722239,-0.00406876490583908,0.148163189956333,0.191775626154361,-0.0212115040841949,0
STE14,-0.00206355763261028,-0.000860494158100575,0.672268574764754,0.138652848891775,-0.00620598562648957,0
SSK2,-0.0117598696033612,0.00346454022046909,0.129687456861091,0.155828223113701,0.0222275797731936,0
SSK1,-0.00374027117341042,0.00225974664473554,0.21849224538637,0.12516677005931,0.0180509448280752,0
SSF1,0.0266587571708897,-0.00237988956787908,0.328319692840637,0.165950628596004,-0.0143394749290327,0
SRO9,0.0240196542097544,-0.00636126159926387,0.0528609864487,0.223924176633588,-0.0283966493182346,0
SPT4,-0.0143740238512042,-0.00111231943349841,0.772791490431934,0.262606512356728,-0.00423565069105218,0
SPT23,-0.0104119675328946,0.00143722154791337,0.424646283218383,0.122703982331976,0.0117121135173551,0
SPT21,0.0726412412442698,-0.0149037139377456,0.0032331475879513,0.344842186283267,-0.043178633149486,0
SNF4,-0.010416666926761,0.00191147099941034,0.420555945294701,0.161760732491334,0.0118158315147287,0
SNT309,0.0116753570747323,-0.00843169010944163,0.0333542004907534,0.270048836852658,-0.0312076264750407,0
SNF1,0.000791553696020216,0.00399543592969007,0.125269067928712,0.177632434097678,0.0224870285839659,0
SMI1,0.0173427360953114,-0.00505286703426105,0.0342861622589448,0.162681765251003,-0.0310448531589136,0
SLX9,0.00012334619647902,0.00276230531864257,0.244003152890985,0.161607838677292,0.0170901480656212,0
SKI3,-0.0135027200022536,0.000629746458304194,0.785448714900921,0.157687887127052,0.00399359423167507,0
SLT2,-0.00572488026190858,0.000748052894972505,0.641882803498107,0.109641210950035,0.00682257591170707,0
SKY1,0.00719423247486342,-0.00579931444041442,0.0350794812980499,0.18753428701884,-0.0309092464725251,0
SIW14,0.00359866476221118,-0.00228768392025378,0.308844952148286,0.15322757423517,-0.0149283117425142,0
SIT4,-0.00364282706058872,0.0036759158851058,0.449666368051425,0.331443755620659,0.0110899353857219,0
SIS2,0.0669556960140694,-0.0224600041039756,3.46964420965561e-06,0.329511832579773,-0.0680036605297735,2.61523788136703
SHR5,0.00907797881374963,-0.00281707709806189,0.212332410702719,0.153956164027234,-0.0182948544876785,0
SGS1,0.033814947050891,-0.00952699054067985,0.000912638486329727,0.195716002291717,-0.0486200581063796,0.195224045059625
SER2,0.0133659175255981,-0.0061856899909171,0.0015981821960509,0.133520675526741,-0.0462779463181137,0
SEH1,0.0196701880918419,-0.0093787445506766,0.0106623320628618,0.250268783055302,-0.0374484018102799,0
SET4,-0.0220848334917513,0.00393282962062998,0.162203668176141,0.191782511068898,0.0205024062517439,0
SAT4,-0.00800414546164294,0.00256966653438142,0.218653178004945,0.142382905598833,0.018044639110567,0
SAP190,-0.00560437761431058,-0.00123314610988858,0.627246745564683,0.173096470385836,-0.00712385882884934,0
SBP1,0.00917896818722653,-0.00515758695176642,0.042937026805078,0.173633758581205,-0.0296907305607208,0
SCS2,0.00623808886569196,-0.00201504071669204,0.325294179580916,0.139633450827139,-0.0144294287623794,0
SAP155,-0.00122866429651926,-0.00182038858260001,0.541707151447742,0.203339775194361,-0.00895208837784718,0
SCP160,-0.00988066698192473,0.00560410733512695,0.00381663915840079,0.131988352369124,0.042420884724837,0
SAM4,-0.0150045448366462,-0.000167313012229507,0.959710651818944,0.225765598912689,-0.000741091499722518,0
RTT103,-0.0208441795553071,-0.000445868832125924,0.884693263380772,0.209572744217873,-0.00212750863535372,0
SAM1,0.00573279834926756,-4.21006706721189e-05,0.985884426592422,0.162207473317583,-0.000259548271069019,0
SAC1,0.00939024773567565,-0.0053378957715207,0.0396502070398051,0.176815680409802,-0.0301752932753075,0
RTS1,0.0123055261493033,5.06558675049594e-05,0.986379321092551,0.202261364917599,0.000250447562919053,0
SAC3,0.0187082544444162,-0.0113034087324573,0.00899738844371234,0.294858925004457,-0.0383068353774175,0
RTR1,-0.0114733733421799,-0.000224777013451065,0.917662293990918,0.148211841665875,-0.00151659106604072,0
RTT107,0.0153186270470587,-0.00582243111194604,0.00410589701382148,0.138231395977969,-0.0420835870234211,0
KAP120,0.0477518065847774,-0.0101398445622211,0.0115867153263217,0.273698317639511,-0.0370221243603321,0
ACO1,0.0966994911350015,-0.0396693316271171,1.16583354354152e-08,0.473181878099037,-0.0835422043597217,5.08888627750368
AIM1,0.00676102102850354,-0.000793781453909969,0.511174203219234,0.0823534053724898,-0.0096382727560905,0
APN2,-0.000924937800092278,-0.00357802967413385,0.0156194515205657,0.100848631960204,-0.0354568997378929,0
ASK10,0.0074354743114956,-0.00336164210262739,0.174862335095948,0.168878082995058,-0.0199017908974944,0
APQ12,-0.0165736382365634,0.00647019695115792,0.0177214916575791,0.185928826310726,0.0347782694769075,0
ARG82,0.0266464945126479,-0.00875188559072953,0.138688088110158,0.402854301747869,-0.0217195671084356,0
ATG21,0.00682818200571975,-0.00350016060194825,0.0212841778280846,0.103574048547262,-0.0337745191292717,0
ATG23,-0.0125446754360321,0.00129923328890787,0.55298663398025,0.149270627844285,0.00870354802643878,0
ASC1,0.042126132073537,-0.0230346162520986,1.22157359520373e-06,0.32319403602589,-0.0710914544877713,3.06860318755144
ATG32,-0.00798150479456657,-0.000210066592393444,0.923270449546214,0.148670947202736,-0.0014129618910139,0
ARX1,0.0196270086369585,-0.00474533703535415,0.0595403927790948,0.17164228172358,-0.027636107522398,0
BCS1,0.00188715755440524,-0.00332338231815318,0.0774674037539143,0.128287574807623,-0.0258970341628862,0
BCY1,-0.0760775439298655,0.0133863902216654,0.062959168217984,0.490630117181907,0.0272739279120313,0
BIK1,-0.0027265086104629,-0.00144966370811141,0.335994991737077,0.102703313633203,-0.0141136567705442,0
RTC1,0.007568317061738,-0.00559941889416176,0.0329068712268922,0.178881080930804,-0.031287141154798,0
ASI2,-0.00847346194377004,0.00346437376555901,0.109345686004594,0.147468145967371,0.0234858732412809,0
ADD66,-0.00991883024860703,0.00161041493971279,0.531234536919228,0.175320310098247,0.00918517086894191,0
APC9,0.0121335120444652,-0.00224549860794989,0.241182324133343,0.13058775471001,-0.0171927813063258,0
ASE1,0.00356290546936764,-0.00114517917292286,0.492599276133128,0.113759329133779,-0.0100661735692419,0
BUL1,-0.00517567326804345,-0.0021718531876248,0.426909343751377,0.186332847614336,-0.0116549803199401,0
CDC26,0.0283301603032626,-0.00670790497893778,0.00861689690972891,0.173998933100846,-0.0385227985361226,0
BRE5,-0.0123654654563016,0.000237036907440359,0.955518483920577,0.289677125273471,0.000818279413187508,0
DMA1,0.00355571720612605,-0.00495929926760655,0.0427184804108024,0.166782697129515,-0.0297219577295303,0
ATG10,-0.013479535420174,0.00256968791195497,0.167391444984611,0.126858673951556,0.0202521498899422,0
BMH1,-0.00852113242689482,0.00405043481107466,0.20162406902448,0.216200473436346,0.01873133814397,0
CPR6,-0.00936338219230179,0.00438444581321854,0.0128700838027241,0.12011499388211,0.0364777757309072,0
BRO1,0.00117915152529295,-0.00872116931748715,0.0011233513501633,0.182382847383115,-0.0477633494421699,0.105007212630456
CDH1,0.0101637800266894,-0.00714013250403049,0.00344776333108206,0.166336052571021,-0.0428864526672055,0
CUE1,-0.00197698367719896,-0.0018494391135148,0.276560539639326,0.115855110083097,-0.015961346127947,0
DID4,0.0428252832244871,-0.0243135351479907,8.59193027363777e-08,0.309060479652736,-0.07842687072426,4.22143208032822
DOC1,0.0547480662098264,-0.0139584692565478,0.00225177434186892,0.31131038042723,-0.0447927856258056,0
DOA1,-0.0112208431268357,-0.00386648523234795,0.166957711993718,0.190683157535829,-0.0202728476937885,0
ECM30,0.00184553922484513,0.00281606803611584,0.197104061841874,0.148809038037459,0.018920651356627,0
DEF1,0.0226128993530927,-0.00615422227919939,0.306289388569264,0.41003363951495,-0.0150073765077644,0
ELC1,0.0144843815860235,-0.00592442450116283,0.000557586841806318,0.116930922163499,-0.0506011144574201,0.409210307726659
ELA1,0.0167727768408639,-0.00540355796135034,0.00593205776114644,0.133811738876566,-0.0403489082933554,0
ELP2,0.0107333918304929,0.000122735156943289,0.969454448613027,0.218483119057389,0.000561760277438173,0
ELP4,-0.0166373474378985,0.00471865042813845,0.182850375468539,0.241448968722922,0.0195393238236247,0
ELP6,-0.0267884701865931,0.00434976149771269,0.346965766048959,0.315248556232162,0.0137965659599302,0
EDE1,0.0174562332933833,-0.0103546374454753,2.16746689570065e-05,0.166036684349391,-0.0622426323240965,1.81957035115074
ESC2,0.0350986155740718,-0.00846905542000317,0.0201386530293211,0.248359917765933,-0.0340801199149431,0
GGA2,-0.000878036003758856,-0.00100652624720081,0.53913204158901,0.111717639480207,-0.00900918962710734,0
GRR1,0.130978059343861,-0.029324898050069,0.00127211180644832,0.620018442833317,-0.0472440031128004,0.050997540937489
HSE1,0.0510570211363662,-0.0241575029616863,4.1869024197761e-07,0.324970383000986,-0.0741330027219623,3.53362998494098
HSC82,0.00922165841632869,-0.00370394966614493,0.0950009631326492,0.151200654464819,-0.0244895685881152,0
IRC25,0.0154448754724131,-0.00317582588837016,0.22540093139083,0.178557609436326,-0.0177831888219791,0
ITT1,-0.0109862072896124,-0.00542794731085455,0.0109974470679723,0.145458372057853,-0.0372902018654435,0
KTI12,-0.00181220872981007,-0.000558915971750746,0.824342701412858,0.171643670210016,-0.00325624013945925,0
IKI1,0.00537607615637663,-0.00103491468374943,0.726347377998118,0.201563071010231,-0.00513437822387352,0
MUB1,0.00195120726489762,0.00233695513433884,0.249143013948849,0.138218593247189,0.0169052594079705,0
MDM30,0.0267106750222499,-0.00812019635934134,0.00191350192714601,0.178268735454598,-0.0455031299117989,0
MFB1,0.00691491672349257,-0.00443197395154961,0.0121792755917447,0.120468939191672,-0.0367644787186833,0
NCS2,0.000224462478798884,0.00244330552309091,0.403098328409628,0.199189249388196,0.0122653292801437,0
NCS6,0.0132983973744543,0.000996730070417121,0.741805833487065,0.206220332572218,0.00483326942529782,0
NFI1,0.0157698714048053,0.000145279535286735,0.946515583193351,0.147623151546125,0.000984123854649783,0
PBA1,0.00538594142319855,-0.000737101388206212,0.637643210759983,0.106676143591293,-0.00690954666990666,0
PEP3,0.00195565942788708,-0.00954514241327917,0.0151504975383552,0.267807463030832,-0.0356191918418358,0
PEX10,-0.00203773672278361,0.0017969488476923,0.397482922401811,0.144759590161628,0.0124123756846226,0
PEP5,0.00939794525336122,-0.0109939598693884,0.00355969395482972,0.256990291557267,-0.0427405781208709,0
PEX12,-0.00107238169533018,0.00386890249919369,0.00486569311331891,0.0936191438187628,0.0412907322274442,0
PEX2,-0.0119108736020647,0.00793489333410415,1.50736753447123e-05,0.124858551816845,0.0634231145358734,1.97730366700823
PEX22,-0.0029228144659273,0.00379613415736835,0.0223533592916014,0.11324725302667,0.0335019446809918,0
PEX4,-0.0106494278321217,0.00853762892494795,0.00228063286819099,0.190650194302998,0.0447368078946206,0
PEX5,0.00843970645928993,-0.00405522163054623,0.164442007728677,0.198805415356301,-0.0203937012784789,0
RAD23,-0.00167450137761247,-0.00237804913741383,0.201738679479137,0.12696564676993,-0.0187265783191963,0
POC4,-0.00438927544458809,0.00277886784552417,0.339342385480372,0.198241493455886,0.0140162123657163,0
PTH2,-0.00263813592275909,0.00173275461865042,0.317904287990359,0.118252299010612,0.0146514582978921,0
PRE9,0.0267872707419833,-0.00509146139406643,0.229329761104266,0.288692634512019,-0.0176335283657601,0
RAD18,0.0308053861440353,-0.00708598002606804,0.0232488614200346,0.212787824648311,-0.0332822348034378,0
RPN10,0.0145594578853312,-0.0105966925522193,0.000499258910247235,0.207360906374938,-0.051036057119411,0.457196999811878
RAD5,0.0066426288763322,-0.00362125862969995,0.176776884616947,0.18272848978345,-0.0198138108321257,0
RCY1,0.0794901366429056,-0.0213560835768461,0.000183176036505043,0.388822765490127,-0.0548423218718282,0.892654166572839
RAD26,0.0150862023488856,-0.002482202003544,0.233945500469687,0.142143283180465,-0.0174600133539087,0
ULS1,-0.00557676691261588,0.00393417370122188,0.041074629598409,0.131249684717192,0.0299612719299689,0
RPN13,0.0540865820941174,-0.0148041716872927,0.000597424781903563,0.293782281923213,-0.0503277837762444,0.379239590551422
SLX5,0.0900979858598215,-0.0324169792862047,2.96526703471515e-07,0.430499976655946,-0.0750881871578978,3.68345901475598
SAN1,-0.0053946045180523,0.00235811449342924,0.254126162684578,0.140943865930624,0.0167285358804446,0
SLA1,0.0309008525746681,-0.0134212191743925,1.70833498346021e-05,0.212548940616779,-0.0630186274353033,1.92294978974922
SEM1,0.00126845559896687,-0.00409844760792673,0.257353553344304,0.246632108583912,-0.0166153623007463,0
SLX8,0.0449090902042116,-0.0266516945704547,1.72416088580441e-08,0.321698401085059,-0.0825639772162352,4.9189450357604
SNF8,0.0110729500979113,-0.00966058329544961,0.0188238943975625,0.280255610564493,-0.03445015398851,0
SNF7,0.0187494873737425,-0.0105375702809087,0.0134560712388052,0.290540210286304,-0.0362450566514959,0
SWA2,0.0948138150148583,-0.0251442886575135,0.000209980113164598,0.462055500153584,-0.0543379324723613,0.833344658814922
SWM1,0.0240299092768379,-0.00564426713874794,0.015188360350718,0.15841992716309,-0.0356059256879668,0
SRN2,0.00192449185962444,-0.00164454822050636,0.403775934623134,0.134264317595014,-0.0122476686270031,0
STE5,-0.0143862474531703,-0.00356057491313333,0.234418785305413,0.204102735266606,-0.0174423593095294,0
SSM4,0.00300465308054319,-0.00139201547917999,0.437384336359803,0.122175926413939,-0.0113927938036292,0
TOM1,-0.013037491744926,0.00158997509198998,0.581782019031101,0.196772858179187,0.00807999235300192,0
UBA4,-0.0186092192270867,0.00777313129017368,0.0122935804620274,0.211566543674669,0.0367160611931579,0
UBC4,0.0224708631497354,-0.0148089010386776,2.12635691736963e-05,0.237220734104321,-0.0623053855557125,1.82788665991177
UBA3,0.0150062392045293,-0.00280580129403666,0.144586921943956,0.131080607868186,-0.0214002572787272,0
UBP1,-0.00208612664655539,1.63862311090374e-05,0.99043409305493,0.0931634471563932,0.000175886910110363,0
UBC6,0.0026785022624945,-0.00152833505325486,0.291839116996547,0.0988269863610024,-0.0154629052756295,0
UBP13,0.00390042368723918,-0.000670177551352881,0.75365228267728,0.145566004435864,-0.00460389396153674,0
UBP10,0.00616555446937341,-0.0165806040278491,7.47291652602586e-05,0.285117775386657,-0.0580554421860089,1.28203269312739
UBC8,-0.00826348658753517,0.00135733254759288,0.505209032711609,0.138854036354359,0.00977478032045218,0
UBP14,-0.000546293769551735,-0.00289120571888721,0.102408630003645,0.120647159239702,-0.0239572644188619,0
UBP15,0.00512455519051517,-0.000390016671674678,0.901586941463144,0.214994547040297,-0.00181407405581781,0
UBP3,0.00134466647101526,-0.00779127419488154,0.134460624488619,0.354790852109429,-0.0219548958412274,0
UBP16,-0.0167612381838083,0.00189255493135264,0.344655132808205,0.136507156517945,0.0138628121601129,0
UBP6,-0.00388855026577736,-0.00209176960683807,0.302670646887053,0.138327952522346,-0.0151200856225918,0
UFD2,0.0212533182806776,-0.00613800593360814,0.0099361197683675,0.162234997266766,-0.0378069943667965,0
UBR2,0.0119127905079251,0.00142248396486419,0.615521367668735,0.193072765758599,0.00736740551411694,0
UBX3,-0.00832259099878339,0.00118821925361458,0.50048663270724,0.120217242616195,0.00988345092738681,0
UBR1,-0.007075365144208,-0.00938368910161404,0.00133807391745425,0.199298593899543,-0.0470314667339013,0.0290427190020384
UBX2,0.0436892589295316,-0.0173699176390707,6.00044423927405e-06,0.261295193437451,-0.0663298262280118,2.3773394199501
UFD4,-0.0097347603886651,-0.00107429818858325,0.635163541468574,0.154337762306687,-0.00696052701497036,0
URE2,0.0078989649950497,-0.00660323373337782,0.0456513251550028,0.225164419802216,-0.0293136725530411,0
URM1,-0.0297095667938613,0.00625665589400109,0.152492762549596,0.298046482727783,0.0209875913389147,0
VAM6,0.00433664625720306,-0.00644093757883965,0.00205777920882165,0.142393685959351,-0.0451871049083668,0
VPS16,0.00910601760578489,-0.0143649386070354,0.00613180404467942,0.357139473192193,-0.0401897123627908,0
VPS24,0.00400576447276468,-0.0034437298292513,0.152858577297798,0.164194279030676,-0.020968895333505,0
VID28,-0.020861363726434,0.00272415878874394,0.30656925135321,0.181605935165136,0.0149986967904907,0
VPS8,0.0395650441812454,-0.0248781085630543,1.24108329197571e-08,0.297307617114324,-0.0833865784621905,5.06172189526842
VPS27,0.00949425456765842,-0.00373375239249831,0.176380628640497,0.18823241656141,-0.0198319616438033,0
VPS36,0.0110328033123065,-0.0117956006776009,0.00445486303070212,0.282593245246768,-0.0417042469933239,0
VPS3,0.0374993076635541,-0.0135312942317771,0.00166650049586139,0.293215856625177,-0.0460988332881369,0
VPS41,0.0247657446112119,-0.0189357705362495,3.69870752096972e-08,0.234102816258478,-0.0806232416827115,4.58747283385565
VPS9,0.0262380916003591,-0.0109176969234961,0.000229070299410827,0.201830795431798,-0.0540143480306544,0.795554040774923
VPS28,0.00900733408353386,-0.00704463349989567,0.04764618642541,0.242411127329434,-0.0290484219154849,0
WSS1,0.0180562652436897,-0.00322243579081609,0.173068204346354,0.161211389023262,-0.0199848920862774,0
YDR306C,0.00577464446132328,-0.00374377736709242,0.0450113203508653,0.127280679894072,-0.029400840270457,0
YLR352W,0.0144809005063029,-0.00545640007211384,0.00596487708608057,0.135209197481641,-0.0403224232868291,0
ETP1,-0.0056418616709802,-0.00434220785672083,0.0214007502277232,0.128606730617293,-0.0337442290487349,0
ARP8,-0.0028157670492871,-0.0039360005743755,0.330032671646006,0.27543274159004,-0.014288783264655,0
YKU70,0.00525301100775414,0.00248485364558896,0.173829699220586,0.124532134358104,0.0199495426853144,0
YKU80,0.00599460274196042,-0.000896206627437052,0.612216775791203,0.120512696363689,-0.00743641022011828,0
UBP8,0.00800458596512603,-0.00693913072194981,0.00141776439601404,0.148150090827185,-0.0467872242922847,0.00391875843719827
YAF9,-0.0032786447304487,0.00169666202739486,0.560544288115115,0.19870216761582,0.00853840800808336,0
VPS72,-0.0124909510703622,0.00530376083138603,0.0199087920104961,0.155247865379356,0.0341432615173105,0
VPS71,-0.0040018431339858,0.00136566195276377,0.565171104446069,0.161843920960092,0.00843784139784769,0
UME1,0.0019950471244424,-0.00272452143294069,0.181519246450904,0.138987315027865,-0.0195988973162155,0
TUP1,0.199470073179732,-0.0527111445179324,4.03444587399741e-07,0.708086582943618,-0.0742362572340182,3.54973893089417
SWR1,-0.0160395136608398,0.00597252385036424,0.0332183492144408,0.191139597190952,0.0312316776572213,0
SWI3,0.004020025261393,-0.00173958327692877,0.733542311337233,0.348332420527559,-0.00499396978836079,0
SWC3,-0.014292478772356,0.00605546109376924,0.00193532721540675,0.133084200434986,0.045453948419956,0
SPT8,-0.0249650009686505,0.00679328354911076,0.0713316755823455,0.256734514298679,0.0264510856971057,0
SUS1,0.0262127028981736,-0.0118683027244894,0.00027340938116358,0.222140359119549,-0.0533509543962337,0.718709412348486
SPT3,-0.0233236273311207,0.00398519729576167,0.384542770988415,0.312390113768196,0.0127560792616557,0
SPT7,-0.0629589237785371,0.00191428358826548,0.769733811741983,0.445769397248449,0.00429429644422774,0
CYC8,0.271858135194034,-0.0571188008887864,1.16147571598337e-05,0.887060263330984,-0.0642580405896219,2.09051269020818
SWC5,-0.00987053265797118,0.00438100429123617,0.074957397424978,0.167673994965519,0.0261191942712998,0
SIR2,-0.0192494701359217,-0.0021033496137437,0.58972081427137,0.265879601607066,-0.00791066252425313,0
SPT20,-0.0242265305629744,-0.000512738128420198,0.941655573347368,0.477541980704554,-0.00107370211119887,0
SIR4,-0.0194318096215519,-0.00499420516028879,0.216220178603276,0.275264226524632,-0.0181403280419871,0
SNF2,-0.0233374953791844,0.00469016463171157,0.365773194016498,0.353477848086287,0.0132674560652223,0
SNF11,-0.0146618685608489,0.00720547918456851,0.000516887245813424,0.14137848259235,0.0508998190657602,0.442127008165538
SNF12,-0.001882746314601,0.00340745241593281,0.521712288267698,0.362512428106144,0.00939913127112758,0
SNF5,0.00320265003305398,-0.00680953710817294,0.169133619953874,0.337548282693978,-0.0201694164605,0
SIR3,-0.0121383418590411,-0.00590339108011755,0.145488709156707,0.276412262065426,-0.0213523276426531,0
SNF6,0.0302096646982533,-0.00597290171492671,0.209061023761096,0.324092831897842,-0.018426472407981,0
SIR1,0.00214200688381028,0.000322839678210768,0.844442904826822,0.11215526067444,0.00287849485423157,0
SIF2,-0.00797718854304502,0.00761603798544926,0.00351988274362633,0.177815143498958,0.0427919780831149,0
SIN3,0.0299543273326372,-0.0114149641108713,0.0316700445484814,0.362062937423254,-0.0315119113034926,0
SGF29,0.0171449648339987,-0.0100665229955326,0.00231502389393533,0.225123407694875,-0.044670939577556,0
SGF73,-0.00385405654059025,-0.00272762458295265,0.516898216922797,0.286861904361079,-0.00950806379515731,0
SET3,-0.00884500910690124,0.00619470752969156,0.00989964946661057,0.163652987911963,0.0378256113758068,0
SET2,0.0350838087762789,-0.00103217102309618,0.770952853818144,0.241672681670453,-0.00427090725432578,0
SAS4,0.00187193294522908,-0.000654607647937172,0.812007056301819,0.187612692049923,-0.00348912249050848,0
SDS3,0.0299107123682004,-0.00495286240299182,0.317961281708949,0.33804922372379,-0.0146497330815679,0
SAS5,-0.01243032647594,-0.00033239208098934,0.849226872855158,0.119184373253275,-0.00278887893829261,0
SAS2,-0.0116471117502863,0.00158946106447939,0.534203489859719,0.174297561525233,0.00911885952100078,0
RTT106,0.0227959152087838,-0.00809706536039278,0.00632019292103779,0.202043084947476,-0.0400437902392584,0
RXT3,0.0106002957296707,-0.00660471285452747,0.0135722320424845,0.182331091336137,-0.0361999911788942,0
RTT109,0.0728388624936031,-0.0160331754249588,0.0031654602614887,0.370152705069104,-0.0432744531670094,0
SAP30,0.0199192466350205,-0.00505878930778646,0.257373825653415,0.304435521990313,-0.016614654542817,0
RXT2,0.0130298278233798,-0.00511181946617955,0.206389276151566,0.275744288820276,-0.0185350758570175,0
RTG2,0.00714905361806841,0.000779269546786712,0.785499136797583,0.195175338156811,0.00399263217837708,0
RTF1,0.0073278598776468,-0.00857933612948565,0.0634165327486375,0.314990439227644,-0.0272267172781889,0
RCO1,0.0152061531942379,0.00164758949009154,0.518248992542371,0.173835389856176,0.00947744584642998,0
RSC2,0.0574277096740797,-0.0224744119747832,4.76696701802094e-05,0.376370310619336,-0.0596073855105368,1.47728067713975
RSC1,0.0201590163037391,-0.00885474591550375,0.0180931174852884,0.255278875202433,-0.0346657116998942,0
RPD3,0.0375772608523528,-0.0123290561330051,0.0348228712776816,0.398126830261633,-0.0309528212809816,0
RFM1,0.0497051359642901,-0.00568972991286021,0.213295964422264,0.311605345704282,-0.0182563673349862,0
NOT3,0.0223553034324624,-0.00513947307562714,0.0607515777226017,0.186779336174697,-0.0275058720076147,0
MSI1,0.00948431953845945,-0.00250414355127007,0.422557394943062,0.212832011331415,-0.0117650076395317,0
PHO23,0.0168520030962981,-0.00207667617955244,0.613237858551132,0.280053836332381,-0.00741507102609675,0
RAD6,0.021535298061903,-0.00947579043312077,0.0917950735696433,0.383048224480176,-0.0247302865516065,0
NGG1,0.0170629941663523,-0.00750215475931865,0.162533898282663,0.366126685428535,-0.0204862978006454,0
PAF1,-0.00677578414877781,-0.00458286344386696,0.499789735265374,0.462914623689724,-0.00989953361113327,0
NPL6,0.0571886994351448,-0.0158987017526552,0.0058452421262101,0.393019855984274,-0.0404196098259816,0
SOH1,-0.0146828553754078,-0.00114576510213301,0.745906208290943,0.241020927954573,-0.00475374551798534,0
NUT1,0.0251643467981081,-0.00345589972534602,0.230567330623503,0.196475328039529,-0.0175867640660069,0
CSE2,0.0391864886002411,-0.0178855320129999,8.02290461285321e-05,0.308884284961886,-0.0578068372417717,1.25119119550163
PGD1,-0.00941979000049563,-0.00416847811743409,0.384935202701715,0.327026959082527,-0.0127455532490631,0
SRB5,-0.0139250732151415,-0.00307683046135458,0.47402528760411,0.292937437596394,-0.0105027912493936,0
MED2,-0.000817916323192076,-0.00761296869207037,0.173244624464039,0.381016508450536,-0.0199766921503605,0
SRB2,-0.0311889819764475,-0.00392821367318295,0.41802279830198,0.330624331043517,-0.011880361106852,0
GAL11,0.0253446977365559,-0.0173011249016259,0.0096746111581655,0.455662124731465,-0.0379418570524325,0
SIN4,0.0199434779364029,-0.00569772274556307,0.227593097474034,0.321864710721582,-0.0176994557682016,0
MED1,0.0299792045952992,-0.0069809141821354,0.0881817006760149,0.279039428757472,-0.0250098368496793,0
LGE1,-0.00364110817627058,-0.00301186869709876,0.453963897293023,0.27416166645326,-0.0109850768220044,0
JHD2,-0.00301512716678339,-0.000583140793192762,0.740390707967682,0.119967944054521,-0.00486074766765874,0
LEO1,-0.00733617003811034,0.000517925233879247,0.848091905987702,0.184305760748536,0.00281013022483659,0
LDB7,-0.0251385128252813,0.00340122572167564,0.216536819804271,0.187593696515974,0.0181278309798311,0
ITC1,0.00066970449892962,-0.00280931871400526,0.332367840845033,0.197541771173587,-0.0142199528278017,0
HST1,0.0338515352069158,-0.00204684511972789,0.638905958378414,0.297343167393808,-0.00688361748159472,0
IOC4,-0.0017881528356675,-0.00502805165997029,0.0145062493887417,0.140164225154769,-0.0358495159541209,0
ISW1,0.0351465379890099,-0.00862539900788707,0.00455914845838068,0.207181243054597,-0.041596110056771,0
HTZ1,-0.017850863079145,0.00384700013981979,0.2391531718923,0.222759993960384,0.0172671336967737,0
IOC2,0.0124714186009578,-0.00625135335226354,0.00264630813486509,0.141685001953902,-0.0440786065047201,0
HTL1,-0.00459530112832825,-0.00317295335380263,0.421674498138472,0.269162852338266,-0.011787410070509,0
IES5,0.0161078561569099,-0.00383740695895835,0.0883936250912895,0.153490145985526,-0.0249931890464075,0
HOS4,-0.0107292434481865,0.00426526229872979,0.0106884237763553,0.113855133669602,0.0374359270456841,0
IES3,0.0238994788214932,-0.00546572201309219,0.0875144795047198,0.218015497729103,-0.0250624621485798,0
IOC3,0.0070744075727378,-0.00291423768089015,0.158184202838824,0.140750947396432,-0.0207004874753772,0
IES2,0.0342981590973328,-0.0140201109046244,0.000623226644686162,0.279157797447673,-0.0501596683993713,0.360876811886331
HOS2,-0.0184923328656714,0.00460429484774096,0.0228024085892239,0.13781408718803,0.0333908343590362,0
IES6,0.0265713964037845,-0.0114402636681597,0.0594489731538582,0.413654053098548,-0.0276460265145164,0
IES1,-0.000384401578423533,-0.00201365545562681,0.275808586154472,0.125944791611893,-0.0159863548540351,0
HPC2,0.00396940529588363,-0.00464987347330411,0.0175509003324197,0.133418540146721,-0.0348306319491008,0
HIR1,0.000858337150670683,-0.00137320231010162,0.450024293546383,0.123914414713753,-0.0110811805161701,0
HIR2,0.00923836203186579,-0.00213462091993005,0.152460914091357,0.101678413980524,-0.020989220659068,0
HDA2,0.020415140949462,-0.00879756340882563,0.000737146871487332,0.177556610186971,-0.0494872268786259,0.287968797559901
HDA1,0.0237245568411698,-0.0068326417496977,0.011248116822625,0.183671408443071,-0.0371746423513266,0
HDA3,0.0283322120794053,-0.00835909207922813,0.00252353553887374,0.188551203104967,-0.0442897705638107,0
ESC8,-0.00302624665827618,0.00426270312558847,0.00641430722556121,0.10655606037446,0.0399723516370248,0
GCN5,-0.00736226790900623,-0.00665726531518824,0.210742659211328,0.362562084493566,-0.0183586304946201,0
DPB4,0.00264695574282598,0.000871569462170624,0.690842297747721,0.149379946703136,0.00583448211525523,0
CHD1,0.00387985453642241,-0.000338676389227086,0.892985687750874,0.171607909295281,-0.00197354382479279,0
BUR2,0.0124663034808372,-0.00913989912351896,0.133635445405128,0.415321165465331,-0.0220014953709978,0
CDC73,-0.0154730890636296,-0.00325465461121366,0.542544987842568,0.364304075647056,-0.00893353918400478,0
EAF6,0.0131970323016666,-0.00417524645802021,0.0332352633195832,0.133633897932735,-0.0312286785942604,0
DEP1,0.0315037344696707,-0.00640285124501799,0.198457959458173,0.339368234866269,-0.0188636156937427,0
CAF130,0.0151081828563952,-0.00316634238022527,0.146446318135713,0.14860912396533,-0.021301679412667,0
EAF1,0.0166739421257399,-0.00144712649028189,0.742490386147823,0.300231271152722,-0.00481998319040743,0
CTR9,-0.00616549399737677,-0.00806386735264961,0.254495119290064,0.482349784824141,-0.0167155474449031,0
EAF5,0.00950799470645726,-0.000434198253211241,0.864868984509412,0.173917450625563,-0.00249656890955864,0
EAF7,0.0218674431010348,-0.00955649872377455,0.004394813188061,0.228602279016431,-0.0417675594988145,0
CTI6,-0.0325583096520044,0.00663700150684047,0.0480999516404881,0.228849638916301,0.0289893929226164,0
CAC2,0.00326697470187029,-0.00237038478307138,0.55000204081934,0.270301685232762,-0.00876906720756986,0
CCR4,0.0798379486749094,-0.0155360151505459,0.0186163754656685,0.449912662113493,-0.0345106109307638,0
DLS1,0.000328496661103461,-0.00349537135191817,0.0835278276539772,0.137656338745217,-0.025383829764748,0
EAF3,0.00650676063466899,0.00165325752679862,0.48258550576763,0.160495161324515,0.0103004340217653,0
RLF2,0.0221909813371642,-0.00577737281526724,0.0504113788125343,0.201248976182264,-0.0286957665809089,0
CAF40,0.0268177864930144,-0.00705282155423252,0.00621513457707548,0.175631121867522,-0.0401246755566358,0
BRE1,0.008624682116795,-0.00566283656000203,0.207450841601684,0.306182596571273,-0.018491803081744,0
ASF1,0.0441726052597077,-0.0108144810639888,0.00342151748468405,0.251728626472244,-0.0429212807789343,0
ARP6,-0.00723234895673068,0.00575997948888153,0.0149668382227674,0.16131369223268,0.0356839585085401,0
NRG1,0.00175821900673496,0.00254322157439,0.204917062865066,0.136742840666153,0.018595356196782,0
YLR278C,-0.00153381118919381,0.000455309359829978,0.802207592814539,0.123901281495284,0.00367475041519894,0
ZAP1,0.041382452572407,-0.0141833140013823,5.10223056041255e-05,0.238454902559784,-0.059375130495635,1.44776274456845
ENV11,0.00660659455774539,-0.00480388249526476,0.0714497085821778,0.181625985185009,-0.0264400661320202,0
YJL206C,-0.00653110581109207,-0.000315074177600775,0.882363259075475,0.145140880347235,-0.00217081110756015,0
HEL2,0.0184341917869379,-0.00272649997623916,0.170127189546524,0.135467528012943,-0.0201225190930177,0
YAP1,-0.00598564791076166,0.00511004361802517,0.00563300129369873,0.125770151328427,0.0405965243184823,0
URC2,0.00849067390018519,-0.00888410553271121,2.36514911256707e-05,0.143118633608949,-0.0619558611470242,1.781664297902
TEC1,0.000558327879941489,-0.00278442585898089,0.0666206649324942,0.1034588161511,-0.026903632660944,0
SWI5,-0.000625143540038498,-0.00187370771815012,0.362986813993233,0.14039536797225,-0.0133447484819501,0
SWI4,0.0205805881053454,-0.00210631009869791,0.5218965597546,0.224185570871134,-0.00939497190300163,0
SUM1,0.0455911730943281,-0.00607493757071398,0.247337726783633,0.357931742379968,-0.0169698913696407,0
STP3,0.0143239252610624,-0.00759249529621379,0.000593471937191453,0.150590688058459,-0.0503541337886552,0.38212263644988
STP2,-0.0122411940791669,0.00260453139161287,0.172762894782885,0.130206399423319,0.0199990975235128,0
STP1,0.0504385165090878,-0.016033749549473,0.00243264477775097,0.360339559766555,-0.0444522393523017,0
STE12,-0.0104877182770831,-0.000333172588823517,0.895663202187813,0.173177303966487,-0.00192387780964991,0
STB5,0.0677012953157415,-0.021078972218233,3.68629691543701e-06,0.310089837983184,-0.067820470643003,2.58893251140094
STB4,0.000890629166530437,-0.0012747992517361,0.355724218487488,0.0940865718564721,-0.013547972129038,0
RPN4,-0.000979536515977846,-0.00425740825943609,0.0884654599381854,0.170327958072802,-0.0249875533318928,0
SKN7,-0.00419623424928263,-0.00179681353383698,0.475509456790407,0.171645958825055,-0.0104675641949243,0
SOK2,0.0248812150219718,-0.00769813713615374,0.0104953207226072,0.204981066216366,-0.0375289009321495,0
RTG3,-0.000547159983645511,0.00152997225053287,0.671187963074642,0.245666557527317,0.00622772019130698,0
SFL1,-0.0168069952101435,0.0012621799245584,0.644926831313123,0.186701045546427,0.00676027859866057,0
RPH1,0.0154674714183234,-0.00691712579738646,0.00155450606874705,0.148927700441141,-0.0463961831379662,0
SNT1,-0.0122214191144874,0.00372968825230465,0.174207482991261,0.187082993838426,0.019932048470555,0
RSC30,0.000256203030950736,-0.000160883855113049,0.958940987751164,0.213017422780763,-0.000755261269839721,0
RTG1,-0.0114472720175014,0.00562070965339921,0.0239924677383457,0.169689678322316,0.0331053062533927,0
SKO1,-0.00395611145782104,-0.00142496016757839,0.538546284523751,0.157932940757585,-0.00902219741905181,0
SPT2,-0.00125653458102087,0.00335855406932024,0.104460951853929,0.140985470383446,0.023815230729693,0
SFP1,0.031563005832361,-0.00714867463787521,0.288533622755557,0.459098671683583,-0.0155692198751391,0
ROX1,0.00727930924663391,0.00443175460500627,0.102007864248463,0.184716737582636,0.0239852636051205,0
RME1,-0.00208720935768682,0.00170049726773633,0.308788171799625,0.113884827480333,0.0149300637195297,0
RGT1,-0.0109877633633136,0.00459647301158489,0.0233958732640772,0.138176372755814,0.0332468702989855,0
RIM101,-0.00278954998038675,0.000283896179414856,0.916607081737117,0.18481624456799,0.00153609789625375,0
RFX1,-0.000670456209173156,0.00176998282211506,0.454219732023175,0.16120775725659,0.010978852236433,0
PPR1,0.000757738221359605,-0.00457658316048369,0.00158087614922577,0.0986880867761721,-0.0463244359629543,0
PEP7,0.0593549021988325,-0.0223553549526279,1.63929342969071e-06,0.317510680953724,-0.0702343265911974,2.94086612602882
MOT2,0.0564898198216668,-0.0121620999487126,0.144860588253576,0.56857270817194,-0.0213856878847611,0
PDR3,-0.00938811597555235,-0.000404125525114312,0.773715906413801,0.0958103989086181,-0.00421793390706924,0
MSN2,-0.0102289399536913,0.00322993200540244,0.15470892364811,0.154694708421759,0.0208748458521317,0
NHP10,0.0230225777386077,-0.00562770966628566,0.0311821712258813,0.177988215155996,-0.0316026467580518,0
MOT3,0.0201822907435649,-0.000910859317132883,0.750235237543369,0.195045274307886,-0.00466993823948659,0
MIG1,0.00304530530740675,-0.000427687401937683,0.846020999774412,0.150121960287923,-0.00284892140685408,0
MBP1,-0.00066186210261514,0.00361353990211323,0.0936953620977876,0.146926281974507,0.0245868028263709,0
MAC1,-0.00295770626570747,-0.00489217875485436,0.013075091149533,0.134328767483236,-0.0363953130572758,0
LEU3,-0.00925053110774876,0.00119262051635047,0.459858737900657,0.109992061390058,0.0108421498936182,0
HXK2,0.0456564987238103,-0.00591811064620425,0.163316612235519,0.289358901368526,-0.0204482157640678,0
HMO1,-0.0131779592781047,0.00575800128536111,0.0653845909027451,0.212970640576084,0.027026720387342,0
INO2,0.0743055220467051,-0.0203963145732861,0.000557712353075048,0.402571067652804,-0.0506002251245584,0.409112560230908
HAP1,-0.00333407063412325,-0.00542978573753565,0.00089644748525126,0.111377722627086,-0.0486932636647473,0.202997970995947
ISW2,-0.00465959251899699,0.000394508278902536,0.872395562572628,0.167428231516126,0.00235627635892743,0
HAP3,-0.0121980341214958,-0.00255623216946843,0.237704973746392,0.147562308526601,-0.0173204711490097,0
IXR1,0.00257440393887869,-0.00197384868609961,0.526269099554683,0.212312633301298,-0.00929649526174366,0
HAP2,-0.00909908895405208,-0.00648347312814417,0.00402027121804586,0.153568750364342,-0.0421811253509402,0
INO4,0.084537233361212,-0.0260275788191414,7.47768597701924e-05,0.44758389313849,-0.058053212922804,1.28175560110813
HAL9,0.00394362326359948,-0.00207648910205509,0.212511838539867,0.113526814872744,-0.0182876780758834,0
GZF3,-0.00493303020811208,-0.000472810940796519,0.759312573793761,0.105192007734478,-0.00449469665064364,0
HAP5,-0.00641750199676904,-0.00591452586760799,0.00165708708536121,0.128096994846748,-0.0461231070921726,0
GAT2,0.00403413404745988,0.00026527783834194,0.812180041656669,0.0761008554130188,0.00348585078552878,0
FZF1,-0.00136435305219144,0.000974214373621324,0.551390689131077,0.111480270642478,0.0087385612772296,0
FKH1,-0.00952129517217016,0.00170047700068761,0.434468904543248,0.148304071615429,0.0114653981518443,0
GIS1,-0.0167163654656186,0.00418469316129301,0.0368126802910344,0.136593005212254,0.030621851432912,0
GCN4,-0.0181224723705313,0.00755643690780737,0.00162051988328826,0.163318629577809,0.0462186201915965,0
GLN3,0.0364075147971241,-0.00529039039482484,0.163923038471897,0.259040005305879,-0.0204188052679147,0
CST6,0.140370222441457,-0.037942419513394,2.07429905404682e-06,0.544288758028225,-0.0695413290534677,2.83865145495945
CIN5,-0.0124968031993248,0.00291153065489508,0.0765830230113507,0.112053496212782,0.0259746318465046,0
DAL81,0.0234900839872081,-0.0100884099811177,0.000134058651808357,0.179932146185539,-0.055979937418975,1.02822797675692
ASH1,-0.00868232948611054,0.00377829843258721,0.0375119217687113,0.123783794892774,0.0305091598596901,0
CHA4,-0.0109764489734638,0.00130119959669284,0.42591012464797,0.111394713517819,0.0116801847536811,0
DAT1,0.0039425648502947,0.00191030984328582,0.333727241678577,0.134704800835902,0.0141800274803908,0
CBF1,0.0531117729619475,-0.0193371684114785,4.94109514094197e-05,0.324501322277114,-0.0594848924892262,1.46169960793052
ADA2,0.00804113432667242,-0.0110247644007767,0.0398376578892509,0.365536913121978,-0.0301467596403839,0
CUP9,0.00186558642227882,-0.000576965028496466,0.719393641313496,0.109468544346371,-0.00527052787889531,0
AFT1,-0.00882093416527061,0.00273319484102745,0.296831455814931,0.178574227795496,0.015303858725012,0
ACE2,0.00426615514396644,-0.0025032376849495,0.38845187885255,0.197844821280747,-0.0126515181215112,0
AZF1,-0.0100030490445107,0.00333630211162496,0.0787914764108081,0.12936032533283,0.025782194523318,0
ABF2,-0.00429023313422133,-0.00341949869231188,0.0505127873328507,0.119167258820579,-0.0286831449085015,0
BAS1,-0.00632656710785265,0.00658723241482314,0.00144818469812258,0.140908448728874,0.0466973156369622,0
ARG81,-0.00274842252763045,0.00128236112810777,0.431695362713283,0.111166517064689,0.0115347305110285,0
ARG80,-0.0142464746020846,0.00311392789261481,0.101501740982315,0.129597516665308,0.0240207488579807,0
RPS21A,-0.000400082685735863,0.00573613543137634,0.0347337793142433,0.185138906026944,0.0309680140516368,0
SRP40,-0.0159687922082985,0.00920126626857203,0.000768434676398866,0.186337508622778,0.0493194788988872,0.26991586964082
RCM1,-0.0138314144197918,0.0066873246646835,0.0233450399618627,0.200956420508468,0.0332590766604346,0
RPS0B,-0.0144884197848733,0.00946391916109406,0.00287547767055605,0.216322391440739,0.043707334997214,0
RPL16A,0.00536592663601549,0.00431528010897507,0.0776938034598182,0.166703538468079,0.0258772853758134,0
UBC7,-0.00536659193425339,-0.000688663298642095,0.670510423584234,0.110336605360057,-0.00624135465283045,0
YIL014C-A,-0.0055925366084973,0.00299588176021951,0.0479683076977047,0.103239766503013,0.0290064697548396,0
SAM3,0.00989199197179056,-0.00924458385675276,0.000194526184994844,0.168997607349532,-0.0546207926347761,0.866544754667924
UTP30,-0.0331606441543256,0.00525336724509684,0.0797905301100307,0.204370881595344,0.0256965790882494,0
YHR003C,-0.0300627727329624,0.000944653231900962,0.803663565529492,0.259010766622374,0.00364713390684778,0
SWT21,-0.0160121979150652,-0.000357648267093146,0.899322732029545,0.19269480509636,-0.00185603161896783,0
EST3,0.0337091953946069,-0.00727963612689877,0.0726712481353192,0.276413694026921,-0.0263268899850751,0
LSM12,-0.0133787075439058,0.0060128139670195,0.0124310139038497,0.163912693878645,0.0366583718928743,0
IKI3,-0.0109276000436098,0.00411691926241139,0.123754653531064,0.182298860485695,0.0225775949582803,0
TFB5,0.0286550450251684,-0.0118994062860936,0.000567744024514228,0.235192295581169,-0.0505297396786175,0.401370252272549
YPK3,-0.0103998473815022,-0.000860402173696304,0.673214754940331,0.139064235015838,-0.0061869660877736,0
SNX4,0.021008055075633,-0.00305409695630895,0.0842675020403336,0.120565640453469,-0.025323280659662,0
TIF4631,0.0030342104825313,-0.000994698718350445,0.706079899039676,0.179789623191806,-0.0055324855656791,0
YOR338W,-0.0017213951851241,-0.00437087721362133,0.0455048409005156,0.148942047104226,-0.029333532201744,0
YPL199C,-0.00371533485440955,-0.00599990260147182,0.0185378097416698,0.173637112060293,-0.0345336535572575,0
SET5,0.00125279832642891,-0.00248006593592435,0.200461648886559,0.132037527495331,-0.0187797258243285,0
RAD28,-0.00263920461534007,-0.00459688543879096,0.0196012327473472,0.134220264927359,-0.0342287491376492,0
SAE2,0.00177676347353925,-0.00525704734798537,0.0193667540356859,0.153200138877143,-0.0342947140793376,0
HEH2,-0.0119904456314218,0.00232948904746202,0.263354502223751,0.14195782259988,0.0164075175763276,0
TRX2,-0.0143215328313155,0.00204672671644127,0.320597224999111,0.140458931739056,0.0145701624676955,0
EUG1,-0.0149455730698795,0.00186693793621575,0.445510780929431,0.166801495514661,0.0111918721252259,0
TEL1,0.00421074414831706,-0.00233383761010272,0.138410209979544,0.107352235070001,-0.0217348645415511,0
PPZ1,-0.00117251210312067,0.00184077943978939,0.330924698930084,0.129051586078794,0.0142624531999324,0
FPK1,-0.00224044125930694,0.00299761109467964,0.106506207050291,0.126574880261645,0.0236758732838549,0
CMK1,0.00911803053575178,-0.00168926184683542,0.344512801052633,0.121807986741316,-0.0138669020752462,0
MIH1,-0.00856123667225595,0.00143864530691315,0.489225575173878,0.141803695156308,0.0101448080940249,0
MKK2,-0.0100000307370445,8.3611876588821e-05,0.961871473737028,0.119221762656422,0.000701313704511297,0
RIM11,-0.0151988879643476,0.00464940065282245,0.0284466897274491,0.144607694541447,0.0321352151723648,0
PPT1,-0.00193274159804991,-0.00160300764852074,0.413453971968164,0.133604051332869,-0.0119973328886861,0
SPO7,-0.000877193980029255,-0.00374562221289185,0.0378689451527267,0.12294256908674,-0.0304523087438792,0
BCK1,-0.0112714681171426,0.00154617494239824,0.481268985902822,0.149649449361568,0.0103314274036982,0
CHK1,-0.0177970556027877,0.00502307645521155,0.0481589228579893,0.173245764682533,0.028981755914023,0
KDX1,-0.00457249579049902,0.00114960334825815,0.469975251175766,0.108454937660126,0.0105992294672642,0
PTC4,-0.0107657357931878,0.000808937276578871,0.663786700682133,0.126850654920694,0.00637695429305699,0
RIM15,0.000988016227573244,0.00492540810780518,0.0171258379508744,0.140788457114054,0.0349630704006627,0
CMK2,0.00532941263457132,-0.00035308703731368,0.836447967098296,0.116587473164904,-0.00302850219237708,0
LCB5,-0.00928535570064572,-0.00409626175430352,0.0367805209737231,0.133683667747698,-0.030627078005178,0
CKA1,-0.0113197862697526,0.00400757378391137,0.0600866480411429,0.145267250621088,0.0275771008540967,0
PSR1,-0.0150688804118352,0.00147786937600239,0.496430186784188,0.148116822606776,0.0099772314231515,0
PPG1,-0.00020517322766358,-0.000186967992505871,0.915300492925104,0.119831506477614,-0.00156025548225487,0
USA1,-7.98080271933718e-05,-0.000922875714990392,0.552746637661229,0.105966338212401,-0.00870881010791615,0
